{"type":"FeatureCollection", "features": [
{"type":"Feature","geometry":{"type":"Polygon","coordinates":[[[-63.407,2.211],[-63.126,2.185],[-63.098,2.096],[-62.993,2.032],[-62.763,2.005],[-62.661,1.922],[-62.705,1.842],[-62.765,1.578],[-62.619,1.449],[-62.548,1.288],[-62.521,1.149],[-62.433,1.096],[-62.458,0.879],[-62.428,0.824],[-62.513,0.691],[-62.484,0.54],[-62.433,0.407],[-62.416,0.105],[-62.317,0.061],[-62.302,-0.047],[-62.194,-0.151],[-62.229,-0.229],[-62.179,-0.308],[-62.271,-0.466],[-62.26,-0.608],[-62.338,-0.689],[-62.474,-0.63],[-62.483,-0.734],[-62.385,-0.77],[-62.301,-0.907],[-62.092,-0.974],[-62.018,-1.088],[-61.923,-1.303],[-61.839,-1.366],[-61.756,-1.351],[-61.577,-1.421],[-61.589,-0.941],[-61.512,-0.692],[-61.309,-0.548],[-61.106,-0.46],[-60.939,-0.536],[-60.881,-0.622],[-60.793,-0.663],[-60.731,-0.779],[-60.638,-0.858],[-60.524,-0.802],[-60.488,-0.747],[-60.288,-0.681],[-60.286,-0.602],[-60.383,-0.58],[-60.396,-0.444],[-60.291,-0.314],[-60.283,-0.184],[-60.235,-0.136],[-60.217,-0.011],[-60.109,0.054],[-60.068,0.224],[-60.019,0.25],[-58.897,0.25],[-58.883,0.255],[-58.882,0.26],[-58.877,0.279],[-58.878,1.178],[-58.923,1.316],[-59.06,1.326],[-59.136,1.391],[-59.223,1.386],[-59.355,1.536],[-59.439,1.547],[-59.499,1.696],[-59.632,1.758],[-59.64,1.843],[-59.698,1.924],[-59.696,2.255],[-59.868,2.365],[-59.981,2.677],[-59.946,3.087],[-59.88,3.12],[-59.84,3.237],[-59.815,3.457],[-59.849,3.507],[-59.724,3.61],[-59.524,3.896],[-59.629,3.997],[-59.627,4.106],[-59.698,4.226],[-59.636,4.318],[-59.708,4.408],[-59.894,4.383],[-59.963,4.46],[-60.074,4.461],[-60.101,4.53],[-59.993,4.594],[-60.013,5.03],[-60.131,5.167],[-60.282,5.162],[-60.454,5.128],[-60.581,5.173],[-60.722,5.175],[-60.666,5.081],[-60.65,4.975],[-60.599,4.935],[-60.691,4.733],[-60.903,4.684],[-60.985,4.605],[-60.989,4.489],[-61.295,4.486],[-61.299,4.44],[-61.437,4.441],[-61.524,4.336],[-61.538,4.252],[-61.72,4.246],[-61.849,4.134],[-62.013,4.121],[-62.184,4.084],[-62.366,4.132],[-62.501,4.123],[-62.561,4.053],[-62.704,4.051],[-62.806,3.954],[-62.725,3.769],[-62.877,3.722],[-62.908,3.624],[-62.991,3.627],[-63.093,3.835],[-63.262,3.941],[-63.418,3.999],[-63.473,3.944],[-63.612,3.942],[-63.642,4.004],[-63.755,3.958],[-63.971,3.948],[-64.056,3.994],[-64.106,4.11],[-64.373,4.127],[-64.565,4.116],[-64.605,4.202],[-64.727,4.263],[-64.809,4.246],[-64.81,4.173],[-64.739,4.122],[-64.726,4.037],[-64.57,3.892],[-64.469,3.74],[-64.362,3.736],[-64.266,3.688],[-64.173,3.521],[-64.219,3.461],[-64.186,3.351],[-64.186,3.114],[-64.153,3.037],[-64.017,2.846],[-63.954,2.821],[-63.955,2.672],[-64.004,2.565],[-63.961,2.468],[-63.836,2.415],[-63.586,2.421],[-63.433,2.445],[-63.407,2.211]]]},"properties":{"name":"Roraima","iso3":"BRA","isoCode":"BR-RR","id":"BRA-roraima"}},
{"type":"Feature","geometry":{"type":"Polygon","coordinates":[[[-54.913,2.35],[-54.799,2.13],[-54.861,2.034],[-54.808,1.905],[-54.794,1.751],[-54.748,1.718],[-54.363,1.699],[-54.253,1.585],[-54.193,1.574],[-54.078,1.444],[-53.971,1.427],[-53.879,1.331],[-53.761,1.35],[-53.647,1.321],[-53.607,1.199],[-53.478,1.161],[-53.514,1.046],[-53.432,0.86],[-53.258,0.726],[-53.156,0.601],[-53.212,0.496],[-53.219,0.331],[-53.16,0.251],[-53.153,0.139],[-53.05,0.066],[-52.992,-0.182],[-52.843,-0.232],[-52.796,-0.312],[-52.725,-0.331],[-52.73,-0.512],[-52.704,-0.602],[-52.546,-0.65],[-52.53,-0.779],[-52.549,-0.896],[-52.465,-0.947],[-52.459,-1.09],[-52.347,-1.141],[-52.065,-1.202],[-51.856,-1.201],[-51.755,-1.11],[-51.73,-0.869],[-51.666,-0.794],[-51.566,-0.616],[-51.507,-0.59],[-51.408,-0.425],[-51.383,-0.323],[-51.292,-0.175],[-51.133,-0.142],[-50.987,-0.007],[-50.774,0.073],[-50.692,0.124],[-50.506,0.406],[-50.481,0.522],[-50.389,0.589],[-50.206,0.599],[-50.083,0.743],[-50.053,0.829],[-49.979,0.905],[-49.953,1.173],[-49.934,1.572],[-50.065,1.667],[-50.177,1.667],[-50.298,1.734],[-50.408,1.849],[-50.392,1.988],[-50.48,2.031],[-50.488,2.103],[-50.575,2.119],[-50.627,2.074],[-50.774,2.147],[-50.783,2.249],[-50.856,2.297],[-50.92,2.541],[-51.008,2.693],[-51.017,2.834],[-51.083,2.923],[-51.076,3.008],[-51.149,3.317],[-51.172,3.771],[-51.287,3.809],[-51.287,3.939],[-51.485,4.218],[-51.616,4.277],[-51.677,4.138],[-51.665,4.009],[-51.791,3.846],[-52.022,3.655],[-52.073,3.472],[-52.173,3.404],[-52.249,3.219],[-52.413,3.069],[-52.484,2.844],[-52.595,2.67],[-52.617,2.447],[-52.687,2.339],[-52.78,2.263],[-52.855,2.27],[-52.952,2.206],[-52.984,2.098],[-53.087,2.151],[-53.225,2.131],[-53.324,2.271],[-53.458,2.225],[-53.757,2.219],[-53.81,2.313],[-53.869,2.246],[-54,2.211],[-54.08,2.149],[-54.26,2.105],[-54.363,2.161],[-54.487,2.174],[-54.714,2.319],[-54.746,2.376],[-54.913,2.35]]]},"properties":{"name":"Amapa","iso3":"BRA","isoCode":"BR-AP","id":"BRA-amapa"}},
{"type":"Feature","geometry":{"type":"Polygon","coordinates":[[[-63.407,2.211],[-63.493,2.145],[-63.594,2.141],[-63.702,2.034],[-63.947,2.037],[-64.002,1.946],[-64.029,1.705],[-64.205,1.537],[-64.355,1.551],[-64.471,1.51],[-64.569,1.383],[-64.674,1.351],[-64.721,1.413],[-64.816,1.346],[-64.875,1.251],[-64.956,1.205],[-65.131,1.201],[-65.184,1],[-65.352,0.98],[-65.463,0.936],[-65.539,1.042],[-65.626,1.058],[-65.759,1.004],[-65.947,0.894],[-66.189,0.884],[-66.348,0.855],[-66.578,0.998],[-66.604,1.055],[-66.706,1.124],[-66.73,1.196],[-66.812,1.258],[-67.005,1.228],[-67.074,1.324],[-67.016,1.44],[-67.014,1.644],[-67.063,1.698],[-67.107,1.885],[-67.265,1.977],[-67.308,2.121],[-67.308,2.233],[-67.423,2.258],[-67.52,2.192],[-67.622,2.071],[-67.734,2.114],[-67.802,1.992],[-67.889,1.924],[-68.005,1.912],[-68.105,2.043],[-68.215,2],[-68.227,1.863],[-68.294,1.79],[-69.357,1.79],[-69.566,1.829],[-69.818,1.745],[-69.826,1.709],[-69.83,1.09],[-69.467,1.099],[-69.341,1.076],[-69.311,1.121],[-69.2,1.04],[-69.149,0.968],[-69.161,0.794],[-69.135,0.7],[-69.21,0.651],[-69.345,0.678],[-69.438,0.801],[-69.557,0.723],[-69.701,0.701],[-69.781,0.622],[-69.969,0.62],[-70.036,0.454],[-70.059,0.313],[-70.072,0.022],[-70.064,-0.194],[-69.953,-0.301],[-69.728,-0.427],[-69.662,-0.436],[-69.595,-0.62],[-69.608,-0.731],[-69.5,-0.812],[-69.506,-0.898],[-69.422,-1.112],[-69.448,-1.142],[-69.418,-1.322],[-69.474,-1.429],[-69.455,-1.502],[-69.511,-1.722],[-69.541,-2.007],[-69.61,-2.269],[-69.67,-2.754],[-69.73,-3.074],[-69.802,-3.314],[-69.787,-3.37],[-69.842,-3.469],[-69.867,-3.689],[-69.972,-4.051],[-69.975,-4.248],[-70.036,-4.283],[-70.229,-4.248],[-70.313,-4.191],[-70.298,-4.091],[-70.377,-4.06],[-70.588,-4.06],[-70.73,-4.031],[-70.803,-4.085],[-70.882,-4.24],[-70.98,-4.314],[-71.234,-4.312],[-71.333,-4.366],[-71.537,-4.362],[-71.567,-4.409],[-71.724,-4.446],[-71.762,-4.411],[-71.938,-4.471],[-72.098,-4.658],[-72.245,-4.712],[-72.425,-4.744],[-72.509,-4.897],[-72.671,-4.931],[-72.684,-4.989],[-72.784,-5.001],[-72.908,-5.141],[-72.911,-5.251],[-72.965,-5.286],[-73.006,-5.464],[-73.005,-5.586],[-73.046,-5.747],[-73.233,-5.875],[-73.247,-5.977],[-73.314,-6.032],[-73.276,-6.242],[-73.225,-6.266],[-73.224,-6.459],[-73.425,-6.596],[-73.537,-6.601],[-73.576,-6.654],[-73.761,-6.763],[-73.849,-6.909],[-73.785,-7.118],[-73.259,-7.342],[-72.797,-7.565],[-72.43,-7.641],[-72.241,-7.669],[-71.895,-7.793],[-71.259,-7.929],[-70.945,-7.96],[-70.638,-8.014],[-70.347,-8.096],[-70.259,-8.188],[-70.132,-8.265],[-69.988,-8.311],[-69.726,-8.426],[-69.445,-8.612],[-69.166,-8.706],[-68.799,-8.911],[-68.699,-8.931],[-68.452,-9.082],[-68.172,-9.21],[-67.915,-9.263],[-67.679,-9.4],[-67.424,-9.52],[-67.1,-9.615],[-67.059,-9.654],[-66.799,-9.761],[-66.772,-9.755],[-66.764,-9.735],[-66.681,-9.664],[-66.501,-9.594],[-66.382,-9.489],[-66.334,-9.399],[-66.077,-9.382],[-66.008,-9.317],[-65.771,-9.538],[-65.728,-9.523],[-65.631,-9.382],[-65.483,-9.449],[-65.392,-9.438],[-65.439,-9.348],[-65.421,-9.285],[-65.259,-9.21],[-65.185,-9.258],[-65.161,-9.391],[-65.077,-9.374],[-64.949,-9.252],[-64.936,-9.051],[-64.809,-8.948],[-64.768,-8.989],[-64.595,-8.996],[-64.53,-8.931],[-64.423,-8.939],[-64.329,-8.873],[-64.269,-8.942],[-64.146,-8.899],[-64.141,-8.727],[-63.913,-8.481],[-63.887,-8.287],[-63.752,-8.3],[-63.696,-8.109],[-63.592,-7.894],[-62.897,-7.908],[-62.677,-8.031],[-62.653,-8.175],[-62.541,-8.287],[-62.375,-8.325],[-62.304,-8.582],[-62.234,-8.519],[-62.171,-8.533],[-62.146,-8.712],[-61.974,-8.813],[-61.901,-8.799],[-61.74,-8.632],[-61.662,-8.649],[-61.559,-8.746],[-61.526,-8.764],[-61.507,-8.752],[-60.291,-8.756],[-59.804,-8.767],[-58.524,-8.775],[-58.392,-8.763],[-58.341,-8.659],[-58.401,-8.634],[-58.407,-8.437],[-58.297,-8.283],[-58.287,-7.991],[-58.34,-7.916],[-58.345,-7.77],[-58.176,-7.543],[-58.224,-7.478],[-58.137,-7.316],[-58.127,-7.316],[-58.131,-7.307],[-58.139,-7.287],[-58.181,-7.121],[-58.335,-6.941],[-58.406,-6.925],[-58.472,-6.662],[-58.302,-6.449],[-58.235,-6.414],[-58.172,-6.314],[-58.004,-5.943],[-57.924,-5.793],[-57.8,-5.496],[-57.729,-5.271],[-57.489,-4.785],[-57.405,-4.599],[-57.379,-4.487],[-57.097,-3.874],[-56.861,-3.444],[-56.809,-3.283],[-56.658,-3.001],[-56.572,-2.777],[-56.433,-2.524],[-56.453,-2.404],[-56.402,-2.284],[-56.216,-2.197],[-56.131,-2.023],[-56.256,-2.021],[-56.336,-2.148],[-56.539,-2.15],[-56.686,-2.189],[-56.77,-2.128],[-56.717,-2.049],[-56.775,-2],[-56.871,-2.006],[-57.057,-1.87],[-57.144,-1.743],[-57.235,-1.686],[-57.361,-1.715],[-57.587,-1.576],[-57.729,-1.555],[-57.875,-1.403],[-57.991,-1.343],[-57.963,-1.11],[-58.044,-1.093],[-58.164,-1.208],[-58.255,-1.106],[-58.389,-1.033],[-58.459,-0.899],[-58.451,-0.847],[-58.651,-0.696],[-58.756,-0.565],[-58.701,-0.52],[-58.757,-0.392],[-58.843,-0.341],[-58.875,-0.006],[-58.862,0.24],[-58.879,0.252],[-58.879,0.256],[-58.883,0.255],[-58.897,0.25],[-60.019,0.25],[-60.068,0.224],[-60.109,0.054],[-60.217,-0.011],[-60.235,-0.136],[-60.283,-0.184],[-60.291,-0.314],[-60.396,-0.444],[-60.383,-0.58],[-60.286,-0.602],[-60.288,-0.681],[-60.488,-0.747],[-60.524,-0.802],[-60.638,-0.858],[-60.731,-0.779],[-60.793,-0.663],[-60.881,-0.622],[-60.939,-0.536],[-61.106,-0.46],[-61.309,-0.548],[-61.512,-0.692],[-61.589,-0.941],[-61.577,-1.421],[-61.756,-1.351],[-61.839,-1.366],[-61.923,-1.303],[-62.018,-1.088],[-62.092,-0.974],[-62.301,-0.907],[-62.385,-0.77],[-62.483,-0.734],[-62.474,-0.63],[-62.338,-0.689],[-62.26,-0.608],[-62.271,-0.466],[-62.179,-0.308],[-62.229,-0.229],[-62.194,-0.151],[-62.302,-0.047],[-62.317,0.061],[-62.416,0.105],[-62.433,0.407],[-62.484,0.54],[-62.513,0.691],[-62.428,0.824],[-62.458,0.879],[-62.433,1.096],[-62.521,1.149],[-62.548,1.288],[-62.619,1.449],[-62.765,1.578],[-62.705,1.842],[-62.661,1.922],[-62.763,2.005],[-62.993,2.032],[-63.098,2.096],[-63.126,2.185],[-63.407,2.211]]]},"properties":{"name":"Amazonas","iso3":"BRA","isoCode":"BR-AM","id":"BRA-amazonas"}},
{"type":"Feature","geometry":{"type":"Polygon","coordinates":[[[-58.883,0.255],[-58.879,0.256],[-58.879,0.252],[-58.862,0.24],[-58.875,-0.006],[-58.843,-0.341],[-58.757,-0.392],[-58.701,-0.52],[-58.756,-0.565],[-58.651,-0.696],[-58.451,-0.847],[-58.459,-0.899],[-58.389,-1.033],[-58.255,-1.106],[-58.164,-1.208],[-58.044,-1.093],[-57.963,-1.11],[-57.991,-1.343],[-57.875,-1.403],[-57.729,-1.555],[-57.587,-1.576],[-57.361,-1.715],[-57.235,-1.686],[-57.144,-1.743],[-57.057,-1.87],[-56.871,-2.006],[-56.775,-2],[-56.717,-2.049],[-56.77,-2.128],[-56.686,-2.189],[-56.539,-2.15],[-56.336,-2.148],[-56.256,-2.021],[-56.131,-2.023],[-56.216,-2.197],[-56.402,-2.284],[-56.453,-2.404],[-56.433,-2.524],[-56.572,-2.777],[-56.658,-3.001],[-56.809,-3.283],[-56.861,-3.444],[-57.097,-3.874],[-57.379,-4.487],[-57.405,-4.599],[-57.489,-4.785],[-57.729,-5.271],[-57.8,-5.496],[-57.924,-5.793],[-58.004,-5.943],[-58.172,-6.314],[-58.235,-6.414],[-58.302,-6.449],[-58.472,-6.662],[-58.406,-6.925],[-58.335,-6.941],[-58.181,-7.121],[-58.139,-7.287],[-58.131,-7.307],[-58.097,-7.316],[-58.032,-7.403],[-57.906,-7.669],[-57.83,-7.936],[-57.652,-8.166],[-57.672,-8.28],[-57.663,-8.448],[-57.612,-8.53],[-57.594,-8.699],[-57.487,-8.732],[-57.278,-8.883],[-57.168,-8.931],[-57.061,-9.06],[-57.029,-9.161],[-56.874,-9.181],[-56.701,-9.369],[-56.232,-9.362],[-56.166,-9.398],[-55.769,-9.418],[-55.05,-9.468],[-54.783,-9.512],[-54.065,-9.533],[-53.169,-9.635],[-52.596,-9.647],[-52.472,-9.675],[-52.029,-9.718],[-51.496,-9.756],[-51.476,-9.791],[-50.73,-9.801],[-50.259,-9.847],[-50.252,-9.84],[-50.248,-9.85],[-50.229,-9.821],[-50.171,-9.639],[-50.119,-9.567],[-50.126,-9.426],[-50.044,-9.265],[-49.922,-9.171],[-49.864,-9.06],[-49.715,-8.885],[-49.615,-8.847],[-49.438,-8.603],[-49.37,-8.432],[-49.263,-8.314],[-49.211,-8.182],[-49.184,-7.973],[-49.138,-7.805],[-49.36,-7.676],[-49.381,-7.499],[-49.271,-7.386],[-49.194,-7.22],[-49.215,-6.894],[-48.997,-6.766],[-48.855,-6.755],[-48.727,-6.693],[-48.684,-6.64],[-48.643,-6.491],[-48.505,-6.37],[-48.415,-6.338],[-48.432,-6.246],[-48.396,-6.168],[-48.297,-6.084],[-48.36,-6.005],[-48.275,-5.96],[-48.3,-5.785],[-48.187,-5.732],[-48.176,-5.612],[-48.292,-5.579],[-48.374,-5.434],[-48.515,-5.456],[-48.743,-5.413],[-48.767,-5.379],[-48.559,-5.194],[-48.514,-5.178],[-48.515,-5.168],[-48.471,-5.113],[-48.311,-5.021],[-48.189,-4.98],[-48.027,-4.802],[-47.879,-4.673],[-47.68,-4.655],[-47.597,-4.547],[-47.507,-4.384],[-47.36,-4.246],[-47.401,-4.154],[-47.202,-3.982],[-47.187,-3.923],[-47.073,-3.847],[-47.066,-3.624],[-47,-3.488],[-46.872,-3.405],[-46.668,-3.022],[-46.659,-2.921],[-46.612,-2.852],[-46.662,-2.748],[-46.522,-2.686],[-46.451,-2.605],[-46.501,-2.453],[-46.396,-2.325],[-46.346,-2.169],[-46.298,-2.098],[-46.264,-1.906],[-46.342,-1.823],[-46.218,-1.79],[-46.171,-1.644],[-46.188,-1.379],[-46.171,-1.318],[-46.049,-1.25],[-46.141,-1.121],[-46.235,-1.131],[-46.317,-1.049],[-46.423,-1.038],[-46.452,-0.932],[-46.528,-0.923],[-46.635,-0.974],[-46.713,-0.843],[-46.911,-0.814],[-46.941,-0.902],[-47.026,-0.896],[-47.04,-0.792],[-47.225,-0.758],[-47.271,-0.708],[-47.568,-0.739],[-47.621,-0.675],[-47.767,-0.7],[-47.785,-0.653],[-47.921,-0.652],[-48.04,-0.74],[-48.347,-0.626],[-48.456,-0.572],[-48.458,-0.337],[-48.606,-0.278],[-49.006,-0.278],[-49.389,-0.097],[-49.44,-0.014],[-49.599,0.04],[-49.703,0.266],[-50.033,0.239],[-50.095,0.283],[-50.111,0.559],[-50.206,0.599],[-50.389,0.589],[-50.481,0.522],[-50.506,0.406],[-50.692,0.124],[-50.774,0.073],[-50.987,-0.007],[-51.133,-0.142],[-51.292,-0.175],[-51.383,-0.323],[-51.408,-0.425],[-51.507,-0.59],[-51.566,-0.616],[-51.666,-0.794],[-51.73,-0.869],[-51.755,-1.11],[-51.856,-1.201],[-52.065,-1.202],[-52.347,-1.141],[-52.459,-1.09],[-52.465,-0.947],[-52.549,-0.896],[-52.53,-0.779],[-52.546,-0.65],[-52.704,-0.602],[-52.73,-0.512],[-52.725,-0.331],[-52.796,-0.312],[-52.843,-0.232],[-52.992,-0.182],[-53.05,0.066],[-53.153,0.139],[-53.16,0.251],[-53.219,0.331],[-53.212,0.496],[-53.156,0.601],[-53.258,0.726],[-53.432,0.86],[-53.514,1.046],[-53.478,1.161],[-53.607,1.199],[-53.647,1.321],[-53.761,1.35],[-53.879,1.331],[-53.971,1.427],[-54.078,1.444],[-54.193,1.574],[-54.253,1.585],[-54.363,1.699],[-54.748,1.718],[-54.794,1.751],[-54.808,1.905],[-54.861,2.034],[-54.799,2.13],[-54.913,2.35],[-54.997,2.524],[-55.116,2.483],[-55.356,2.47],[-55.395,2.399],[-55.654,2.405],[-55.689,2.336],[-55.893,2.452],[-55.987,2.44],[-56.01,2.342],[-56.12,2.276],[-56.179,2.172],[-55.937,1.982],[-55.94,1.851],[-55.984,1.793],[-56.123,1.798],[-56.197,1.846],[-56.371,1.888],[-56.587,1.907],[-56.783,1.901],[-56.837,1.853],[-56.937,1.903],[-57.048,1.897],[-57.098,1.956],[-57.27,1.996],[-57.399,1.904],[-57.515,1.707],[-57.67,1.676],[-57.798,1.706],[-57.867,1.644],[-57.955,1.634],[-57.989,1.541],[-58.363,1.587],[-58.419,1.483],[-58.546,1.454],[-58.587,1.288],[-58.878,1.178],[-58.877,0.279],[-58.882,0.26],[-58.883,0.255]]]},"properties":{"name":"Para","iso3":"BRA","isoCode":"BR-PA","id":"BRA-para"}},
{"type":"Feature","geometry":{"type":"Polygon","coordinates":[[[-48.514,-5.178],[-48.513,-5.189],[-48.37,-5.206],[-48.16,-5.288],[-48.001,-5.247],[-47.922,-5.292],[-47.875,-5.394],[-47.668,-5.434],[-47.53,-5.496],[-47.509,-5.543],[-47.496,-5.765],[-47.451,-5.902],[-47.437,-6.153],[-47.38,-6.259],[-47.437,-6.392],[-47.449,-6.572],[-47.496,-6.67],[-47.523,-6.849],[-47.509,-6.91],[-47.577,-7.061],[-47.695,-7.249],[-47.499,-7.3],[-47.508,-7.398],[-47.565,-7.437],[-47.48,-7.535],[-47.403,-7.555],[-47.326,-7.642],[-47.323,-7.733],[-47.26,-7.856],[-47.119,-7.949],[-47.045,-8.07],[-46.871,-7.965],[-46.743,-7.921],[-46.628,-7.924],[-46.467,-7.993],[-46.477,-8.126],[-46.532,-8.32],[-46.672,-8.381],[-46.809,-8.399],[-46.882,-8.565],[-46.934,-8.628],[-46.937,-8.847],[-46.989,-8.877],[-47.101,-9.105],[-46.945,-9.129],[-46.828,-9.22],[-46.868,-9.28],[-46.806,-9.375],[-46.697,-9.402],[-46.568,-9.567],[-46.647,-9.706],[-46.629,-9.779],[-46.494,-9.856],[-46.463,-10.004],[-46.394,-10.167],[-46.17,-10.232],[-46.077,-10.192],[-45.934,-10.228],[-45.915,-10.225],[-45.923,-10.222],[-45.913,-10.216],[-45.896,-10.079],[-45.849,-9.965],[-45.837,-9.585],[-45.794,-9.47],[-45.893,-9.385],[-45.905,-9.185],[-46.014,-8.94],[-45.935,-8.771],[-45.853,-8.767],[-45.781,-8.564],[-45.729,-8.476],[-45.672,-8.239],[-45.569,-8.163],[-45.57,-7.905],[-45.518,-7.856],[-45.504,-7.754],[-45.319,-7.583],[-45.148,-7.528],[-44.928,-7.497],[-44.852,-7.427],[-44.603,-7.364],[-44.578,-7.252],[-44.32,-7.115],[-44.196,-7.02],[-44.163,-6.903],[-44.044,-6.783],[-43.902,-6.776],[-43.814,-6.741],[-43.647,-6.751],[-43.56,-6.836],[-43.334,-6.834],[-43.276,-6.791],[-43.049,-6.776],[-42.962,-6.726],[-42.901,-6.62],[-42.882,-6.329],[-43.06,-6.161],[-43.132,-5.814],[-43.116,-5.657],[-43.027,-5.603],[-42.996,-5.508],[-42.854,-5.411],[-42.831,-5.172],[-42.879,-5.072],[-42.96,-4.751],[-42.906,-4.648],[-42.903,-4.499],[-43.033,-4.372],[-43.02,-4.267],[-42.943,-4.231],[-42.855,-4.087],[-42.741,-3.976],[-42.736,-3.895],[-42.673,-3.752],[-42.512,-3.543],[-42.302,-3.536],[-42.179,-3.474],[-42.128,-3.346],[-42.005,-3.333],[-41.927,-3.176],[-41.833,-3.094],[-41.877,-2.984],[-41.841,-2.88],[-41.847,-2.819],[-42.028,-2.814],[-42.12,-2.757],[-42.168,-2.808],[-42.238,-2.76],[-42.302,-2.809],[-42.481,-2.813],[-42.537,-2.735],[-42.657,-2.726],[-42.712,-2.66],[-43.042,-2.587],[-43.158,-2.54],[-43.202,-2.459],[-43.401,-2.379],[-43.557,-2.397],[-43.637,-2.315],[-43.702,-2.314],[-43.832,-2.377],[-43.839,-2.47],[-44.004,-2.553],[-44.04,-2.517],[-44.255,-2.53],[-44.354,-2.574],[-44.399,-2.499],[-44.408,-2.384],[-44.557,-1.969],[-44.653,-1.89],[-44.753,-1.856],[-44.717,-1.768],[-44.769,-1.626],[-44.882,-1.529],[-44.974,-1.566],[-45.2,-1.564],[-45.341,-1.532],[-45.396,-1.557],[-45.468,-1.477],[-45.459,-1.417],[-45.606,-1.327],[-45.622,-1.254],[-45.81,-1.221],[-45.931,-1.176],[-46.049,-1.25],[-46.171,-1.318],[-46.188,-1.379],[-46.171,-1.644],[-46.218,-1.79],[-46.342,-1.823],[-46.264,-1.906],[-46.298,-2.098],[-46.346,-2.169],[-46.396,-2.325],[-46.501,-2.453],[-46.451,-2.605],[-46.522,-2.686],[-46.662,-2.748],[-46.612,-2.852],[-46.659,-2.921],[-46.668,-3.022],[-46.872,-3.405],[-47,-3.488],[-47.066,-3.624],[-47.073,-3.847],[-47.187,-3.923],[-47.202,-3.982],[-47.401,-4.154],[-47.36,-4.246],[-47.507,-4.384],[-47.597,-4.547],[-47.68,-4.655],[-47.879,-4.673],[-48.027,-4.802],[-48.189,-4.98],[-48.311,-5.021],[-48.471,-5.113],[-48.515,-5.168],[-48.514,-5.178]]]},"properties":{"name":"Maranhao","iso3":"BRA","isoCode":"BR-MA","id":"BRA-maranhao"}},
{"type":"Feature","geometry":{"type":"Polygon","coordinates":[[[-38.283,-6.14],[-38.249,-6.081],[-38.092,-5.957],[-38.062,-5.835],[-38.072,-5.741],[-37.969,-5.688],[-37.849,-5.57],[-37.833,-5.425],[-37.736,-5.346],[-37.712,-5.211],[-37.636,-5.108],[-37.612,-5.021],[-37.434,-4.955],[-37.353,-4.954],[-37.238,-4.899],[-37.358,-4.728],[-37.579,-4.698],[-37.752,-4.529],[-37.802,-4.431],[-37.917,-4.388],[-38.033,-4.292],[-38.083,-4.202],[-38.361,-3.96],[-38.458,-3.787],[-38.655,-3.78],[-38.775,-3.747],[-38.802,-3.639],[-38.908,-3.605],[-38.996,-3.501],[-39.088,-3.482],[-39.183,-3.412],[-39.253,-3.309],[-39.442,-3.224],[-39.538,-3.238],[-39.643,-3.126],[-39.736,-3.124],[-39.893,-2.98],[-40.025,-2.949],[-40.247,-2.948],[-40.394,-2.879],[-40.516,-2.873],[-40.544,-2.925],[-40.881,-2.936],[-41.02,-3.009],[-41.259,-3.008],[-41.348,-3.039],[-41.267,-3.111],[-41.299,-3.208],[-41.367,-3.229],[-41.432,-3.374],[-41.373,-3.551],[-41.364,-3.784],[-41.265,-3.971],[-41.229,-4.132],[-41.133,-4.173],[-41.145,-4.378],[-41.196,-4.478],[-41.178,-4.58],[-41.231,-4.636],[-41.182,-4.754],[-41.243,-4.819],[-41.224,-5.001],[-41.078,-5.119],[-40.952,-5.254],[-40.893,-5.366],[-40.94,-5.412],[-40.935,-5.597],[-40.889,-5.699],[-40.94,-5.758],[-40.885,-5.859],[-40.887,-6.071],[-40.826,-6.164],[-40.813,-6.34],[-40.773,-6.41],[-40.765,-6.535],[-40.652,-6.736],[-40.485,-6.757],[-40.383,-6.87],[-40.422,-7.097],[-40.471,-7.186],[-40.511,-7.413],[-40.501,-7.426],[-40.51,-7.426],[-40.491,-7.438],[-40.294,-7.441],[-40.215,-7.498],[-40.138,-7.489],[-39.884,-7.375],[-39.611,-7.383],[-39.458,-7.49],[-39.273,-7.58],[-39.252,-7.687],[-39.145,-7.737],[-39.016,-7.874],[-38.959,-7.885],[-38.821,-7.734],[-38.701,-7.664],[-38.685,-7.63],[-38.696,-7.609],[-38.682,-7.596],[-38.604,-7.522],[-38.588,-7.428],[-38.521,-7.335],[-38.625,-7.197],[-38.692,-7.067],[-38.697,-6.928],[-38.612,-6.848],[-38.644,-6.666],[-38.601,-6.62],[-38.548,-6.41],[-38.523,-6.396],[-38.513,-6.396],[-38.523,-6.381],[-38.507,-6.304],[-38.401,-6.146],[-38.358,-6.139],[-38.283,-6.14]]]},"properties":{"name":"Ceara","iso3":"BRA","isoCode":"BR-CE","id":"BRA-ceara"}},
{"type":"Feature","geometry":{"type":"Polygon","coordinates":[[[-38.523,-6.396],[-38.503,-6.41],[-38.334,-6.525],[-38.054,-6.535],[-37.975,-6.479],[-37.849,-6.462],[-37.788,-6.4],[-37.742,-6.27],[-37.543,-6.253],[-37.398,-6.192],[-37.324,-6.133],[-37.167,-6.082],[-37.125,-6.194],[-37.212,-6.338],[-37.309,-6.393],[-37.322,-6.542],[-37.427,-6.618],[-37.418,-6.721],[-37.203,-6.758],[-37.171,-6.842],[-36.981,-6.787],[-36.88,-6.819],[-36.737,-6.798],[-36.685,-6.868],[-36.67,-6.979],[-36.552,-6.947],[-36.468,-6.829],[-36.501,-6.723],[-36.407,-6.634],[-36.462,-6.565],[-36.445,-6.428],[-36.324,-6.329],[-36.227,-6.366],[-36.205,-6.454],[-35.971,-6.486],[-35.879,-6.522],[-35.348,-6.532],[-35.239,-6.581],[-34.971,-6.589],[-34.901,-6.547],[-34.877,-6.45],[-34.928,-6.317],[-35.01,-6.242],[-35,-6.027],[-35.069,-5.985],[-35.123,-5.882],[-35.133,-5.624],[-35.312,-5.35],[-35.51,-5.174],[-35.662,-5.166],[-35.748,-5.103],[-36.052,-5.118],[-36.111,-5.168],[-36.313,-5.162],[-36.375,-5.11],[-36.731,-5.111],[-36.795,-5.09],[-36.845,-5.007],[-37.068,-4.989],[-37.167,-4.899],[-37.238,-4.899],[-37.353,-4.954],[-37.434,-4.955],[-37.612,-5.021],[-37.636,-5.108],[-37.712,-5.211],[-37.736,-5.346],[-37.833,-5.425],[-37.849,-5.57],[-37.969,-5.688],[-38.072,-5.741],[-38.062,-5.835],[-38.092,-5.957],[-38.249,-6.081],[-38.283,-6.14],[-38.358,-6.139],[-38.401,-6.146],[-38.507,-6.304],[-38.523,-6.381],[-38.513,-6.396],[-38.523,-6.396]]]},"properties":{"name":"Rio Grande do Norte","iso3":"BRA","isoCode":"BR-RN","id":"BRA-rio-grande-do-norte"}},
{"type":"Feature","geometry":{"type":"Polygon","coordinates":[[[-38.685,-7.63],[-38.68,-7.64],[-38.673,-7.631],[-38.5,-7.8],[-38.361,-7.763],[-38.283,-7.699],[-38.206,-7.877],[-38.154,-7.826],[-37.892,-7.811],[-37.755,-7.648],[-37.572,-7.545],[-37.433,-7.49],[-37.246,-7.298],[-37.158,-7.313],[-36.968,-7.451],[-36.982,-7.533],[-37.118,-7.599],[-37.076,-7.724],[-37.078,-7.752],[-37.237,-7.948],[-37.162,-7.987],[-37.085,-8.082],[-37.078,-8.158],[-37.062,-8.209],[-36.944,-8.329],[-36.881,-8.323],[-36.744,-8.225],[-36.575,-8.167],[-36.513,-7.946],[-36.22,-7.808],[-36.173,-7.862],[-36.079,-7.811],[-35.828,-7.797],[-35.624,-7.761],[-35.459,-7.631],[-35.379,-7.486],[-35.237,-7.458],[-35.159,-7.412],[-35.008,-7.426],[-34.894,-7.486],[-34.861,-7.558],[-34.725,-7.572],[-34.699,-7.531],[-34.7,-7.089],[-34.737,-7.014],[-34.735,-6.87],[-34.809,-6.74],[-34.863,-6.719],[-34.901,-6.547],[-34.971,-6.589],[-35.239,-6.581],[-35.348,-6.532],[-35.879,-6.522],[-35.971,-6.486],[-36.205,-6.454],[-36.227,-6.366],[-36.324,-6.329],[-36.445,-6.428],[-36.462,-6.565],[-36.407,-6.634],[-36.501,-6.723],[-36.468,-6.829],[-36.552,-6.947],[-36.67,-6.979],[-36.685,-6.868],[-36.737,-6.798],[-36.88,-6.819],[-36.981,-6.787],[-37.171,-6.842],[-37.203,-6.758],[-37.418,-6.721],[-37.427,-6.618],[-37.322,-6.542],[-37.309,-6.393],[-37.212,-6.338],[-37.125,-6.194],[-37.167,-6.082],[-37.324,-6.133],[-37.398,-6.192],[-37.543,-6.253],[-37.742,-6.27],[-37.788,-6.4],[-37.849,-6.462],[-37.975,-6.479],[-38.054,-6.535],[-38.334,-6.525],[-38.503,-6.41],[-38.523,-6.396],[-38.548,-6.41],[-38.601,-6.62],[-38.644,-6.666],[-38.612,-6.848],[-38.697,-6.928],[-38.692,-7.067],[-38.625,-7.197],[-38.521,-7.335],[-38.588,-7.428],[-38.604,-7.522],[-38.682,-7.596],[-38.696,-7.609],[-38.685,-7.63]]]},"properties":{"name":"Paraiba","iso3":"BRA","isoCode":"BR-PB","id":"BRA-paraiba"}},
{"type":"Feature","geometry":{"type":"Polygon","coordinates":[[[-45.915,-10.225],[-45.897,-10.24],[-45.795,-10.289],[-45.708,-10.234],[-45.687,-10.231],[-45.685,-10.228],[-45.683,-10.231],[-45.681,-10.23],[-45.68,-10.226],[-45.677,-10.208],[-45.567,-10.217],[-45.426,-10.465],[-45.455,-10.629],[-45.364,-10.748],[-45.284,-10.766],[-45.208,-10.855],[-45.057,-10.875],[-44.913,-10.927],[-44.798,-10.82],[-44.705,-10.801],[-44.552,-10.658],[-44.447,-10.653],[-44.311,-10.604],[-44.254,-10.654],[-44.152,-10.658],[-44.024,-10.514],[-44.008,-10.445],[-43.911,-10.424],[-43.796,-10.203],[-43.786,-10.1],[-43.681,-10.037],[-43.678,-9.867],[-43.791,-9.777],[-43.851,-9.61],[-43.77,-9.454],[-43.461,-9.294],[-43.382,-9.38],[-43.228,-9.45],[-43.122,-9.404],[-42.95,-9.459],[-42.934,-9.561],[-42.756,-9.62],[-42.7,-9.549],[-42.453,-9.497],[-42.392,-9.416],[-42.177,-9.295],[-41.878,-9.286],[-41.796,-9.231],[-41.709,-9.069],[-41.5,-9.025],[-41.484,-8.893],[-41.361,-8.774],[-41.336,-8.761],[-41.324,-8.755],[-41.333,-8.742],[-41.307,-8.688],[-41.06,-8.548],[-41.018,-8.42],[-40.914,-8.44],[-40.769,-8.322],[-40.597,-8.14],[-40.535,-8.019],[-40.547,-7.837],[-40.648,-7.788],[-40.676,-7.502],[-40.542,-7.441],[-40.51,-7.426],[-40.501,-7.426],[-40.511,-7.413],[-40.471,-7.186],[-40.422,-7.097],[-40.383,-6.87],[-40.485,-6.757],[-40.652,-6.736],[-40.765,-6.535],[-40.773,-6.41],[-40.813,-6.34],[-40.826,-6.164],[-40.887,-6.071],[-40.885,-5.859],[-40.94,-5.758],[-40.889,-5.699],[-40.935,-5.597],[-40.94,-5.412],[-40.893,-5.366],[-40.952,-5.254],[-41.078,-5.119],[-41.224,-5.001],[-41.243,-4.819],[-41.182,-4.754],[-41.231,-4.636],[-41.178,-4.58],[-41.196,-4.478],[-41.145,-4.378],[-41.133,-4.173],[-41.229,-4.132],[-41.265,-3.971],[-41.364,-3.784],[-41.373,-3.551],[-41.432,-3.374],[-41.367,-3.229],[-41.299,-3.208],[-41.267,-3.111],[-41.348,-3.039],[-41.43,-3.008],[-41.599,-3.005],[-41.775,-2.86],[-41.841,-2.88],[-41.877,-2.984],[-41.833,-3.094],[-41.927,-3.176],[-42.005,-3.333],[-42.128,-3.346],[-42.179,-3.474],[-42.302,-3.536],[-42.512,-3.543],[-42.673,-3.752],[-42.736,-3.895],[-42.741,-3.976],[-42.855,-4.087],[-42.943,-4.231],[-43.02,-4.267],[-43.033,-4.372],[-42.903,-4.499],[-42.906,-4.648],[-42.96,-4.751],[-42.879,-5.072],[-42.831,-5.172],[-42.854,-5.411],[-42.996,-5.508],[-43.027,-5.603],[-43.116,-5.657],[-43.132,-5.814],[-43.06,-6.161],[-42.882,-6.329],[-42.901,-6.62],[-42.962,-6.726],[-43.049,-6.776],[-43.276,-6.791],[-43.334,-6.834],[-43.56,-6.836],[-43.647,-6.751],[-43.814,-6.741],[-43.902,-6.776],[-44.044,-6.783],[-44.163,-6.903],[-44.196,-7.02],[-44.32,-7.115],[-44.578,-7.252],[-44.603,-7.364],[-44.852,-7.427],[-44.928,-7.497],[-45.148,-7.528],[-45.319,-7.583],[-45.504,-7.754],[-45.518,-7.856],[-45.57,-7.905],[-45.569,-8.163],[-45.672,-8.239],[-45.729,-8.476],[-45.781,-8.564],[-45.853,-8.767],[-45.935,-8.771],[-46.014,-8.94],[-45.905,-9.185],[-45.893,-9.385],[-45.794,-9.47],[-45.837,-9.585],[-45.849,-9.965],[-45.896,-10.079],[-45.913,-10.216],[-45.923,-10.222],[-45.915,-10.225]]]},"properties":{"name":"Piaui","iso3":"BRA","isoCode":"BR-PI","id":"BRA-piaui"}},
{"type":"Feature","geometry":{"type":"Polygon","coordinates":[[[-40.51,-7.426],[-40.542,-7.441],[-40.676,-7.502],[-40.648,-7.788],[-40.547,-7.837],[-40.535,-8.019],[-40.597,-8.14],[-40.769,-8.322],[-40.914,-8.44],[-41.018,-8.42],[-41.06,-8.548],[-41.307,-8.688],[-41.333,-8.742],[-41.324,-8.755],[-41.336,-8.761],[-41.315,-8.768],[-41.141,-8.711],[-41.062,-8.822],[-40.932,-8.835],[-40.815,-8.97],[-40.791,-9.109],[-40.661,-9.193],[-40.697,-9.453],[-40.663,-9.495],[-40.536,-9.504],[-40.493,-9.454],[-40.312,-9.389],[-40.25,-9.24],[-40.24,-9.08],[-40.097,-9.123],[-39.846,-9.013],[-39.863,-8.837],[-39.682,-8.795],[-39.659,-8.673],[-39.491,-8.648],[-39.347,-8.57],[-39.17,-8.702],[-39.077,-8.727],[-38.907,-8.821],[-38.74,-8.845],[-38.634,-8.905],[-38.532,-8.857],[-38.435,-8.879],[-38.432,-9.043],[-38.256,-9.024],[-38.274,-9.117],[-38.224,-9.192],[-38.188,-9.328],[-38.166,-9.345],[-38.169,-9.334],[-38.15,-9.34],[-38.015,-9.185],[-37.89,-9.16],[-37.821,-9.02],[-37.713,-8.893],[-37.642,-8.992],[-37.575,-9.019],[-37.438,-9.006],[-37.402,-9.074],[-37.269,-9.13],[-37.174,-9.248],[-37.019,-9.281],[-36.932,-9.375],[-36.875,-9.384],[-36.811,-9.275],[-36.736,-9.302],[-36.634,-9.27],[-36.562,-9.334],[-36.377,-9.262],[-36.34,-9.216],[-36.147,-9.201],[-36.184,-9.124],[-36.041,-9.077],[-36.021,-8.931],[-35.862,-8.921],[-35.844,-8.874],[-35.707,-8.867],[-35.656,-8.924],[-35.577,-8.919],[-35.427,-8.812],[-35.364,-8.861],[-35.052,-8.884],[-34.971,-8.726],[-34.905,-8.689],[-34.84,-8.491],[-34.717,-8.032],[-34.657,-7.982],[-34.731,-7.843],[-34.737,-7.743],[-34.682,-7.689],[-34.725,-7.572],[-34.861,-7.558],[-34.894,-7.486],[-35.008,-7.426],[-35.159,-7.412],[-35.237,-7.458],[-35.379,-7.486],[-35.459,-7.631],[-35.624,-7.761],[-35.828,-7.797],[-36.079,-7.811],[-36.173,-7.862],[-36.22,-7.808],[-36.513,-7.946],[-36.575,-8.167],[-36.744,-8.225],[-36.881,-8.323],[-36.944,-8.329],[-37.062,-8.209],[-37.078,-8.158],[-37.085,-8.082],[-37.162,-7.987],[-37.237,-7.948],[-37.078,-7.752],[-37.076,-7.724],[-37.118,-7.599],[-36.982,-7.533],[-36.968,-7.451],[-37.158,-7.313],[-37.246,-7.298],[-37.433,-7.49],[-37.572,-7.545],[-37.755,-7.648],[-37.892,-7.811],[-38.154,-7.826],[-38.206,-7.877],[-38.283,-7.699],[-38.361,-7.763],[-38.5,-7.8],[-38.673,-7.631],[-38.68,-7.64],[-38.685,-7.63],[-38.701,-7.664],[-38.821,-7.734],[-38.959,-7.885],[-39.016,-7.874],[-39.145,-7.737],[-39.252,-7.687],[-39.273,-7.58],[-39.458,-7.49],[-39.611,-7.383],[-39.884,-7.375],[-40.138,-7.489],[-40.215,-7.498],[-40.294,-7.441],[-40.491,-7.438],[-40.51,-7.426]]]},"properties":{"name":"Pernambuco","iso3":"BRA","isoCode":"BR-PE","id":"BRA-pernambuco"}},
{"type":"Feature","geometry":{"type":"Polygon","coordinates":[[[-38.166,-9.345],[-38.174,-9.377],[-38.171,-9.451],[-38.042,-9.464],[-37.94,-9.533],[-37.926,-9.548],[-37.939,-9.548],[-37.913,-9.562],[-37.457,-9.721],[-37.389,-9.775],[-37.252,-9.811],[-37.149,-9.89],[-37.053,-9.92],[-36.896,-10.02],[-36.804,-10.169],[-36.642,-10.267],[-36.487,-10.281],[-36.47,-10.381],[-36.368,-10.387],[-36.315,-10.434],[-36.266,-10.436],[-36.201,-10.318],[-36.101,-10.205],[-36.032,-10.186],[-36.006,-10.101],[-35.924,-10.002],[-35.934,-9.948],[-36.068,-9.895],[-36.323,-9.761],[-36.285,-9.7],[-36.169,-9.783],[-35.953,-9.897],[-35.805,-9.905],[-35.669,-9.683],[-35.563,-9.622],[-35.345,-9.439],[-35.319,-9.369],[-35.234,-9.361],[-35.185,-9.169],[-35.012,-8.915],[-35.052,-8.884],[-35.364,-8.861],[-35.427,-8.812],[-35.577,-8.919],[-35.656,-8.924],[-35.707,-8.867],[-35.844,-8.874],[-35.862,-8.921],[-36.021,-8.931],[-36.041,-9.077],[-36.184,-9.124],[-36.147,-9.201],[-36.34,-9.216],[-36.377,-9.262],[-36.562,-9.334],[-36.634,-9.27],[-36.736,-9.302],[-36.811,-9.275],[-36.875,-9.384],[-36.932,-9.375],[-37.019,-9.281],[-37.174,-9.248],[-37.269,-9.13],[-37.402,-9.074],[-37.438,-9.006],[-37.575,-9.019],[-37.642,-8.992],[-37.713,-8.893],[-37.821,-9.02],[-37.89,-9.16],[-38.015,-9.185],[-38.15,-9.34],[-38.169,-9.334],[-38.166,-9.345]]]},"properties":{"name":"Alagoas","iso3":"BRA","isoCode":"BR-AL","id":"BRA-alagoas"}},
{"type":"Feature","geometry":{"type":"Polygon","coordinates":[[[-73.785,-7.118],[-73.811,-7.259],[-73.981,-7.326],[-74.035,-7.568],[-73.905,-7.69],[-73.79,-7.757],[-73.839,-7.941],[-73.76,-7.956],[-73.655,-8.081],[-73.65,-8.194],[-73.463,-8.45],[-73.343,-8.525],[-73.348,-8.642],[-73.256,-8.713],[-73.125,-8.741],[-73.11,-8.817],[-73.013,-8.901],[-72.971,-9.007],[-72.989,-9.105],[-73.143,-9.242],[-73.17,-9.401],[-72.688,-9.415],[-72.612,-9.477],[-72.405,-9.469],[-72.267,-9.592],[-72.293,-9.729],[-72.225,-9.815],[-72.219,-9.997],[-72.14,-9.984],[-71.358,-9.984],[-71.158,-9.926],[-71.125,-9.852],[-71.001,-9.83],[-70.979,-9.73],[-70.821,-9.589],[-70.67,-9.486],[-70.632,-9.504],[-70.592,-9.645],[-70.645,-9.811],[-70.645,-10.925],[-70.611,-10.994],[-70.523,-10.984],[-70.332,-11.073],[-70.218,-11.079],[-70.191,-11.03],[-70.083,-11.019],[-70.069,-10.928],[-69.908,-10.888],[-69.781,-10.908],[-69.71,-10.963],[-69.465,-10.963],[-69.37,-10.907],[-69.263,-10.956],[-69.152,-10.944],[-68.961,-11.014],[-68.818,-11.037],[-68.687,-11.132],[-68.6,-11.138],[-68.469,-11.012],[-68.232,-10.955],[-68.215,-10.871],[-68.016,-10.674],[-67.679,-10.659],[-67.635,-10.53],[-67.402,-10.363],[-67.271,-10.291],[-67.103,-10.287],[-67.002,-10.208],[-66.993,-10.151],[-66.867,-10.034],[-66.771,-9.999],[-66.605,-9.879],[-66.664,-9.811],[-66.766,-9.764],[-66.765,-9.749],[-66.772,-9.755],[-66.799,-9.761],[-67.059,-9.654],[-67.1,-9.615],[-67.424,-9.52],[-67.679,-9.4],[-67.915,-9.263],[-68.172,-9.21],[-68.452,-9.082],[-68.699,-8.931],[-68.799,-8.911],[-69.166,-8.706],[-69.445,-8.612],[-69.726,-8.426],[-69.988,-8.311],[-70.132,-8.265],[-70.259,-8.188],[-70.347,-8.096],[-70.638,-8.014],[-70.945,-7.96],[-71.259,-7.929],[-71.895,-7.793],[-72.241,-7.669],[-72.43,-7.641],[-72.797,-7.565],[-73.259,-7.342],[-73.785,-7.118]]]},"properties":{"name":"Acre","iso3":"BRA","isoCode":"BR-AC","id":"BRA-acre"}},
{"type":"Feature","geometry":{"type":"Polygon","coordinates":[[[-66.772,-9.755],[-66.765,-9.749],[-66.766,-9.764],[-66.664,-9.811],[-66.605,-9.879],[-66.402,-9.869],[-66.348,-9.805],[-66.146,-9.807],[-66.131,-9.739],[-66.04,-9.716],[-65.989,-9.764],[-65.917,-9.72],[-65.756,-9.714],[-65.626,-9.81],[-65.532,-9.796],[-65.467,-9.682],[-65.365,-9.679],[-65.303,-9.749],[-65.316,-9.95],[-65.287,-10.032],[-65.298,-10.17],[-65.389,-10.438],[-65.394,-10.567],[-65.344,-10.731],[-65.263,-10.839],[-65.301,-10.991],[-65.349,-11.061],[-65.349,-11.304],[-65.242,-11.496],[-65.235,-11.669],[-65.187,-11.735],[-65.072,-11.693],[-65.082,-11.822],[-65.042,-11.925],[-64.912,-11.951],[-64.782,-12.132],[-64.659,-12.199],[-64.498,-12.232],[-64.49,-12.336],[-64.335,-12.447],[-64.182,-12.434],[-64.09,-12.472],[-63.864,-12.467],[-63.732,-12.436],[-63.551,-12.495],[-63.374,-12.665],[-63.123,-12.681],[-63.029,-12.807],[-62.864,-12.877],[-62.79,-12.981],[-62.608,-13.013],[-62.545,-13.058],[-62.429,-13.071],[-62.37,-13.116],[-62.181,-13.143],[-62.084,-13.292],[-62.007,-13.315],[-61.95,-13.416],[-61.857,-13.511],[-61.782,-13.498],[-61.03,-13.498],[-60.908,-13.517],[-60.904,-13.6],[-60.672,-13.661],[-60.659,-13.568],[-60.401,-13.422],[-60.267,-13.051],[-60.178,-12.935],[-60.06,-12.855],[-60.041,-12.593],[-59.946,-12.463],[-59.82,-12.427],[-59.774,-12.317],[-59.862,-12.227],[-59.89,-12.092],[-60.015,-11.862],[-60.101,-11.855],[-60.105,-11.551],[-59.943,-11.402],[-59.918,-11.312],[-60.007,-11.117],[-60.131,-11.04],[-60.176,-11.086],[-60.363,-11.041],[-60.444,-10.998],[-60.469,-10.928],[-60.628,-10.924],[-61.501,-10.924],[-61.525,-10.797],[-61.473,-10.721],[-61.48,-10.341],[-61.581,-10.226],[-61.589,-10.023],[-61.533,-9.983],[-61.528,-9.709],[-61.469,-9.574],[-61.573,-9.443],[-61.535,-9.348],[-61.595,-9.226],[-61.539,-9.155],[-61.526,-8.967],[-61.471,-8.834],[-61.528,-8.777],[-61.518,-8.765],[-61.526,-8.764],[-61.559,-8.746],[-61.662,-8.649],[-61.74,-8.632],[-61.901,-8.799],[-61.974,-8.813],[-62.146,-8.712],[-62.171,-8.533],[-62.234,-8.519],[-62.304,-8.582],[-62.375,-8.325],[-62.541,-8.287],[-62.653,-8.175],[-62.677,-8.031],[-62.897,-7.908],[-63.592,-7.894],[-63.696,-8.109],[-63.752,-8.3],[-63.887,-8.287],[-63.913,-8.481],[-64.141,-8.727],[-64.146,-8.899],[-64.269,-8.942],[-64.329,-8.873],[-64.423,-8.939],[-64.53,-8.931],[-64.595,-8.996],[-64.768,-8.989],[-64.809,-8.948],[-64.936,-9.051],[-64.949,-9.252],[-65.077,-9.374],[-65.161,-9.391],[-65.185,-9.258],[-65.259,-9.21],[-65.421,-9.285],[-65.439,-9.348],[-65.392,-9.438],[-65.483,-9.449],[-65.631,-9.382],[-65.728,-9.523],[-65.771,-9.538],[-66.008,-9.317],[-66.077,-9.382],[-66.334,-9.399],[-66.382,-9.489],[-66.501,-9.594],[-66.681,-9.664],[-66.764,-9.735],[-66.772,-9.755]]]},"properties":{"name":"Rondonia","iso3":"BRA","isoCode":"BR-RO","id":"BRA-rondonia"}},
{"type":"Feature","geometry":{"type":"Polygon","coordinates":[[[-37.939,-9.548],[-37.967,-9.564],[-37.94,-9.657],[-37.999,-9.772],[-37.944,-9.829],[-37.927,-9.953],[-37.773,-10.038],[-37.71,-10.17],[-37.707,-10.291],[-37.782,-10.439],[-37.769,-10.656],[-37.871,-10.735],[-38.021,-10.694],[-38.18,-10.731],[-38.16,-10.932],[-38.046,-11.118],[-37.951,-11.209],[-37.935,-11.397],[-37.815,-11.491],[-37.602,-11.554],[-37.374,-11.548],[-37.331,-11.554],[-37.193,-11.335],[-37.028,-11.148],[-37.009,-10.949],[-36.871,-10.914],[-36.693,-10.677],[-36.482,-10.593],[-36.436,-10.534],[-36.303,-10.491],[-36.315,-10.434],[-36.368,-10.387],[-36.47,-10.381],[-36.487,-10.281],[-36.642,-10.267],[-36.804,-10.169],[-36.896,-10.02],[-37.053,-9.92],[-37.149,-9.89],[-37.252,-9.811],[-37.389,-9.775],[-37.457,-9.721],[-37.913,-9.562],[-37.939,-9.548]]]},"properties":{"name":"Sergipe","iso3":"BRA","isoCode":"BR-SE","id":"BRA-sergipe"}},
{"type":"Feature","geometry":{"type":"Polygon","coordinates":[[[-50.248,-9.85],[-50.242,-9.868],[-50.309,-10.032],[-50.391,-10.108],[-50.423,-10.317],[-50.514,-10.435],[-50.536,-10.564],[-50.588,-10.637],[-50.589,-10.773],[-50.638,-10.853],[-50.653,-11.113],[-50.686,-11.263],[-50.747,-11.347],[-50.736,-11.537],[-50.679,-11.617],[-50.745,-11.723],[-50.668,-11.882],[-50.687,-11.97],[-50.675,-12.192],[-50.643,-12.416],[-50.681,-12.476],[-50.679,-12.668],[-50.6,-12.833],[-50.533,-12.834],[-50.519,-12.845],[-50.519,-12.834],[-50.507,-12.808],[-50.457,-12.667],[-50.348,-12.529],[-50.233,-12.488],[-50.234,-12.604],[-50.29,-12.644],[-50.292,-12.66],[-50.299,-12.77],[-50.218,-12.888],[-50.063,-12.896],[-49.935,-12.981],[-49.624,-13.131],[-49.463,-13.264],[-49.379,-13.261],[-49.364,-13.146],[-49.266,-13.003],[-49.241,-12.918],[-49.142,-12.839],[-48.995,-12.941],[-48.816,-12.864],[-48.758,-13.013],[-48.653,-13.025],[-48.577,-13.095],[-48.567,-13.189],[-48.478,-13.156],[-48.473,-13.261],[-48.308,-13.245],[-48.204,-13.195],[-48.154,-13.309],[-48.058,-13.294],[-47.824,-13.312],[-47.776,-13.392],[-47.666,-13.372],[-47.683,-13.185],[-47.586,-13.134],[-47.492,-13.235],[-47.315,-13.258],[-47.222,-13.199],[-47.081,-13.172],[-46.724,-12.989],[-46.444,-12.982],[-46.38,-12.861],[-46.359,-12.97],[-46.358,-12.975],[-46.334,-12.984],[-46.311,-12.971],[-46.322,-12.971],[-46.311,-12.958],[-46.312,-12.735],[-46.216,-12.573],[-46.257,-12.406],[-46.306,-12.386],[-46.398,-12.231],[-46.349,-12.129],[-46.412,-12.024],[-46.312,-11.941],[-46.35,-11.807],[-46.277,-11.556],[-46.431,-11.556],[-46.525,-11.473],[-46.583,-11.36],[-46.595,-11.251],[-46.493,-11.207],[-46.451,-11.096],[-46.318,-10.923],[-46.3,-10.825],[-46.197,-10.737],[-46.221,-10.661],[-46.094,-10.645],[-46.011,-10.542],[-45.863,-10.458],[-45.829,-10.362],[-45.732,-10.347],[-45.671,-10.242],[-45.682,-10.231],[-45.683,-10.231],[-45.685,-10.228],[-45.687,-10.231],[-45.708,-10.234],[-45.795,-10.289],[-45.897,-10.24],[-45.915,-10.225],[-45.934,-10.228],[-46.077,-10.192],[-46.17,-10.232],[-46.394,-10.167],[-46.463,-10.004],[-46.494,-9.856],[-46.629,-9.779],[-46.647,-9.706],[-46.568,-9.567],[-46.697,-9.402],[-46.806,-9.375],[-46.868,-9.28],[-46.828,-9.22],[-46.945,-9.129],[-47.101,-9.105],[-46.989,-8.877],[-46.937,-8.847],[-46.934,-8.628],[-46.882,-8.565],[-46.809,-8.399],[-46.672,-8.381],[-46.532,-8.32],[-46.477,-8.126],[-46.467,-7.993],[-46.628,-7.924],[-46.743,-7.921],[-46.871,-7.965],[-47.045,-8.07],[-47.119,-7.949],[-47.26,-7.856],[-47.323,-7.733],[-47.326,-7.642],[-47.403,-7.555],[-47.48,-7.535],[-47.565,-7.437],[-47.508,-7.398],[-47.499,-7.3],[-47.695,-7.249],[-47.577,-7.061],[-47.509,-6.91],[-47.523,-6.849],[-47.496,-6.67],[-47.449,-6.572],[-47.437,-6.392],[-47.38,-6.259],[-47.437,-6.153],[-47.451,-5.902],[-47.496,-5.765],[-47.509,-5.543],[-47.53,-5.496],[-47.668,-5.434],[-47.875,-5.394],[-47.922,-5.292],[-48.001,-5.247],[-48.16,-5.288],[-48.37,-5.206],[-48.513,-5.189],[-48.514,-5.178],[-48.559,-5.194],[-48.767,-5.379],[-48.743,-5.413],[-48.515,-5.456],[-48.374,-5.434],[-48.292,-5.579],[-48.176,-5.612],[-48.187,-5.732],[-48.3,-5.785],[-48.275,-5.96],[-48.36,-6.005],[-48.297,-6.084],[-48.396,-6.168],[-48.432,-6.246],[-48.415,-6.338],[-48.505,-6.37],[-48.643,-6.491],[-48.684,-6.64],[-48.727,-6.693],[-48.855,-6.755],[-48.997,-6.766],[-49.215,-6.894],[-49.194,-7.22],[-49.271,-7.386],[-49.381,-7.499],[-49.36,-7.676],[-49.138,-7.805],[-49.184,-7.973],[-49.211,-8.182],[-49.263,-8.314],[-49.37,-8.432],[-49.438,-8.603],[-49.615,-8.847],[-49.715,-8.885],[-49.864,-9.06],[-49.922,-9.171],[-50.044,-9.265],[-50.126,-9.426],[-50.119,-9.567],[-50.171,-9.639],[-50.229,-9.821],[-50.248,-9.85]]]},"properties":{"name":"Tocantins","iso3":"BRA","isoCode":"BR-TO","id":"BRA-tocantins"}},
{"type":"Feature","geometry":{"type":"Polygon","coordinates":[[[-45.683,-10.231],[-45.682,-10.231],[-45.671,-10.242],[-45.732,-10.347],[-45.829,-10.362],[-45.863,-10.458],[-46.011,-10.542],[-46.094,-10.645],[-46.221,-10.661],[-46.197,-10.737],[-46.3,-10.825],[-46.318,-10.923],[-46.451,-11.096],[-46.493,-11.207],[-46.595,-11.251],[-46.583,-11.36],[-46.525,-11.473],[-46.431,-11.556],[-46.277,-11.556],[-46.35,-11.807],[-46.312,-11.941],[-46.412,-12.024],[-46.349,-12.129],[-46.398,-12.231],[-46.306,-12.386],[-46.257,-12.406],[-46.216,-12.573],[-46.312,-12.735],[-46.311,-12.958],[-46.322,-12.971],[-46.311,-12.971],[-46.279,-12.986],[-46.318,-13.089],[-46.302,-13.374],[-46.235,-13.308],[-46.088,-13.317],[-46.25,-13.437],[-46.241,-13.666],[-46.269,-13.82],[-46.25,-14.069],[-46.067,-14.277],[-45.905,-14.368],[-46.019,-14.466],[-46.018,-14.832],[-46.057,-14.88],[-46.075,-14.901],[-46.064,-14.927],[-46.065,-14.936],[-46.049,-14.929],[-45.977,-14.963],[-46.006,-15.099],[-46.026,-15.128],[-45.891,-15.174],[-45.731,-15.105],[-45.611,-14.965],[-45.465,-14.954],[-45.342,-14.915],[-45.262,-14.788],[-45.173,-14.748],[-45.057,-14.745],[-44.977,-14.641],[-44.874,-14.627],[-44.754,-14.448],[-44.672,-14.444],[-44.551,-14.337],[-44.433,-14.329],[-44.381,-14.275],[-44.026,-14.275],[-43.794,-14.345],[-43.843,-14.478],[-43.882,-14.668],[-43.473,-14.781],[-43.31,-14.672],[-43.135,-14.676],[-42.984,-14.743],[-42.915,-14.744],[-42.741,-14.853],[-42.657,-14.943],[-42.534,-14.972],[-42.321,-15.103],[-42.166,-15.108],[-42.027,-15.187],[-41.881,-15.123],[-41.75,-15.148],[-41.589,-15.27],[-41.365,-15.465],[-41.334,-15.542],[-41.336,-15.751],[-41.304,-15.783],[-41.079,-15.783],[-40.958,-15.719],[-40.918,-15.638],[-40.683,-15.689],[-40.549,-15.786],[-40.201,-15.813],[-40.092,-15.909],[-39.905,-15.984],[-39.842,-16.087],[-39.838,-16.175],[-39.919,-16.301],[-39.997,-16.325],[-40.022,-16.408],[-40.119,-16.501],[-40.228,-16.553],[-40.295,-16.686],[-40.245,-16.822],[-40.31,-16.888],[-40.462,-16.889],[-40.524,-17.008],[-40.539,-17.244],[-40.597,-17.329],[-40.577,-17.42],[-40.507,-17.455],[-40.425,-17.602],[-40.333,-17.627],[-40.204,-17.769],[-40.194,-17.908],[-40.262,-17.942],[-40.276,-17.955],[-40.263,-17.955],[-40.228,-17.971],[-40.165,-17.984],[-40.067,-18.07],[-39.927,-18.142],[-39.89,-18.209],[-39.66,-18.314],[-39.583,-18.218],[-39.577,-18.149],[-39.451,-18.018],[-39.44,-17.961],[-39.198,-17.833],[-39.114,-17.717],[-39.149,-17.529],[-39.133,-17.336],[-39.16,-17.232],[-39.144,-17.061],[-39.073,-16.967],[-39.072,-16.724],[-39.023,-16.677],[-39.013,-16.474],[-38.976,-16.249],[-38.926,-16.21],[-38.916,-16.063],[-38.837,-15.978],[-38.798,-15.795],[-38.843,-15.657],[-38.91,-15.609],[-38.904,-15.402],[-38.97,-15.241],[-38.957,-14.761],[-39.004,-14.727],[-38.958,-14.565],[-38.944,-14.204],[-38.876,-14.126],[-38.876,-13.86],[-38.95,-13.758],[-38.838,-13.595],[-38.844,-13.392],[-38.896,-13.263],[-38.656,-13.103],[-38.485,-13.051],[-38.258,-12.958],[-38.242,-12.89],[-38.044,-12.751],[-38.033,-12.691],[-37.907,-12.55],[-37.888,-12.476],[-37.79,-12.361],[-37.699,-12.319],[-37.632,-12.117],[-37.511,-11.97],[-37.429,-11.74],[-37.359,-11.665],[-37.374,-11.548],[-37.602,-11.554],[-37.815,-11.491],[-37.935,-11.397],[-37.951,-11.209],[-38.046,-11.118],[-38.16,-10.932],[-38.18,-10.731],[-38.021,-10.694],[-37.871,-10.735],[-37.769,-10.656],[-37.782,-10.439],[-37.707,-10.291],[-37.71,-10.17],[-37.773,-10.038],[-37.927,-9.953],[-37.944,-9.829],[-37.999,-9.772],[-37.94,-9.657],[-37.967,-9.564],[-37.939,-9.548],[-37.926,-9.548],[-37.94,-9.533],[-38.042,-9.464],[-38.171,-9.451],[-38.174,-9.377],[-38.166,-9.345],[-38.188,-9.328],[-38.224,-9.192],[-38.274,-9.117],[-38.256,-9.024],[-38.432,-9.043],[-38.435,-8.879],[-38.532,-8.857],[-38.634,-8.905],[-38.74,-8.845],[-38.907,-8.821],[-39.077,-8.727],[-39.17,-8.702],[-39.347,-8.57],[-39.491,-8.648],[-39.659,-8.673],[-39.682,-8.795],[-39.863,-8.837],[-39.846,-9.013],[-40.097,-9.123],[-40.24,-9.08],[-40.25,-9.24],[-40.312,-9.389],[-40.493,-9.454],[-40.536,-9.504],[-40.663,-9.495],[-40.697,-9.453],[-40.661,-9.193],[-40.791,-9.109],[-40.815,-8.97],[-40.932,-8.835],[-41.062,-8.822],[-41.141,-8.711],[-41.315,-8.768],[-41.336,-8.761],[-41.361,-8.774],[-41.484,-8.893],[-41.5,-9.025],[-41.709,-9.069],[-41.796,-9.231],[-41.878,-9.286],[-42.177,-9.295],[-42.392,-9.416],[-42.453,-9.497],[-42.7,-9.549],[-42.756,-9.62],[-42.934,-9.561],[-42.95,-9.459],[-43.122,-9.404],[-43.228,-9.45],[-43.382,-9.38],[-43.461,-9.294],[-43.77,-9.454],[-43.851,-9.61],[-43.791,-9.777],[-43.678,-9.867],[-43.681,-10.037],[-43.786,-10.1],[-43.796,-10.203],[-43.911,-10.424],[-44.008,-10.445],[-44.024,-10.514],[-44.152,-10.658],[-44.254,-10.654],[-44.311,-10.604],[-44.447,-10.653],[-44.552,-10.658],[-44.705,-10.801],[-44.798,-10.82],[-44.913,-10.927],[-45.057,-10.875],[-45.208,-10.855],[-45.284,-10.766],[-45.364,-10.748],[-45.455,-10.629],[-45.426,-10.465],[-45.567,-10.217],[-45.677,-10.208],[-45.68,-10.226],[-45.681,-10.23],[-45.683,-10.231]]]},"properties":{"name":"Bahia","iso3":"BRA","isoCode":"BR-BA","id":"BRA-bahia"}},
{"type":"Feature","geometry":{"type":"Polygon","coordinates":[[[-61.526,-8.764],[-61.518,-8.765],[-61.528,-8.777],[-61.471,-8.834],[-61.526,-8.967],[-61.539,-9.155],[-61.595,-9.226],[-61.535,-9.348],[-61.573,-9.443],[-61.469,-9.574],[-61.528,-9.709],[-61.533,-9.983],[-61.589,-10.023],[-61.581,-10.226],[-61.48,-10.341],[-61.473,-10.721],[-61.525,-10.797],[-61.501,-10.924],[-60.628,-10.924],[-60.469,-10.928],[-60.444,-10.998],[-60.363,-11.041],[-60.176,-11.086],[-60.131,-11.04],[-60.007,-11.117],[-59.918,-11.312],[-59.943,-11.402],[-60.105,-11.551],[-60.101,-11.855],[-60.015,-11.862],[-59.89,-12.092],[-59.862,-12.227],[-59.774,-12.317],[-59.82,-12.427],[-59.946,-12.463],[-60.041,-12.593],[-60.06,-12.855],[-60.178,-12.935],[-60.267,-13.051],[-60.401,-13.422],[-60.659,-13.568],[-60.672,-13.661],[-60.589,-13.759],[-60.524,-13.752],[-60.42,-13.953],[-60.491,-14.166],[-60.418,-14.388],[-60.361,-14.478],[-60.361,-14.555],[-60.303,-14.65],[-60.249,-14.855],[-60.264,-15.049],[-60.513,-15.077],[-60.492,-15.175],[-60.31,-15.387],[-60.211,-15.55],[-60.166,-15.938],[-60.166,-16.21],[-60.127,-16.252],[-59.748,-16.252],[-59.445,-16.289],[-59.228,-16.275],[-59.083,-16.308],[-59,-16.294],[-58.795,-16.324],[-58.519,-16.308],[-58.352,-16.342],[-58.351,-16.489],[-58.469,-16.73],[-58.468,-17.005],[-58.399,-17.055],[-58.388,-17.172],[-58.315,-17.251],[-58.308,-17.362],[-58.201,-17.373],[-58.054,-17.512],[-57.85,-17.509],[-57.787,-17.569],[-57.678,-17.63],[-57.66,-17.724],[-57.539,-17.847],[-57.435,-17.91],[-57.246,-17.805],[-57.089,-17.785],[-56.989,-17.671],[-56.968,-17.586],[-56.86,-17.512],[-56.717,-17.342],[-56.443,-17.351],[-56.309,-17.292],[-56.161,-17.185],[-56.039,-17.197],[-55.943,-17.292],[-55.661,-17.358],[-55.573,-17.445],[-55.203,-17.627],[-54.818,-17.635],[-54.755,-17.541],[-54.498,-17.471],[-54.406,-17.586],[-54.383,-17.683],[-54.083,-17.614],[-54.034,-17.496],[-53.879,-17.42],[-53.761,-17.291],[-53.7,-17.268],[-53.721,-17.657],[-53.88,-17.7],[-53.979,-17.904],[-53.895,-17.925],[-53.797,-18.045],[-53.671,-17.978],[-53.599,-18.046],[-53.506,-18.036],[-53.461,-17.974],[-53.363,-18.037],[-53.089,-18.076],[-53.082,-18.068],[-53.079,-18.078],[-53.065,-18.049],[-53.141,-17.818],[-53.168,-17.79],[-53.228,-17.723],[-53.243,-17.453],[-53.183,-17.39],[-53.195,-17.304],[-53.162,-17.195],[-53.075,-17.113],[-53.034,-16.911],[-52.973,-16.899],[-52.796,-16.769],[-52.788,-16.701],[-52.703,-16.592],[-52.598,-16.54],[-52.602,-16.448],[-52.666,-16.414],[-52.669,-16.281],[-52.568,-16.259],[-52.546,-16.174],[-52.323,-16.086],[-52.307,-16.001],[-52.234,-15.901],[-52.146,-15.91],[-52.002,-15.872],[-51.846,-15.752],[-51.716,-15.533],[-51.706,-15.317],[-51.646,-15.217],[-51.476,-15.05],[-51.333,-14.989],[-51.296,-15.046],[-51.153,-15.007],[-51.081,-14.902],[-51.094,-14.752],[-51.038,-14.691],[-50.981,-14.532],[-50.987,-14.372],[-50.96,-14.25],[-50.863,-14.081],[-50.851,-13.719],[-50.791,-13.565],[-50.694,-13.487],[-50.627,-13.348],[-50.621,-13.18],[-50.569,-13.072],[-50.506,-12.857],[-50.519,-12.834],[-50.519,-12.845],[-50.533,-12.834],[-50.6,-12.833],[-50.679,-12.668],[-50.681,-12.476],[-50.643,-12.416],[-50.675,-12.192],[-50.687,-11.97],[-50.668,-11.882],[-50.745,-11.723],[-50.679,-11.617],[-50.736,-11.537],[-50.747,-11.347],[-50.686,-11.263],[-50.653,-11.113],[-50.638,-10.853],[-50.589,-10.773],[-50.588,-10.637],[-50.536,-10.564],[-50.514,-10.435],[-50.423,-10.317],[-50.391,-10.108],[-50.309,-10.032],[-50.242,-9.868],[-50.248,-9.85],[-50.252,-9.84],[-50.259,-9.847],[-50.73,-9.801],[-51.476,-9.791],[-51.496,-9.756],[-52.029,-9.718],[-52.472,-9.675],[-52.596,-9.647],[-53.169,-9.635],[-54.065,-9.533],[-54.783,-9.512],[-55.05,-9.468],[-55.769,-9.418],[-56.166,-9.398],[-56.232,-9.362],[-56.701,-9.369],[-56.874,-9.181],[-57.029,-9.161],[-57.061,-9.06],[-57.168,-8.931],[-57.278,-8.883],[-57.487,-8.732],[-57.594,-8.699],[-57.612,-8.53],[-57.663,-8.448],[-57.672,-8.28],[-57.652,-8.166],[-57.83,-7.936],[-57.906,-7.669],[-58.032,-7.403],[-58.097,-7.316],[-58.131,-7.307],[-58.127,-7.316],[-58.137,-7.316],[-58.224,-7.478],[-58.176,-7.543],[-58.345,-7.77],[-58.34,-7.916],[-58.287,-7.991],[-58.297,-8.283],[-58.407,-8.437],[-58.401,-8.634],[-58.341,-8.659],[-58.392,-8.763],[-58.524,-8.775],[-59.804,-8.767],[-60.291,-8.756],[-61.507,-8.752],[-61.526,-8.764]]]},"properties":{"name":"Mato Grosso","iso3":"BRA","isoCode":"BR-MT","id":"BRA-mato-grosso"}},
{"type":"Feature","geometry":{"type":"Polygon","coordinates":[[[-50.519,-12.834],[-50.506,-12.857],[-50.569,-13.072],[-50.621,-13.18],[-50.627,-13.348],[-50.694,-13.487],[-50.791,-13.565],[-50.851,-13.719],[-50.863,-14.081],[-50.96,-14.25],[-50.987,-14.372],[-50.981,-14.532],[-51.038,-14.691],[-51.094,-14.752],[-51.081,-14.902],[-51.153,-15.007],[-51.296,-15.046],[-51.333,-14.989],[-51.476,-15.05],[-51.646,-15.217],[-51.706,-15.317],[-51.716,-15.533],[-51.846,-15.752],[-52.002,-15.872],[-52.146,-15.91],[-52.234,-15.901],[-52.307,-16.001],[-52.323,-16.086],[-52.546,-16.174],[-52.568,-16.259],[-52.669,-16.281],[-52.666,-16.414],[-52.602,-16.448],[-52.598,-16.54],[-52.703,-16.592],[-52.788,-16.701],[-52.796,-16.769],[-52.973,-16.899],[-53.034,-16.911],[-53.075,-17.113],[-53.162,-17.195],[-53.195,-17.304],[-53.183,-17.39],[-53.243,-17.453],[-53.228,-17.723],[-53.168,-17.79],[-53.141,-17.818],[-53.065,-18.049],[-53.079,-18.078],[-53.073,-18.099],[-53.079,-18.107],[-53.084,-18.11],[-53.12,-18.132],[-53.111,-18.341],[-53.006,-18.321],[-52.816,-18.326],[-52.812,-18.459],[-52.896,-18.486],[-52.95,-18.607],[-52.764,-18.722],[-52.638,-18.717],[-52.542,-18.674],[-52.413,-18.786],[-52.382,-18.846],[-52.204,-18.875],[-52.091,-18.989],[-51.909,-19.033],[-51.823,-19.103],[-51.651,-19.182],[-51.438,-19.191],[-51.282,-19.299],[-51.17,-19.3],[-50.982,-19.416],[-50.971,-19.51],[-50.947,-19.527],[-50.942,-19.536],[-50.935,-19.521],[-50.88,-19.506],[-50.87,-19.348],[-50.755,-19.207],[-50.62,-19.179],[-50.558,-19.104],[-50.481,-18.881],[-50.354,-18.736],[-50.002,-18.623],[-49.954,-18.666],[-49.815,-18.66],[-49.672,-18.569],[-49.526,-18.511],[-49.423,-18.671],[-49.199,-18.455],[-49.057,-18.447],[-48.973,-18.319],[-48.852,-18.373],[-48.232,-18.375],[-48.18,-18.439],[-48.053,-18.45],[-47.951,-18.504],[-47.722,-18.37],[-47.646,-18.284],[-47.313,-18.063],[-47.403,-17.906],[-47.357,-17.714],[-47.308,-17.61],[-47.39,-17.541],[-47.497,-17.53],[-47.557,-17.423],[-47.45,-17.366],[-47.437,-17.266],[-47.341,-17.159],[-47.216,-17.071],[-47.193,-16.963],[-47.248,-16.758],[-47.443,-16.545],[-47.443,-16.419],[-47.345,-16.259],[-47.346,-16.086],[-47.223,-16],[-47.092,-15.973],[-46.833,-15.879],[-46.82,-15.799],[-46.925,-15.626],[-46.933,-15.477],[-46.884,-15.407],[-46.874,-15.268],[-46.92,-15.23],[-46.937,-15.089],[-46.859,-15.016],[-46.724,-15.065],[-46.573,-15.072],[-46.529,-15.043],[-46.523,-14.761],[-46.424,-14.75],[-46.318,-14.848],[-46.305,-14.933],[-46.081,-14.944],[-46.064,-14.927],[-46.075,-14.901],[-46.057,-14.88],[-46.018,-14.832],[-46.019,-14.466],[-45.905,-14.368],[-46.067,-14.277],[-46.25,-14.069],[-46.269,-13.82],[-46.241,-13.666],[-46.25,-13.437],[-46.088,-13.317],[-46.235,-13.308],[-46.302,-13.374],[-46.318,-13.089],[-46.279,-12.986],[-46.311,-12.971],[-46.334,-12.984],[-46.358,-12.975],[-46.359,-12.97],[-46.38,-12.861],[-46.444,-12.982],[-46.724,-12.989],[-47.081,-13.172],[-47.222,-13.199],[-47.315,-13.258],[-47.492,-13.235],[-47.586,-13.134],[-47.683,-13.185],[-47.666,-13.372],[-47.776,-13.392],[-47.824,-13.312],[-48.058,-13.294],[-48.154,-13.309],[-48.204,-13.195],[-48.308,-13.245],[-48.473,-13.261],[-48.478,-13.156],[-48.567,-13.189],[-48.577,-13.095],[-48.653,-13.025],[-48.758,-13.013],[-48.816,-12.864],[-48.995,-12.941],[-49.142,-12.839],[-49.241,-12.918],[-49.266,-13.003],[-49.364,-13.146],[-49.379,-13.261],[-49.463,-13.264],[-49.624,-13.131],[-49.935,-12.981],[-50.063,-12.896],[-50.218,-12.888],[-50.299,-12.77],[-50.292,-12.66],[-50.29,-12.644],[-50.234,-12.604],[-50.233,-12.488],[-50.348,-12.529],[-50.457,-12.667],[-50.507,-12.808],[-50.519,-12.834]],[[-47.591,-15.541],[-47.436,-15.546],[-47.321,-15.637],[-47.337,-15.829],[-47.382,-15.891],[-47.387,-16.011],[-47.432,-16.042],[-48.238,-16.045],[-48.279,-15.916],[-48.242,-15.67],[-48.191,-15.537],[-47.591,-15.541]]]},"properties":{"name":"Goias","iso3":"BRA","isoCode":"BR-GO","id":"BRA-goias"}},
{"type":"Feature","geometry":{"type":"Polygon","coordinates":[[[-47.591,-15.541],[-48.191,-15.537],[-48.242,-15.67],[-48.279,-15.916],[-48.238,-16.045],[-47.432,-16.042],[-47.387,-16.011],[-47.382,-15.891],[-47.337,-15.829],[-47.321,-15.637],[-47.436,-15.546],[-47.591,-15.541]]]},"properties":{"name":"Distrito Federal","iso3":"BRA","isoCode":"BR-DF","id":"BRA-distrito-federal"}},
{"type":"Feature","geometry":{"type":"Polygon","coordinates":[[[-46.064,-14.927],[-46.081,-14.944],[-46.305,-14.933],[-46.318,-14.848],[-46.424,-14.75],[-46.523,-14.761],[-46.529,-15.043],[-46.573,-15.072],[-46.724,-15.065],[-46.859,-15.016],[-46.937,-15.089],[-46.92,-15.23],[-46.874,-15.268],[-46.884,-15.407],[-46.933,-15.477],[-46.925,-15.626],[-46.82,-15.799],[-46.833,-15.879],[-47.092,-15.973],[-47.223,-16],[-47.346,-16.086],[-47.345,-16.259],[-47.443,-16.419],[-47.443,-16.545],[-47.248,-16.758],[-47.193,-16.963],[-47.216,-17.071],[-47.341,-17.159],[-47.437,-17.266],[-47.45,-17.366],[-47.557,-17.423],[-47.497,-17.53],[-47.39,-17.541],[-47.308,-17.61],[-47.357,-17.714],[-47.403,-17.906],[-47.313,-18.063],[-47.646,-18.284],[-47.722,-18.37],[-47.951,-18.504],[-48.053,-18.45],[-48.18,-18.439],[-48.232,-18.375],[-48.852,-18.373],[-48.973,-18.319],[-49.057,-18.447],[-49.199,-18.455],[-49.423,-18.671],[-49.526,-18.511],[-49.672,-18.569],[-49.815,-18.66],[-49.954,-18.666],[-50.002,-18.623],[-50.354,-18.736],[-50.481,-18.881],[-50.558,-19.104],[-50.62,-19.179],[-50.755,-19.207],[-50.87,-19.348],[-50.88,-19.506],[-50.935,-19.521],[-50.942,-19.536],[-50.947,-19.527],[-50.95,-19.551],[-50.941,-19.624],[-51.043,-19.691],[-51.052,-19.994],[-51.041,-20.025],[-51.035,-20.018],[-51.03,-20.025],[-50.898,-20.026],[-50.784,-19.933],[-50.694,-19.92],[-50.574,-19.81],[-50.44,-19.825],[-50.367,-19.883],[-50.18,-19.916],[-49.985,-19.928],[-49.924,-19.995],[-49.795,-19.968],[-49.682,-20.014],[-49.643,-19.931],[-49.536,-19.947],[-49.371,-20.049],[-49.266,-20.323],[-49.167,-20.263],[-49.087,-20.163],[-49.014,-20.217],[-48.996,-20.432],[-48.92,-20.453],[-48.898,-20.232],[-48.784,-20.181],[-48.686,-20.205],[-48.569,-20.162],[-48.073,-20.162],[-48.04,-20.095],[-47.941,-20.159],[-47.916,-20.054],[-47.674,-20.069],[-47.558,-19.997],[-47.446,-20.099],[-47.286,-20.19],[-47.303,-20.465],[-47.136,-20.656],[-47.233,-20.799],[-47.271,-20.921],[-47.217,-21.022],[-47.204,-21.161],[-47.137,-21.3],[-47.004,-21.49],[-46.928,-21.421],[-46.725,-21.425],[-46.57,-21.516],[-46.588,-21.672],[-46.668,-21.723],[-46.734,-21.862],[-46.683,-22.037],[-46.739,-22.145],[-46.664,-22.204],[-46.737,-22.262],[-46.739,-22.401],[-46.669,-22.476],[-46.49,-22.565],[-46.464,-22.687],[-46.505,-22.787],[-46.416,-22.82],[-46.401,-22.937],[-46.211,-22.913],[-46.159,-22.952],[-46.02,-22.903],[-45.91,-22.899],[-45.79,-22.802],[-45.809,-22.717],[-45.719,-22.662],[-45.42,-22.673],[-45.225,-22.595],[-45.171,-22.504],[-44.938,-22.475],[-44.834,-22.436],[-44.805,-22.436],[-44.787,-22.421],[-44.624,-22.398],[-44.528,-22.296],[-44.423,-22.335],[-44.369,-22.29],[-44.226,-22.291],[-44.179,-22.246],[-44.057,-22.233],[-43.974,-22.148],[-43.797,-22.094],[-43.503,-22.089],[-43.399,-22.034],[-43.215,-22.085],[-42.958,-22.035],[-42.78,-21.932],[-42.598,-21.89],[-42.297,-21.745],[-42.308,-21.681],[-42.403,-21.647],[-42.289,-21.562],[-42.291,-21.328],[-42.233,-21.27],[-42.168,-21.13],[-42.192,-20.979],[-42.038,-20.965],[-41.925,-20.838],[-41.901,-20.825],[-41.89,-20.825],[-41.901,-20.813],[-41.878,-20.614],[-41.833,-20.597],[-41.824,-20.455],[-41.877,-20.426],[-41.88,-20.327],[-41.715,-20.198],[-41.41,-20.199],[-41.374,-20.069],[-41.198,-19.878],[-41.199,-19.72],[-41.088,-19.623],[-41.081,-19.525],[-40.964,-19.472],[-40.964,-19.149],[-41.068,-19.066],[-41.092,-18.964],[-41.235,-18.844],[-40.996,-18.833],[-40.943,-18.735],[-41.031,-18.49],[-41.172,-18.462],[-41.179,-18.342],[-41.119,-18.227],[-40.97,-18.159],[-40.773,-18.141],[-40.782,-18.048],[-40.696,-18.022],[-40.558,-17.911],[-40.327,-17.919],[-40.316,-17.952],[-40.313,-17.961],[-40.29,-17.967],[-40.263,-17.955],[-40.276,-17.955],[-40.262,-17.942],[-40.194,-17.908],[-40.204,-17.769],[-40.333,-17.627],[-40.425,-17.602],[-40.507,-17.455],[-40.577,-17.42],[-40.597,-17.329],[-40.539,-17.244],[-40.524,-17.008],[-40.462,-16.889],[-40.31,-16.888],[-40.245,-16.822],[-40.295,-16.686],[-40.228,-16.553],[-40.119,-16.501],[-40.022,-16.408],[-39.997,-16.325],[-39.919,-16.301],[-39.838,-16.175],[-39.842,-16.087],[-39.905,-15.984],[-40.092,-15.909],[-40.201,-15.813],[-40.549,-15.786],[-40.683,-15.689],[-40.918,-15.638],[-40.958,-15.719],[-41.079,-15.783],[-41.304,-15.783],[-41.336,-15.751],[-41.334,-15.542],[-41.365,-15.465],[-41.589,-15.27],[-41.75,-15.148],[-41.881,-15.123],[-42.027,-15.187],[-42.166,-15.108],[-42.321,-15.103],[-42.534,-14.972],[-42.657,-14.943],[-42.741,-14.853],[-42.915,-14.744],[-42.984,-14.743],[-43.135,-14.676],[-43.31,-14.672],[-43.473,-14.781],[-43.882,-14.668],[-43.843,-14.478],[-43.794,-14.345],[-44.026,-14.275],[-44.381,-14.275],[-44.433,-14.329],[-44.551,-14.337],[-44.672,-14.444],[-44.754,-14.448],[-44.874,-14.627],[-44.977,-14.641],[-45.057,-14.745],[-45.173,-14.748],[-45.262,-14.788],[-45.342,-14.915],[-45.465,-14.954],[-45.611,-14.965],[-45.731,-15.105],[-45.891,-15.174],[-46.026,-15.128],[-46.006,-15.099],[-45.977,-14.963],[-46.049,-14.929],[-46.065,-14.936],[-46.064,-14.927]]]},"properties":{"name":"Minas Gerais","iso3":"BRA","isoCode":"BR-MG","id":"BRA-minas-gerais"}},
{"type":"Feature","geometry":{"type":"Polygon","coordinates":[[[-40.263,-17.955],[-40.29,-17.967],[-40.313,-17.961],[-40.316,-17.952],[-40.327,-17.919],[-40.558,-17.911],[-40.696,-18.022],[-40.782,-18.048],[-40.773,-18.141],[-40.97,-18.159],[-41.119,-18.227],[-41.179,-18.342],[-41.172,-18.462],[-41.031,-18.49],[-40.943,-18.735],[-40.996,-18.833],[-41.235,-18.844],[-41.092,-18.964],[-41.068,-19.066],[-40.964,-19.149],[-40.964,-19.472],[-41.081,-19.525],[-41.088,-19.623],[-41.199,-19.72],[-41.198,-19.878],[-41.374,-20.069],[-41.41,-20.199],[-41.715,-20.198],[-41.88,-20.327],[-41.877,-20.426],[-41.824,-20.455],[-41.833,-20.597],[-41.878,-20.614],[-41.901,-20.813],[-41.89,-20.825],[-41.901,-20.825],[-41.88,-20.837],[-41.784,-20.862],[-41.785,-21.144],[-41.759,-21.184],[-41.613,-21.193],[-41.564,-21.234],[-41.313,-21.239],[-41.261,-21.291],[-41.012,-21.294],[-40.938,-21.191],[-40.869,-21.177],[-40.845,-21.036],[-40.783,-20.916],[-40.57,-20.853],[-40.508,-20.662],[-40.384,-20.593],[-40.328,-20.507],[-40.155,-20.121],[-40.137,-20.004],[-40.089,-19.984],[-40.119,-19.82],[-40.476,-19.704],[-40.43,-19.674],[-40.098,-19.775],[-39.972,-19.752],[-39.835,-19.681],[-39.719,-19.434],[-39.703,-19.347],[-39.696,-19.025],[-39.715,-18.955],[-39.716,-18.665],[-39.735,-18.539],[-39.66,-18.314],[-39.89,-18.209],[-39.927,-18.142],[-40.067,-18.07],[-40.165,-17.984],[-40.228,-17.971],[-40.263,-17.955]]]},"properties":{"name":"Espirito Santo","iso3":"BRA","isoCode":"BR-ES","id":"BRA-espirito-santo"}},
{"type":"Feature","geometry":{"type":"Polygon","coordinates":[[[-57.787,-17.569],[-57.801,-17.713],[-57.674,-17.842],[-57.642,-18.036],[-57.538,-18.186],[-57.672,-18.588],[-57.76,-18.906],[-57.715,-19.002],[-57.783,-19.04],[-57.848,-19.159],[-57.886,-19.308],[-57.936,-19.345],[-57.985,-19.529],[-58.031,-19.559],[-58.092,-19.709],[-58.068,-19.845],[-57.926,-19.929],[-57.968,-20.045],[-58.071,-20.058],[-58.13,-20.174],[-58.063,-20.277],[-58.048,-20.403],[-58.003,-20.472],[-57.95,-20.852],[-57.858,-20.93],[-57.845,-21.206],[-57.896,-21.298],[-57.84,-21.354],[-57.961,-21.503],[-57.96,-21.845],[-57.928,-21.903],[-57.952,-22.015],[-57.92,-22.126],[-57.796,-22.142],[-57.658,-22.113],[-57.585,-22.13],[-57.407,-22.254],[-57.331,-22.272],[-56.986,-22.273],[-56.819,-22.323],[-56.619,-22.271],[-56.409,-22.133],[-56.175,-22.341],[-55.86,-22.35],[-55.773,-22.477],[-55.733,-22.624],[-55.648,-22.655],[-55.642,-22.749],[-55.7,-22.832],[-55.642,-22.984],[-55.616,-23.132],[-55.525,-23.238],[-55.55,-23.329],[-55.559,-23.548],[-55.443,-23.73],[-55.444,-23.924],[-55.372,-24.028],[-55.162,-24.048],[-54.989,-24.028],[-54.876,-23.937],[-54.746,-23.941],[-54.61,-23.874],[-54.539,-23.935],[-54.432,-23.946],[-54.309,-24.077],[-54.247,-24.074],[-54.105,-23.944],[-54.05,-23.718],[-54.032,-23.543],[-53.977,-23.467],[-53.895,-23.454],[-53.721,-23.349],[-53.657,-23.172],[-53.622,-22.96],[-53.425,-22.873],[-53.335,-22.76],[-53.225,-22.759],[-53.159,-22.676],[-53.132,-22.652],[-53.129,-22.629],[-53.061,-22.548],[-52.79,-22.42],[-52.694,-22.333],[-52.544,-22.268],[-52.349,-22.071],[-52.323,-21.955],[-52.243,-21.9],[-52.071,-21.676],[-52.119,-21.562],[-51.962,-21.531],[-51.907,-21.39],[-51.88,-21.201],[-51.785,-21.113],[-51.764,-21.043],[-51.656,-20.982],[-51.658,-20.696],[-51.513,-20.61],[-51.469,-20.52],[-51.368,-20.408],[-51.241,-20.333],[-51.111,-20.308],[-51.056,-20.128],[-51.053,-20.038],[-51.041,-20.025],[-51.052,-19.994],[-51.043,-19.691],[-50.941,-19.624],[-50.95,-19.551],[-50.947,-19.527],[-50.971,-19.51],[-50.982,-19.416],[-51.17,-19.3],[-51.282,-19.299],[-51.438,-19.191],[-51.651,-19.182],[-51.823,-19.103],[-51.909,-19.033],[-52.091,-18.989],[-52.204,-18.875],[-52.382,-18.846],[-52.413,-18.786],[-52.542,-18.674],[-52.638,-18.717],[-52.764,-18.722],[-52.95,-18.607],[-52.896,-18.486],[-52.812,-18.459],[-52.816,-18.326],[-53.006,-18.321],[-53.111,-18.341],[-53.12,-18.132],[-53.084,-18.11],[-53.079,-18.107],[-53.073,-18.099],[-53.079,-18.078],[-53.082,-18.068],[-53.089,-18.076],[-53.363,-18.037],[-53.461,-17.974],[-53.506,-18.036],[-53.599,-18.046],[-53.671,-17.978],[-53.797,-18.045],[-53.895,-17.925],[-53.979,-17.904],[-53.88,-17.7],[-53.721,-17.657],[-53.7,-17.268],[-53.761,-17.291],[-53.879,-17.42],[-54.034,-17.496],[-54.083,-17.614],[-54.383,-17.683],[-54.406,-17.586],[-54.498,-17.471],[-54.755,-17.541],[-54.818,-17.635],[-55.203,-17.627],[-55.573,-17.445],[-55.661,-17.358],[-55.943,-17.292],[-56.039,-17.197],[-56.161,-17.185],[-56.309,-17.292],[-56.443,-17.351],[-56.717,-17.342],[-56.86,-17.512],[-56.968,-17.586],[-56.989,-17.671],[-57.089,-17.785],[-57.246,-17.805],[-57.435,-17.91],[-57.539,-17.847],[-57.66,-17.724],[-57.678,-17.63],[-57.787,-17.569]]]},"properties":{"name":"Mato Grosso do Sul","iso3":"BRA","isoCode":"BR-MS","id":"BRA-mato-grosso-do-sul"}},
{"type":"Feature","geometry":{"type":"Polygon","coordinates":[[[-44.805,-22.436],[-44.79,-22.437],[-44.793,-22.453],[-44.695,-22.668],[-44.534,-22.665],[-44.385,-22.62],[-44.244,-22.682],[-44.307,-22.897],[-44.544,-22.902],[-44.761,-22.963],[-44.86,-23.053],[-44.877,-23.176],[-44.923,-23.247],[-44.827,-23.415],[-44.676,-23.432],[-44.614,-23.333],[-44.634,-23.269],[-44.726,-23.26],[-44.742,-23.139],[-44.691,-23.083],[-44.374,-23.102],[-44.231,-23.19],[-44.132,-23.184],[-44.073,-23.121],[-43.884,-23.132],[-43.849,-23.089],[-43.391,-23.088],[-43.254,-23.13],[-43.233,-23.049],[-43.057,-23.028],[-42.768,-23.043],[-42.65,-22.974],[-42.397,-22.964],[-42.244,-22.978],[-42.089,-23.027],[-42.048,-22.889],[-41.95,-22.798],[-42.017,-22.711],[-42.012,-22.584],[-41.867,-22.465],[-41.816,-22.387],[-41.583,-22.273],[-41.457,-22.261],[-41.321,-22.213],[-41.247,-22.149],[-41.106,-22.122],[-40.991,-21.992],[-41.042,-21.893],[-41.033,-21.607],[-41.08,-21.513],[-40.969,-21.397],[-41.012,-21.294],[-41.261,-21.291],[-41.313,-21.239],[-41.564,-21.234],[-41.613,-21.193],[-41.759,-21.184],[-41.785,-21.144],[-41.784,-20.862],[-41.88,-20.837],[-41.901,-20.825],[-41.925,-20.838],[-42.038,-20.965],[-42.192,-20.979],[-42.168,-21.13],[-42.233,-21.27],[-42.291,-21.328],[-42.289,-21.562],[-42.403,-21.647],[-42.308,-21.681],[-42.297,-21.745],[-42.598,-21.89],[-42.78,-21.932],[-42.958,-22.035],[-43.215,-22.085],[-43.399,-22.034],[-43.503,-22.089],[-43.797,-22.094],[-43.974,-22.148],[-44.057,-22.233],[-44.179,-22.246],[-44.226,-22.291],[-44.369,-22.29],[-44.423,-22.335],[-44.528,-22.296],[-44.624,-22.398],[-44.787,-22.421],[-44.805,-22.436]]]},"properties":{"name":"Rio de Janeiro","iso3":"BRA","isoCode":"BR-RJ","id":"BRA-rio-de-janeiro"}},
{"type":"Feature","geometry":{"type":"Polygon","coordinates":[[[-51.041,-20.025],[-51.053,-20.038],[-51.056,-20.128],[-51.111,-20.308],[-51.241,-20.333],[-51.368,-20.408],[-51.469,-20.52],[-51.513,-20.61],[-51.658,-20.696],[-51.656,-20.982],[-51.764,-21.043],[-51.785,-21.113],[-51.88,-21.201],[-51.907,-21.39],[-51.962,-21.531],[-52.119,-21.562],[-52.071,-21.676],[-52.243,-21.9],[-52.323,-21.955],[-52.349,-22.071],[-52.544,-22.268],[-52.694,-22.333],[-52.79,-22.42],[-53.061,-22.548],[-53.129,-22.629],[-53.132,-22.652],[-53.133,-22.663],[-53.124,-22.658],[-53.029,-22.612],[-52.822,-22.611],[-52.778,-22.673],[-52.601,-22.618],[-52.511,-22.675],[-52.192,-22.661],[-52.157,-22.571],[-52.052,-22.573],[-51.88,-22.664],[-51.653,-22.723],[-51.491,-22.676],[-50.967,-22.831],[-50.839,-22.908],[-50.813,-23.012],[-50.564,-22.957],[-50.04,-22.964],[-49.928,-23.054],[-49.907,-23.123],[-49.774,-23.152],[-49.717,-23.236],[-49.65,-23.501],[-49.7,-23.542],[-49.652,-23.631],[-49.596,-23.847],[-49.647,-23.917],[-49.58,-24.033],[-49.453,-24.164],[-49.407,-24.27],[-49.292,-24.396],[-49.339,-24.718],[-48.69,-24.729],[-48.575,-24.823],[-48.634,-24.91],[-48.627,-25.125],[-48.536,-25.13],[-48.438,-25.076],[-48.295,-25.062],[-48.218,-25.303],[-48.128,-25.32],[-48.033,-25.299],[-47.953,-25.074],[-47.855,-25.005],[-47.691,-24.84],[-47.453,-24.753],[-47.277,-24.586],[-47.121,-24.501],[-46.961,-24.284],[-46.854,-24.233],[-46.77,-24.241],[-46.609,-24.168],[-46.511,-24.05],[-46.412,-24.077],[-46.253,-24.045],[-46.245,-23.948],[-46.049,-23.852],[-45.672,-23.857],[-45.479,-24.01],[-45.32,-23.988],[-45.241,-23.879],[-45.257,-23.822],[-45.443,-23.74],[-45.41,-23.682],[-45.308,-23.673],[-45.276,-23.606],[-45.062,-23.511],[-44.989,-23.435],[-44.861,-23.457],[-44.827,-23.415],[-44.923,-23.247],[-44.877,-23.176],[-44.86,-23.053],[-44.761,-22.963],[-44.544,-22.902],[-44.307,-22.897],[-44.244,-22.682],[-44.385,-22.62],[-44.534,-22.665],[-44.695,-22.668],[-44.793,-22.453],[-44.79,-22.437],[-44.805,-22.436],[-44.834,-22.436],[-44.938,-22.475],[-45.171,-22.504],[-45.225,-22.595],[-45.42,-22.673],[-45.719,-22.662],[-45.809,-22.717],[-45.79,-22.802],[-45.91,-22.899],[-46.02,-22.903],[-46.159,-22.952],[-46.211,-22.913],[-46.401,-22.937],[-46.416,-22.82],[-46.505,-22.787],[-46.464,-22.687],[-46.49,-22.565],[-46.669,-22.476],[-46.739,-22.401],[-46.737,-22.262],[-46.664,-22.204],[-46.739,-22.145],[-46.683,-22.037],[-46.734,-21.862],[-46.668,-21.723],[-46.588,-21.672],[-46.57,-21.516],[-46.725,-21.425],[-46.928,-21.421],[-47.004,-21.49],[-47.137,-21.3],[-47.204,-21.161],[-47.217,-21.022],[-47.271,-20.921],[-47.233,-20.799],[-47.136,-20.656],[-47.303,-20.465],[-47.286,-20.19],[-47.446,-20.099],[-47.558,-19.997],[-47.674,-20.069],[-47.916,-20.054],[-47.941,-20.159],[-48.04,-20.095],[-48.073,-20.162],[-48.569,-20.162],[-48.686,-20.205],[-48.784,-20.181],[-48.898,-20.232],[-48.92,-20.453],[-48.996,-20.432],[-49.014,-20.217],[-49.087,-20.163],[-49.167,-20.263],[-49.266,-20.323],[-49.371,-20.049],[-49.536,-19.947],[-49.643,-19.931],[-49.682,-20.014],[-49.795,-19.968],[-49.924,-19.995],[-49.985,-19.928],[-50.18,-19.916],[-50.367,-19.883],[-50.44,-19.825],[-50.574,-19.81],[-50.694,-19.92],[-50.784,-19.933],[-50.898,-20.026],[-51.03,-20.025],[-51.035,-20.018],[-51.041,-20.025]]]},"properties":{"name":"Sao Paulo","iso3":"BRA","isoCode":"BR-SP","id":"BRA-sao-paulo"}},
{"type":"Feature","geometry":{"type":"Polygon","coordinates":[[[-54.309,-24.077],[-54.331,-24.221],[-54.256,-24.312],[-54.331,-24.574],[-54.334,-24.694],[-54.446,-24.896],[-54.452,-24.999],[-54.501,-25.066],[-54.471,-25.175],[-54.543,-25.337],[-54.624,-25.439],[-54.62,-25.615],[-54.392,-25.711],[-54.337,-25.644],[-54.037,-25.661],[-53.882,-25.739],[-53.88,-25.963],[-53.78,-26.194],[-53.672,-26.234],[-53.658,-26.295],[-53.478,-26.323],[-53.35,-26.281],[-53.096,-26.433],[-52.948,-26.423],[-52.794,-26.376],[-52.459,-26.479],[-52.25,-26.493],[-51.956,-26.64],[-51.714,-26.601],[-51.549,-26.658],[-51.517,-26.718],[-51.336,-26.724],[-51.288,-26.64],[-51.31,-26.428],[-51.19,-26.326],[-51.094,-26.333],[-51.053,-26.279],[-50.906,-26.305],[-50.733,-26.225],[-50.639,-26.103],[-50.493,-26.104],[-50.434,-26.146],[-50.334,-26.097],[-50.229,-26.129],[-50.16,-26.092],[-49.919,-26.109],[-49.714,-26.254],[-49.6,-26.254],[-49.324,-26.137],[-49.248,-26.052],[-49.135,-26.1],[-49.07,-26.058],[-48.806,-26.046],[-48.717,-26.069],[-48.64,-26.04],[-48.506,-25.734],[-48.364,-25.669],[-48.336,-25.545],[-48.249,-25.495],[-48.128,-25.32],[-48.218,-25.303],[-48.295,-25.062],[-48.438,-25.076],[-48.536,-25.13],[-48.627,-25.125],[-48.634,-24.91],[-48.575,-24.823],[-48.69,-24.729],[-49.339,-24.718],[-49.292,-24.396],[-49.407,-24.27],[-49.453,-24.164],[-49.58,-24.033],[-49.647,-23.917],[-49.596,-23.847],[-49.652,-23.631],[-49.7,-23.542],[-49.65,-23.501],[-49.717,-23.236],[-49.774,-23.152],[-49.907,-23.123],[-49.928,-23.054],[-50.04,-22.964],[-50.564,-22.957],[-50.813,-23.012],[-50.839,-22.908],[-50.967,-22.831],[-51.491,-22.676],[-51.653,-22.723],[-51.88,-22.664],[-52.052,-22.573],[-52.157,-22.571],[-52.192,-22.661],[-52.511,-22.675],[-52.601,-22.618],[-52.778,-22.673],[-52.822,-22.611],[-53.029,-22.612],[-53.124,-22.658],[-53.133,-22.663],[-53.132,-22.652],[-53.159,-22.676],[-53.225,-22.759],[-53.335,-22.76],[-53.425,-22.873],[-53.622,-22.96],[-53.657,-23.172],[-53.721,-23.349],[-53.895,-23.454],[-53.977,-23.467],[-54.032,-23.543],[-54.05,-23.718],[-54.105,-23.944],[-54.247,-24.074],[-54.309,-24.077]]]},"properties":{"name":"Parana","iso3":"BRA","isoCode":"BR-PR","id":"BRA-parana"}},
{"type":"Feature","geometry":{"type":"Polygon","coordinates":[[[-53.658,-26.295],[-53.723,-26.387],[-53.779,-26.77],[-53.728,-26.867],[-53.727,-26.985],[-53.801,-27.102],[-53.769,-27.173],[-53.71,-27.197],[-53.491,-27.196],[-53.395,-27.11],[-53.292,-27.192],[-53.029,-27.198],[-52.975,-27.249],[-52.86,-27.254],[-52.753,-27.297],[-52.478,-27.285],[-52.345,-27.326],[-52.244,-27.285],[-51.996,-27.411],[-51.969,-27.544],[-51.623,-27.57],[-51.403,-27.693],[-51.32,-27.802],[-51.233,-27.812],[-51.131,-27.877],[-51.131,-27.948],[-50.955,-28.036],[-50.954,-28.13],[-50.734,-28.313],[-50.561,-28.492],[-50.23,-28.49],[-50.131,-28.541],[-50.03,-28.491],[-49.966,-28.54],[-49.791,-28.548],[-49.764,-28.653],[-49.88,-28.697],[-49.904,-28.759],[-50,-28.797],[-50.016,-28.947],[-50.002,-29.094],[-50.047,-29.111],[-50.072,-29.241],[-50.208,-29.243],[-50.233,-29.311],[-50.037,-29.262],[-49.953,-29.282],[-49.788,-29.378],[-49.63,-29.245],[-49.446,-29.013],[-49.364,-28.963],[-49.255,-28.81],[-48.949,-28.705],[-48.828,-28.604],[-48.823,-28.478],[-48.77,-28.4],[-48.708,-28.122],[-48.657,-28.083],[-48.681,-27.991],[-48.556,-27.854],[-48.572,-27.779],[-48.423,-27.477],[-48.57,-27.42],[-48.598,-27.174],[-48.682,-27.06],[-48.674,-26.878],[-48.764,-26.81],[-48.752,-26.613],[-48.662,-26.531],[-48.642,-26.383],[-48.578,-26.3],[-48.582,-26.223],[-48.69,-26.133],[-48.717,-26.069],[-48.806,-26.046],[-49.07,-26.058],[-49.135,-26.1],[-49.248,-26.052],[-49.324,-26.137],[-49.6,-26.254],[-49.714,-26.254],[-49.919,-26.109],[-50.16,-26.092],[-50.229,-26.129],[-50.334,-26.097],[-50.434,-26.146],[-50.493,-26.104],[-50.639,-26.103],[-50.733,-26.225],[-50.906,-26.305],[-51.053,-26.279],[-51.094,-26.333],[-51.19,-26.326],[-51.31,-26.428],[-51.288,-26.64],[-51.336,-26.724],[-51.517,-26.718],[-51.549,-26.658],[-51.714,-26.601],[-51.956,-26.64],[-52.25,-26.493],[-52.459,-26.479],[-52.794,-26.376],[-52.948,-26.423],[-53.096,-26.433],[-53.35,-26.281],[-53.478,-26.323],[-53.658,-26.295]]]},"properties":{"name":"Santa Catarina","iso3":"BRA","isoCode":"BR-SC","id":"BRA-santa-catarina"}},
{"type":"Feature","geometry":{"type":"Polygon","coordinates":[[[-53.769,-27.173],[-53.999,-27.198],[-54.054,-27.263],[-54.14,-27.234],[-54.2,-27.367],[-54.292,-27.456],[-54.466,-27.387],[-54.544,-27.405],[-54.634,-27.522],[-54.832,-27.532],[-54.897,-27.711],[-55.04,-27.831],[-55.219,-27.894],[-55.383,-27.994],[-55.402,-28.059],[-55.598,-28.095],[-55.58,-28.195],[-55.749,-28.239],[-55.713,-28.352],[-55.886,-28.36],[-55.876,-28.467],[-55.97,-28.492],[-55.99,-28.588],[-56.172,-28.776],[-56.264,-28.815],[-56.262,-28.926],[-56.38,-28.975],[-56.424,-29.102],[-56.529,-29.113],[-56.588,-29.277],[-56.688,-29.337],[-56.699,-29.424],[-56.838,-29.522],[-57.038,-29.738],[-57.141,-29.764],[-57.234,-29.852],[-57.242,-29.969],[-57.466,-30.11],[-57.486,-30.219],[-57.249,-30.307],[-57.136,-30.291],[-56.968,-30.108],[-56.793,-30.103],[-56.663,-30.162],[-56.587,-30.253],[-56.521,-30.253],[-56.496,-30.361],[-56.367,-30.417],[-56.358,-30.466],[-56.199,-30.577],[-55.97,-30.808],[-55.97,-31.077],[-55.887,-31.113],[-55.761,-31.077],[-55.616,-30.964],[-55.434,-30.968],[-55.354,-31.078],[-55.292,-31.091],[-55.166,-31.298],[-55.083,-31.303],[-54.83,-31.427],[-54.689,-31.449],[-54.474,-31.538],[-54.402,-31.713],[-54.126,-31.851],[-54.081,-31.921],[-53.999,-31.921],[-53.847,-32.093],[-53.709,-32.141],[-53.681,-32.322],[-53.563,-32.502],[-53.485,-32.52],[-53.416,-32.603],[-53.167,-32.695],[-53.129,-32.798],[-53.464,-33.036],[-53.51,-33.13],[-53.492,-33.632],[-53.424,-33.73],[-53.205,-33.647],[-53.115,-33.56],[-52.949,-33.463],[-52.826,-33.351],[-52.717,-33.29],[-52.568,-33.02],[-52.483,-32.929],[-52.496,-32.858],[-52.44,-32.775],[-52.436,-32.603],[-52.292,-32.31],[-51.959,-32.006],[-51.834,-31.914],[-51.653,-31.82],[-51.468,-31.76],[-51.252,-31.574],[-51.21,-31.483],[-51.078,-31.444],[-50.822,-31.198],[-50.767,-31.066],[-50.691,-31.028],[-50.615,-30.872],[-50.534,-30.795],[-50.463,-30.571],[-50.32,-30.474],[-50.259,-30.176],[-50.115,-29.993],[-50.117,-29.903],[-50.003,-29.761],[-49.993,-29.656],[-49.829,-29.459],[-49.788,-29.378],[-49.953,-29.282],[-50.037,-29.262],[-50.233,-29.311],[-50.208,-29.243],[-50.072,-29.241],[-50.047,-29.111],[-50.002,-29.094],[-50.016,-28.947],[-50,-28.797],[-49.904,-28.759],[-49.88,-28.697],[-49.764,-28.653],[-49.791,-28.548],[-49.966,-28.54],[-50.03,-28.491],[-50.131,-28.541],[-50.23,-28.49],[-50.561,-28.492],[-50.734,-28.313],[-50.954,-28.13],[-50.955,-28.036],[-51.131,-27.948],[-51.131,-27.877],[-51.233,-27.812],[-51.32,-27.802],[-51.403,-27.693],[-51.623,-27.57],[-51.969,-27.544],[-51.996,-27.411],[-52.244,-27.285],[-52.345,-27.326],[-52.478,-27.285],[-52.753,-27.297],[-52.86,-27.254],[-52.975,-27.249],[-53.029,-27.198],[-53.292,-27.192],[-53.395,-27.11],[-53.491,-27.196],[-53.71,-27.197],[-53.769,-27.173]]]},"properties":{"name":"Rio Grande do Sul","iso3":"BRA","isoCode":"BR-RS","id":"BRA-rio-grande-do-sul"}},
{"type":"Feature","geometry":{"type":"Polygon","coordinates":[[[85.116,54.438],[84.799,54.345],[84.576,54.236],[84.46,54.146],[84.188,54.172],[83.856,54.089],[83.554,54.109],[83.488,53.978],[83.349,53.934],[83.306,54.065],[83.198,54.066],[82.714,53.778],[82.666,53.642],[82.502,53.547],[82.337,53.528],[82.187,53.638],[81.942,53.713],[81.788,53.723],[81.721,53.843],[81.836,53.871],[81.833,53.964],[81.566,54.004],[81.468,54.076],[81.127,54.117],[80.952,54.375],[80.812,54.343],[80.797,54.258],[80.535,54.17],[80.46,54.116],[80.093,53.991],[79.624,53.795],[79.64,53.744],[79.422,53.678],[79.041,53.653],[78.792,53.658],[78.652,53.582],[78.645,53.513],[78.259,53.509],[78.109,53.576],[77.91,53.572],[77.907,53.291],[78.306,52.884],[78.764,52.378],[79.112,52.003],[79.732,51.191],[80.076,50.738],[80.083,50.828],[80.193,50.9],[80.482,50.969],[80.447,51.208],[80.635,51.207],[80.678,51.317],[80.941,51.259],[80.92,51.219],[81.177,51.162],[81.06,50.948],[81.413,50.976],[81.449,50.756],[81.583,50.742],[81.885,50.804],[82.224,50.737],[82.351,50.776],[82.567,50.747],[82.739,50.85],[82.733,50.927],[82.911,50.908],[83.202,50.993],[83.407,51.013],[83.649,50.955],[83.964,50.801],[83.951,50.746],[84.08,50.64],[84.289,50.687],[84.474,50.687],[84.58,50.83],[84.437,50.86],[84.491,50.948],[84.222,50.987],[84.121,51.071],[84.196,51.25],[84.634,51.347],[84.734,51.426],[84.898,51.438],[84.996,51.514],[85.244,51.499],[85.444,51.563],[85.503,51.701],[85.703,51.732],[85.854,51.891],[85.818,51.971],[85.919,52.106],[86.169,52.04],[86.403,52.036],[86.456,52.128],[86.649,52.106],[86.726,52.139],[86.781,52.295],[86.694,52.295],[86.642,52.403],[86.669,52.515],[86.782,52.604],[87.053,52.66],[87.127,52.615],[86.912,52.847],[87.008,52.899],[87.055,53.041],[86.644,53.18],[86.874,53.36],[86.863,53.439],[86.539,53.528],[86.356,53.661],[86.3,53.83],[86.184,53.812],[86.124,53.981],[85.871,54.038],[85.749,54.164],[85.538,54.225],[85.418,54.186],[85.16,54.453],[85.116,54.438]]]},"properties":{"name":"Altai Krai","iso3":"RUS","isoCode":"RU-ALT","id":"RUS-altai-krai"}},
{"type":"Feature","geometry":{"type":"Polygon","coordinates":[[[42.442,54.825],[42.388,54.781],[42.44,54.71],[42.643,54.671],[42.651,54.588],[42.477,54.299],[42.203,54.189],[42.26,54.159],[42.435,54.257],[42.579,54.165],[42.572,54.083],[42.417,54.103],[42.351,53.854],[42.499,53.735],[42.556,53.801],[43.027,53.824],[43.127,53.977],[43.536,54.015],[43.746,53.959],[43.925,53.874],[43.883,53.801],[44.149,53.704],[44.414,53.698],[44.505,53.649],[44.732,53.706],[44.604,53.799],[44.602,53.872],[44.833,53.964],[45.183,53.968],[45.341,53.869],[45.662,53.918],[45.814,53.976],[45.971,54.129],[46.059,54.168],[46.339,54.191],[46.394,54.241],[46.664,54.295],[46.718,54.401],[46.536,54.399],[46.525,54.655],[46.443,54.762],[46.411,54.874],[46.245,54.978],[46.062,55.048],[45.96,54.997],[45.698,55.012],[45.768,55.155],[45.593,55.166],[45.571,55.101],[45.421,55.025],[45.427,54.886],[45.231,54.877],[45.018,54.705],[45.087,54.652],[45.01,54.557],[45.088,54.473],[44.908,54.463],[44.628,54.555],[44.462,54.523],[44.371,54.584],[44.068,54.649],[44.096,54.734],[43.921,54.739],[43.861,54.805],[43.48,54.889],[43.482,54.818],[42.747,54.789],[42.444,54.798],[42.434,54.794],[42.442,54.825]]]},"properties":{"name":"Republic of Mordovia","iso3":"RUS","isoCode":"RU-MO","id":"RUS-republic-of-mordovia"}},
{"type":"Feature","geometry":{"type":"Polygon","coordinates":[[[37.269,54.842],[37.246,54.709],[37.142,54.567],[36.982,54.605],[36.906,54.561],[36.876,54.447],[36.931,54.343],[36.812,54.272],[36.698,54.294],[36.092,54.182],[36.217,54.089],[35.984,53.908],[35.958,53.718],[35.991,53.626],[36.318,53.474],[36.573,53.377],[36.636,53.42],[36.784,53.296],[37.158,53.258],[37.44,53.294],[37.59,53.279],[37.572,53.181],[37.723,53.126],[37.866,53.012],[37.925,53.056],[38.122,53.054],[38.231,52.995],[38.562,52.996],[38.671,53.13],[38.578,53.188],[38.548,53.328],[38.764,53.358],[38.723,53.529],[38.938,53.574],[38.921,53.766],[38.816,53.781],[38.801,54.012],[38.685,54.098],[38.766,54.18],[38.666,54.257],[38.511,54.297],[38.527,54.395],[38.389,54.533],[38.471,54.644],[38.256,54.664],[38.118,54.717],[37.937,54.85],[37.792,54.834],[37.758,54.743],[37.573,54.742],[37.456,54.839],[37.269,54.842]]]},"properties":{"name":"Tula Oblast","iso3":"RUS","isoCode":"RU-TUL","id":"RUS-tula-oblast"}},
{"type":"Feature","geometry":{"type":"Polygon","coordinates":[[[62.061,56.131],[62.318,55.948],[62.304,55.838],[62.526,55.77],[62.523,55.59],[62.62,55.491],[62.32,55.414],[62.188,55.445],[62.161,55.231],[62.237,55.109],[61.995,54.982],[62.119,54.814],[62.037,54.764],[62.078,54.676],[62.319,54.671],[62.441,54.716],[62.672,54.624],[62.978,54.705],[63.2,54.699],[63.285,54.581],[63.181,54.395],[63.172,54.308],[63.344,54.252],[63.351,54.194],[63.803,54.271],[63.961,54.2],[64.043,54.284],[64.48,54.366],[64.739,54.354],[64.975,54.424],[65.121,54.33],[65.239,54.376],[65.212,54.532],[65.633,54.641],[65.747,54.607],[65.845,54.697],[65.982,54.717],[65.999,54.625],[66.382,54.704],[67.282,54.826],[67.333,54.873],[67.564,54.844],[67.774,54.886],[67.819,54.971],[68.033,54.95],[68.235,54.969],[68.272,55.085],[68.192,55.15],[68.281,55.204],[68.649,55.209],[68.714,55.348],[68.682,55.388],[68.322,55.507],[68.18,55.608],[68.139,55.729],[67.921,55.655],[67.794,55.729],[67.404,55.728],[67.278,55.939],[67.083,55.973],[66.764,55.976],[66.629,56.003],[66.452,55.96],[66.292,56.057],[66.161,56.069],[66.021,55.994],[65.834,56.073],[65.683,56.27],[65.249,56.277],[65.122,56.308],[65.093,56.441],[64.989,56.518],[65.029,56.642],[64.927,56.772],[64.887,56.824],[64.546,56.789],[64.35,56.683],[64.179,56.461],[63.829,56.481],[63.599,56.588],[63.474,56.612],[63.315,56.568],[62.986,56.598],[62.871,56.547],[62.603,56.491],[62.428,56.527],[62.254,56.399],[62.257,56.341],[62.07,56.296],[62.061,56.131]]]},"properties":{"name":"Kurgan Oblast","iso3":"RUS","isoCode":"RU-KGN","id":"RUS-kurgan-oblast"}},
{"type":"Feature","geometry":{"type":"Polygon","coordinates":[[[44.848,43.566],[44.631,43.614],[44.503,43.588],[44.478,43.468],[44.578,43.414],[44.571,43.236],[44.694,43.269],[44.773,43.158],[44.96,43.038],[44.954,42.947],[44.854,42.836],[44.634,42.877],[44.68,42.756],[44.753,42.714],[44.887,42.747],[45.087,42.712],[45.245,42.932],[45.188,42.982],[45.192,43.164],[45.133,43.194],[45.132,43.418],[45.059,43.511],[44.848,43.566]]]},"properties":{"name":"Ingushetia","iso3":"RUS","isoCode":"RU-IN","id":"RUS-ingushetia"}},
{"type":"Feature","geometry":{"type":"Polygon","coordinates":[[[62,65.718],[61.703,65.603],[61.285,65.297],[61.286,65.172],[61.137,65.174],[60.945,65.013],[60.808,65.025],[60.646,64.926],[60.204,65.077],[60.034,65.029],[59.992,64.939],[59.74,64.876],[59.624,64.785],[59.659,64.703],[59.539,64.492],[59.654,64.376],[59.56,64.248],[59.682,64.148],[59.828,64.134],[59.754,63.984],[59.561,63.909],[59.533,63.713],[59.378,63.422],[59.366,63.266],[59.204,63.028],[59.449,62.918],[59.411,62.705],[59.443,62.565],[59.635,62.548],[59.614,62.375],[59.399,62.157],[59.489,61.947],[59.973,61.883],[59.998,61.718],[60.515,61.736],[60.997,61.695],[61.229,61.654],[61.887,61.437],[61.891,61.407],[62.484,61.261],[62.646,61.171],[62.826,61.001],[62.76,60.853],[62.867,60.654],[63.226,60.294],[63.181,60.224],[63.606,60.102],[63.795,59.817],[63.874,59.461],[64.02,59.382],[64.49,59.377],[65.072,59.312],[65.236,59.206],[65.373,58.899],[65.655,58.658],[65.95,58.615],[66.291,58.594],[66.785,58.657],[66.772,58.923],[66.969,58.972],[67.054,58.927],[67.3,59.024],[67.612,59.104],[67.784,59.201],[68.099,59.203],[68.395,59.298],[68.573,59.589],[68.733,59.57],[69.309,59.77],[69.143,59.882],[69.27,59.99],[69.623,59.968],[69.651,59.91],[70.207,59.936],[70.396,59.84],[70.777,59.87],[70.999,59.828],[71.179,59.907],[71.258,59.788],[71.499,59.742],[71.545,59.685],[71.792,59.636],[71.837,59.572],[72.025,59.552],[72.442,59.3],[72.418,59.21],[72.549,59.139],[72.911,59.154],[72.928,59.053],[73.1,58.952],[73.025,58.875],[73.495,58.825],[73.719,58.856],[73.991,58.811],[74.175,58.726],[74.799,58.727],[75.131,58.664],[75.635,58.912],[75.728,59.015],[75.638,59.212],[75.84,59.281],[76.177,59.53],[76.665,59.571],[76.741,59.711],[76.772,60.066],[76.866,60.271],[76.762,60.332],[76.829,60.467],[77.069,60.526],[77.11,60.859],[77.397,60.814],[77.704,60.82],[77.97,60.741],[78.194,60.802],[78.487,60.764],[78.644,60.816],[78.819,60.767],[78.981,60.811],[79.222,60.824],[79.376,60.646],[79.679,60.681],[80.201,60.675],[80.405,60.75],[80.705,60.803],[81.052,60.756],[81.104,60.642],[81.459,60.607],[81.584,60.638],[81.88,60.64],[82.167,60.516],[82.41,60.608],[82.376,60.707],[83.157,61.027],[83.477,61.036],[83.95,60.836],[84.263,60.863],[84.735,61.014],[85.697,61.284],[85.641,61.367],[85.798,61.454],[85.965,61.459],[85.961,61.545],[85.493,61.617],[85.097,61.752],[84.678,61.808],[84.523,61.922],[84.441,62.196],[84.297,62.271],[84.239,62.381],[83.999,62.415],[83.814,62.57],[83.324,62.458],[83.023,62.526],[83.049,62.589],[82.759,62.66],[82.762,62.749],[82.291,62.766],[82.159,62.813],[81.841,62.696],[81.639,62.779],[81.396,62.816],[81.32,62.91],[81.15,62.969],[80.922,63.157],[80.588,63.078],[80.589,63.01],[80.093,62.818],[79.908,62.785],[79.843,62.609],[78.739,62.602],[78.406,62.56],[78.093,62.464],[77.87,62.576],[77.378,62.708],[77.137,62.811],[77.026,62.972],[76.667,63.035],[76.34,62.951],[76.267,63.013],[75.893,63.106],[75.317,63.098],[74.942,63.025],[74.524,63.036],[74.253,63.173],[73.498,63.188],[73.364,63.232],[73.263,63.335],[73.054,63.427],[72.663,63.282],[72.128,63.297],[71.645,63.193],[71.536,63.469],[71.563,63.571],[71.456,63.683],[70.923,63.703],[70.688,63.942],[70.559,64.015],[70.766,64.112],[70.663,64.239],[70.449,64.249],[70.292,64.343],[69.889,64.322],[69.725,64.396],[69.397,64.387],[69.282,64.474],[68.858,64.439],[69.036,64.323],[68.89,64.222],[68.452,64.288],[67.834,64.047],[67.468,64.078],[67.2,64.149],[66.867,64.203],[66.828,64.291],[66.99,64.452],[66.971,64.509],[66.711,64.554],[66.456,64.527],[66.199,64.591],[65.933,64.555],[65.376,64.556],[65.177,64.468],[64.604,64.443],[64.482,64.371],[64.043,64.359],[63.913,64.288],[63.611,64.271],[63.478,64.456],[63.247,64.52],[62.914,64.467],[62.558,64.559],[62.59,64.64],[62.812,64.736],[62.807,64.841],[62.695,64.873],[62.824,65.055],[62.872,65.291],[62.455,65.339],[62.265,65.632],[62,65.718]]]},"properties":{"name":"Khanty-Mansiysk Autonomous Okrug – Ugra","iso3":"RUS","isoCode":"RU-KHM","id":"RUS-khanty-mansiysk-autonomous-okrug-ugra"}},
{"type":"Feature","geometry":{"type":"Polygon","coordinates":[[[47.072,60.844],[47.013,60.625],[46.874,60.514],[46.816,60.297],[46.422,60.264],[46.33,60.215],[46.378,60.132],[46.761,60.062],[47.035,60.126],[46.922,59.765],[47.153,59.752],[47.118,59.599],[47.049,59.369],[47.248,59.353],[47.209,59.201],[47.519,59.061],[47.592,58.974],[47.493,58.895],[47.319,58.928],[47.249,58.869],[47.307,58.788],[47.077,58.757],[47.018,58.619],[46.661,58.57],[46.561,58.48],[46.579,58.399],[46.411,58.389],[46.416,58.215],[46.335,58.166],[46.345,58.062],[46.439,58.003],[46.586,58.028],[47.297,58.016],[47.711,57.938],[47.617,57.859],[47.606,57.741],[47.535,57.689],[47.481,57.515],[47.265,57.561],[47.022,57.488],[46.84,57.506],[46.761,57.367],[46.838,57.177],[46.722,56.963],[46.819,56.921],[47.102,56.923],[47.134,56.807],[47.489,56.871],[47.663,56.984],[47.769,57.002],[48.134,56.993],[48.329,57.166],[48.428,57.113],[48.55,57.157],[48.811,57.169],[49.003,57.125],[49.036,57.297],[49.208,57.315],[49.159,57.155],[49.248,57.042],[49.392,57.019],[49.602,57.078],[49.871,56.885],[50.041,56.852],[50.104,56.792],[50.081,56.611],[50.173,56.65],[50.431,56.609],[50.438,56.551],[50.631,56.338],[50.827,56.347],[51.032,56.134],[51.208,56.123],[51.309,56.069],[51.444,56.127],[51.404,56.286],[51.197,56.434],[51.138,56.529],[51.18,56.685],[51.393,56.667],[51.391,56.767],[51.533,56.856],[51.342,56.943],[51.22,57.086],[51.208,57.2],[51.124,57.243],[51.165,57.441],[51.53,57.458],[51.706,57.517],[51.851,57.619],[51.954,57.767],[51.825,57.914],[51.898,58.012],[51.687,58.177],[51.796,58.338],[51.965,58.453],[52.17,58.489],[52.359,58.434],[52.843,58.393],[52.893,58.534],[53.18,58.501],[53.214,58.401],[53.374,58.384],[53.621,58.474],[53.786,58.456],[53.703,58.602],[53.786,58.724],[53.905,58.755],[53.754,58.965],[53.903,59.087],[53.682,59.151],[53.384,59.153],[53.223,59.358],[53.357,59.462],[53.45,59.703],[53.63,59.742],[53.687,60.01],[53.626,60.114],[53.422,60.225],[53.373,60.156],[52.921,60.154],[52.442,60.187],[52.317,60.227],[52.065,60.308],[51.974,60.279],[51.766,60.086],[51.551,59.942],[51.179,60.049],[51.048,60.032],[50.831,59.863],[50.735,59.871],[50.29,59.806],[50.27,59.748],[49.991,59.779],[49.859,59.655],[49.798,59.485],[49.872,59.479],[49.817,59.211],[49.522,59.217],[49.572,59.393],[49.344,59.409],[49.352,59.465],[49.151,59.507],[49.102,59.662],[48.523,59.707],[48.492,60.195],[48.774,60.318],[48.676,60.39],[48.531,60.4],[48.561,60.552],[48.42,60.837],[47.967,60.879],[47.897,61.017],[47.193,61.067],[47.072,60.844]]]},"properties":{"name":"Kirov Oblast","iso3":"RUS","isoCode":"RU-KIR","id":"RUS-kirov-oblast"}},
{"type":"Feature","geometry":{"type":"Polygon","coordinates":[[[62,65.718],[62.468,65.823],[62.8,65.858],[62.833,65.997],[62.998,66.181],[63.418,66.467],[63.805,66.533],[63.975,66.633],[64.264,66.646],[64.559,66.799],[64.877,66.835],[65.14,66.909],[65.082,67.04],[65.181,67.143],[65.428,67.209],[65.699,67.381],[66.01,67.409],[66.092,67.514],[65.823,67.539],[65.846,67.668],[66.221,67.685],[66.056,67.783],[66.057,67.879],[65.903,67.961],[65.75,67.918],[65.432,67.91],[65.328,67.996],[65.297,68.252],[65.474,68.418],[65.3,68.394],[64.824,68.409],[64.528,68.326],[64.583,68.202],[63.878,68.036],[63.965,67.906],[63.698,67.733],[63.495,67.743],[63.161,67.696],[62.944,67.605],[62.854,67.49],[62.866,67.37],[61.787,67.111],[61.588,66.996],[59.978,67],[58.836,67],[57.068,67],[55.888,67],[53.875,67.001],[52.152,67.101],[52.045,67.027],[51.825,66.999],[51.698,66.921],[51.52,66.939],[51.545,66.775],[50.347,66.473],[49,66.114],[49.052,65.225],[49.635,65.288],[50.233,64.831],[50.499,64.793],[50.361,64.51],[49.552,64.576],[49.483,64.425],[48.961,64.478],[48.884,64.327],[48.524,64.356],[48.465,64.204],[48.189,64.231],[48.161,64.345],[47.345,64.354],[46.63,64.317],[46.321,64.248],[45.852,64.278],[45.399,64.175],[45.595,64.057],[45.943,63.957],[46.151,63.944],[46.5,63.865],[46.81,63.757],[47.017,63.578],[46.943,63.349],[47.051,63.254],[47.39,63.156],[47.567,63.145],[47.409,62.965],[47.061,62.826],[47.245,62.639],[47.232,62.337],[47.403,62.334],[47.389,62.181],[47.643,62.176],[47.659,62.328],[48.323,62.307],[48.254,62.507],[48.352,62.734],[48.681,62.702],[48.741,62.852],[49.567,62.777],[49.425,62.447],[49.47,62.365],[49.375,62.134],[49.228,62.102],[49.04,61.649],[49.502,61.605],[49.321,61.153],[49.127,61.172],[48.475,61.022],[48.42,60.837],[48.561,60.552],[48.531,60.4],[48.676,60.39],[48.774,60.318],[48.492,60.195],[48.523,59.707],[49.102,59.662],[49.151,59.507],[49.352,59.465],[49.344,59.409],[49.572,59.393],[49.522,59.217],[49.817,59.211],[49.872,59.479],[49.798,59.485],[49.859,59.655],[49.991,59.779],[50.27,59.748],[50.29,59.806],[50.735,59.871],[50.831,59.863],[51.048,60.032],[51.179,60.049],[51.551,59.942],[51.766,60.086],[51.974,60.279],[52.065,60.308],[52.317,60.227],[52.355,60.438],[52.124,60.465],[52.153,60.541],[51.772,60.58],[51.892,60.882],[52.361,60.829],[52.431,60.976],[52.806,60.938],[52.871,61.09],[53.414,61.033],[53.355,60.883],[53.814,60.832],[53.876,60.983],[54.977,60.86],[55.05,61.009],[55.2,60.992],[55.276,61.149],[55.731,61.096],[55.813,61.247],[56.275,61.192],[56.378,61.443],[56.566,61.419],[56.653,61.524],[57.093,61.502],[58.844,61.495],[59.058,61.542],[59.148,61.63],[59.349,61.663],[59.419,61.754],[59.328,61.843],[59.489,61.947],[59.399,62.157],[59.614,62.375],[59.635,62.548],[59.443,62.565],[59.411,62.705],[59.449,62.918],[59.204,63.028],[59.366,63.266],[59.378,63.422],[59.533,63.713],[59.561,63.909],[59.754,63.984],[59.828,64.134],[59.682,64.148],[59.56,64.248],[59.654,64.376],[59.539,64.492],[59.659,64.703],[59.624,64.785],[59.74,64.876],[59.992,64.939],[60.034,65.029],[60.204,65.077],[60.646,64.926],[60.808,65.025],[60.945,65.013],[61.137,65.174],[61.286,65.172],[61.285,65.297],[61.703,65.603],[62,65.718]]]},"properties":{"name":"Komi Republic","iso3":"RUS","isoCode":"RU-KO","id":"RUS-komi-republic"}},
{"type":"Feature","geometry":{"type":"Polygon","coordinates":[[[47.118,59.599],[46.79,59.593],[46.409,59.619],[46.369,59.342],[46.02,59.324],[45.979,59.172],[45.34,59.216],[45.056,59.198],[45.04,59.122],[44.19,59.17],[44.091,59.234],[43.695,59.26],[43.611,59.19],[43.421,59.291],[43.175,59.263],[42.792,59.174],[42.636,59.328],[42.348,59.305],[42.203,59.328],[42.216,59.408],[42.035,59.43],[41.948,59.262],[42.099,59.25],[42.001,59.105],[41.714,59.085],[41.525,59.041],[41.349,58.952],[41.176,58.934],[41.259,58.838],[41.23,58.741],[41.052,58.607],[40.93,58.576],[41.048,58.442],[41.193,58.341],[41.037,58.283],[40.81,58.007],[40.681,57.983],[40.64,57.863],[40.673,57.697],[40.632,57.569],[40.448,57.535],[40.43,57.286],[40.635,57.292],[40.849,57.352],[41.018,57.318],[41.139,57.409],[41.567,57.453],[41.62,57.567],[41.604,57.739],[41.896,57.693],[42.023,57.589],[42.216,57.562],[42.466,57.622],[42.704,57.618],[42.884,57.655],[42.824,57.425],[42.896,57.371],[43.303,57.429],[43.307,57.483],[43.496,57.604],[43.672,57.491],[43.853,57.417],[44.017,57.433],[44.313,57.514],[44.503,57.612],[44.597,57.701],[44.711,57.691],[44.881,57.882],[44.801,57.96],[44.869,58.077],[45.224,58.089],[45.294,58.032],[45.509,58.029],[45.624,57.923],[45.735,58.013],[45.923,58.057],[46.345,58.062],[46.335,58.166],[46.416,58.215],[46.411,58.389],[46.579,58.399],[46.561,58.48],[46.661,58.57],[47.018,58.619],[47.077,58.757],[47.307,58.788],[47.249,58.869],[47.319,58.928],[47.493,58.895],[47.592,58.974],[47.519,59.061],[47.209,59.201],[47.248,59.353],[47.049,59.369],[47.118,59.599]]]},"properties":{"name":"Kostroma Oblast","iso3":"RUS","isoCode":"RU-KOS","id":"RUS-kostroma-oblast"}},
{"type":"Feature","geometry":{"type":"MultiPolygon","coordinates":[[[[84.263,60.863],[84.351,60.797],[84.791,60.352],[84.614,60.166],[84.587,59.957],[84.708,59.892],[85.5,59.883],[86.019,59.949],[86.636,59.949],[87.078,59.879],[87.174,59.683],[87.514,59.664],[87.902,59.256],[88.626,59.295],[88.576,59.212],[88.829,59.023],[88.384,58.894],[87.924,58.511],[88.017,58.214],[88.107,58.113],[88.687,58.036],[88.859,57.955],[89.297,57.949],[89.353,57.913],[89.355,57.616],[89.13,57.615],[89.084,57.489],[88.865,57.444],[88.734,57.208],[88.623,57.209],[88.517,57.09],[88.715,57.092],[88.598,56.802],[88.663,56.62],[88.501,56.622],[88.593,56.431],[88.695,56.366],[88.861,56.373],[89.04,56.3],[89.268,56.071],[89.242,55.995],[89.401,55.856],[89.337,55.767],[88.892,55.63],[88.671,55.518],[88.601,55.427],[88.742,55.432],[89.011,55.324],[89.064,55.12],[89.264,55.103],[89.278,55.042],[89.54,55.069],[89.627,55.047],[89.987,55.122],[90.499,55.061],[90.506,54.907],[90.779,54.912],[90.946,54.848],[90.919,54.654],[91.26,54.507],[91.277,54.381],[91.417,54.28],[91.577,54.087],[91.564,54.019],[91.429,53.866],[91.488,53.737],[91.568,53.709],[91.625,53.534],[91.903,53.428],[91.924,53.35],[91.742,53.181],[91.42,53.09],[91.505,52.994],[91.465,52.915],[91.264,52.712],[91.258,52.637],[90.895,52.601],[90.72,52.47],[90.688,52.37],[90.487,52.196],[90.633,52.094],[90.714,52.09],[90.823,51.961],[90.913,51.927],[91.072,51.952],[91.179,51.902],[91.548,51.909],[91.804,51.887],[92.078,51.772],[92.255,51.823],[92.539,51.791],[92.696,51.851],[92.891,51.844],[92.958,51.916],[93.119,51.966],[93.338,52.128],[93.677,52.216],[93.754,52.428],[94.093,52.676],[94.147,52.821],[94.303,52.9],[94.493,52.892],[94.583,52.997],[94.602,53.168],[94.717,53.241],[94.618,53.331],[94.72,53.376],[94.969,53.405],[95.036,53.366],[95.218,53.469],[95.284,53.41],[95.439,53.4],[95.65,53.459],[95.724,53.515],[95.967,53.491],[96.232,53.517],[96.241,53.619],[96.44,53.536],[96.628,53.557],[96.688,53.646],[96.485,53.692],[96.34,53.837],[96.197,53.904],[95.953,54.097],[95.849,54.21],[95.691,54.237],[95.647,54.294],[95.751,54.422],[95.922,54.399],[96.065,54.575],[96.486,54.516],[96.581,54.627],[96.567,54.699],[96.711,54.865],[96.593,55.03],[96.685,55.083],[96.679,55.254],[96.928,55.302],[96.744,55.656],[96.786,55.79],[96.989,55.85],[96.991,56.004],[97.132,56.113],[97.36,56.032],[97.473,56.195],[97.574,56.187],[97.557,56.376],[97.88,56.375],[97.88,56.534],[97.78,56.591],[97.786,56.798],[97.541,56.785],[97.469,56.84],[97.531,56.97],[97.343,57.032],[97.954,57.829],[98.109,57.829],[98.636,57.772],[98.748,57.797],[98.917,57.713],[99.087,57.778],[99.437,57.791],[99.682,58.083],[99.812,58.058],[100.091,58.069],[100.081,57.945],[100.372,57.726],[100.411,57.55],[100.787,57.409],[100.927,57.448],[100.95,57.571],[100.818,57.634],[100.974,57.864],[101.139,57.968],[101.198,58.129],[101.364,58.233],[101.498,58.23],[101.791,58.453],[102.102,58.489],[102.299,58.585],[102.338,58.649],[102.566,58.741],[102.556,58.906],[102.41,59.071],[102.498,59.186],[102.785,59.202],[103.019,59.318],[103.218,59.238],[103.394,59.029],[103.559,58.997],[103.634,58.923],[103.946,58.904],[104.063,58.788],[104.213,58.755],[104.466,58.609],[104.817,58.693],[104.876,58.75],[104.753,58.813],[104.912,58.954],[105.116,59.05],[105.367,59.119],[105.22,59.343],[105.195,59.477],[104.997,59.461],[104.85,59.561],[104.762,59.685],[105.014,59.838],[105.145,59.883],[105.433,59.858],[105.505,60.002],[105.422,60.154],[105.461,60.253],[104.863,60.311],[104.657,60.406],[104.652,60.506],[104.503,60.627],[104.609,60.722],[104.468,60.851],[104.609,60.885],[104.625,61.079],[104.887,61.195],[105.021,61.199],[104.91,61.395],[105.281,61.424],[105.363,61.542],[105.55,61.579],[105.712,61.662],[105.813,61.63],[105.952,61.752],[105.893,61.825],[106.111,61.957],[106.396,62.043],[106.417,62.254],[106.771,62.639],[106.492,62.692],[106.513,62.791],[106.436,62.863],[106.193,62.921],[106.165,63.085],[106.354,63.107],[106.439,63.216],[106.345,63.246],[106.412,63.354],[106.658,63.326],[106.727,63.41],[106.474,63.541],[106.657,63.626],[106.602,63.723],[106.784,63.891],[106.606,63.987],[106.664,64.044],[107.043,63.927],[107.193,63.977],[107.566,63.897],[107.769,64.02],[108.048,64.002],[108.387,64.047],[108.247,64.25],[108.086,64.246],[107.973,64.182],[107.641,64.311],[107.374,64.261],[107.257,64.345],[106.559,64.462],[106.088,64.429],[105.986,64.534],[105.813,64.499],[105.71,64.602],[105.823,64.72],[105.931,64.911],[106.114,64.908],[105.95,65.04],[106.109,65.07],[106.425,65.228],[106.545,65.381],[106.776,65.387],[106.966,65.51],[106.704,65.54],[106.705,65.601],[106.428,65.665],[106.465,65.932],[106.518,66.001],[106.338,66.148],[106.11,66.193],[106.149,66.409],[106.332,66.473],[106.233,66.566],[106.227,66.696],[105.986,66.804],[106.081,66.895],[105.699,66.925],[105.58,67.018],[105.948,67.04],[106.071,67.168],[106.342,67.201],[106.545,67.291],[106.822,67.334],[106.874,67.668],[106.921,68.254],[106.907,68.858],[106.143,69.409],[106.521,69.578],[106.852,69.523],[107.606,69.66],[108.019,69.698],[108.006,69.749],[108.249,69.854],[108.549,69.831],[108.899,69.843],[108.945,69.771],[109.201,69.755],[109.414,69.894],[109.417,70.048],[109.301,70.208],[109.617,70.285],[109.558,70.352],[109.845,70.39],[110.297,70.407],[110.116,70.476],[110.124,70.637],[110.842,70.781],[111.034,70.841],[111.326,70.856],[111.479,70.929],[112.184,71.013],[112.6,71.109],[112.51,71.16],[112.723,71.254],[112.001,71.402],[112.001,72.124],[111.708,72.166],[111.575,72.324],[111.318,72.318],[111.002,72.436],[111.291,72.487],[110.769,72.645],[110.627,72.882],[110.822,72.951],[110.849,73.055],[110.356,73.199],[110.619,73.251],[110.245,73.377],[111.2,73.605],[110.966,73.698],[110.484,73.637],[109.785,73.435],[109.195,73.503],[109.302,73.391],[108.653,73.315],[108.274,73.293],[107.772,73.153],[107.019,73.162],[106.688,73.138],[106.36,73.188],[106.218,73.127],[106.236,72.964],[105.748,72.801],[105.196,72.687],[104.94,72.669],[104.758,72.6],[104.424,72.609],[104.775,72.75],[105.086,72.805],[105.35,72.792],[105.724,72.883],[105.923,73.007],[105.907,73.107],[106.063,73.141],[106.126,73.273],[106.281,73.321],[106.797,73.319],[106.959,73.46],[107.205,73.534],[107.206,73.609],[108.173,73.659],[108.501,73.777],[108.772,73.934],[109.173,74.06],[109.489,74.082],[109.918,74.211],[109.952,74.301],[110.509,74.487],[111.101,74.57],[111.342,74.665],[111.844,74.688],[112.244,74.882],[112.755,74.938],[113.511,75.21],[113.684,75.312],[113.703,75.505],[113.391,75.517],[113.323,75.648],[112.997,75.61],[112.84,75.74],[112.481,75.776],[112.523,75.841],[113.163,75.703],[113.735,75.618],[113.924,75.845],[113.638,75.911],[113.423,76.19],[112.992,76.114],[112.711,76.209],[112.713,76.331],[112.227,76.458],[111.606,76.653],[110.646,76.75],[110.107,76.685],[109.427,76.752],[108.634,76.698],[107.957,76.726],[108.043,76.64],[107.891,76.528],[107.435,76.526],[106.798,76.484],[106.454,76.513],[106.432,76.586],[106.787,76.612],[106.808,76.727],[107.24,76.798],[107.42,76.895],[107.288,77.004],[106.868,77.047],[106.502,77.003],[106.193,77.057],[105.976,76.996],[105.225,77.088],[104.957,77.151],[105.366,77.194],[106.038,77.405],[105.88,77.543],[105.347,77.539],[104.424,77.653],[104.092,77.717],[103.778,77.635],[103.285,77.629],[102.656,77.493],[102.393,77.362],[102.085,77.339],[101.394,77.109],[101.333,76.993],[100.931,76.859],[101.205,76.754],[101.08,76.537],[100.542,76.461],[99.406,76.447],[98.87,76.456],[99.103,76.333],[99.407,76.271],[99.896,76.09],[99.474,76.086],[99.195,76.14],[99.34,76.204],[98.527,76.188],[98.288,76.158],[97.841,75.989],[96.98,75.961],[96.709,75.97],[95.993,75.936],[96.055,76.004],[95.899,76.139],[95.413,76.149],[94.614,76.077],[94.115,76.121],[93.273,75.961],[93.684,75.884],[93.411,75.825],[92.507,75.773],[90.676,75.6],[89.969,75.554],[89.452,75.425],[89.259,75.488],[88.615,75.323],[88.212,75.125],[87.908,75.106],[87.193,75.148],[86.896,75.101],[87.355,75.033],[87.571,74.955],[87.136,74.871],[86.92,74.742],[86.639,74.703],[86.247,74.803],[85.75,74.649],[86.368,74.614],[86.747,74.486],[86.157,74.443],[85.908,74.36],[85.967,74.305],[86.629,74.254],[86.725,74.127],[87.025,74.049],[87.124,73.853],[86.794,73.892],[86.106,73.859],[85.562,73.797],[85.52,73.718],[85.174,73.698],[84.881,73.754],[83.527,73.644],[81.895,73.636],[81.365,73.574],[80.573,73.558],[80.686,73.421],[80.376,73.292],[80.634,73.26],[80.705,73.19],[80.562,73.069],[80.822,73.016],[80.842,72.796],[80.693,72.728],[80.767,72.508],[80.898,72.424],[81.234,72.355],[81.813,72.327],[82.222,72.284],[82.369,72.189],[82.26,72.101],[82.525,72.025],[82.665,71.917],[83.359,71.839],[83.444,71.739],[83.279,71.706],[82.706,71.762],[82.439,71.719],[81.681,71.694],[81.37,71.75],[81.284,71.834],[80.68,72.048],[80.781,72.076],[79.959,72.202],[79.558,72.336],[79.243,72.363],[78.554,72.377],[78.459,72.315],[78.76,72.163],[79.07,72.077],[79.617,72.052],[80.228,71.931],[80.368,71.867],[80.073,71.827],[80.143,71.665],[79.827,71.585],[79.388,71.609],[79.314,71.454],[79.134,71.393],[79.22,71.307],[79.434,71.296],[79.997,71.116],[80.584,71.043],[80.643,70.712],[80.817,70.622],[80.618,70.454],[80.414,70.461],[80.024,70.332],[79.755,70.276],[79.507,70.112],[79.221,70.06],[79.116,69.933],[78.911,69.856],[79.167,69.738],[79.51,69.627],[79.641,69.466],[79.922,69.35],[80.237,69.366],[80.531,69.309],[80.699,69.32],[80.961,69.2],[81.342,69.283],[81.586,69.27],[81.641,69.414],[81.822,69.427],[81.961,69.353],[81.805,69.254],[81.852,69.194],[82.138,69.162],[82.396,69.174],[82.595,68.807],[82.801,68.759],[82.825,68.637],[82.633,68.597],[82.715,68.395],[82.552,68.167],[82.352,68.126],[82.398,67.971],[82.336,67.933],[81.974,67.96],[81.729,67.9],[81.855,67.798],[82.112,67.686],[82.028,67.645],[82.397,67.522],[82.232,67.409],[82.304,67.333],[82.133,67.219],[82.738,67.001],[83.145,66.83],[83.328,66.659],[83.083,66.576],[83.116,66.404],[83.257,66.376],[83.539,66.187],[83.269,66.049],[83.455,65.926],[83.563,65.762],[84,65.787],[84.528,65.458],[84.535,65.239],[84.383,65.202],[84.322,64.92],[84.431,64.905],[84.921,64.954],[85.001,64.828],[85.144,64.771],[85.53,64.853],[85.834,64.784],[85.819,64.68],[85.907,64.574],[85.804,64.497],[85.922,64.432],[86.007,64.272],[85.937,64.135],[85.967,64.049],[85.506,63.928],[85.33,63.798],[85.303,63.648],[85.078,63.534],[85.302,63.514],[85.42,63.434],[85.704,63.337],[85.568,63.284],[85.497,63.15],[85.619,63.031],[85.503,62.982],[85.462,62.881],[85.218,62.802],[85.1,62.632],[84.901,62.558],[84.923,62.476],[84.714,62.4],[84.441,62.196],[84.523,61.922],[84.678,61.808],[85.097,61.752],[85.493,61.617],[85.961,61.545],[85.965,61.459],[85.798,61.454],[85.641,61.367],[85.697,61.284],[84.735,61.014],[84.263,60.863]]],[[[78.75,72.906],[78.651,72.799],[78.888,72.733],[79.383,72.701],[79.574,72.751],[79.51,72.93],[79.145,73.079],[78.75,72.906]]],[[[111.319,73.853],[110.674,73.976],[110.322,74.016],[109.975,73.999],[109.817,73.862],[109.55,73.817],[109.655,73.68],[110.125,73.703],[110.296,73.68],[110.67,73.793],[110.899,73.766],[111.319,73.853]]],[[[85.665,74.529],[85.289,74.576],[85.175,74.482],[85.364,74.45],[85.665,74.529]]],[[[85.781,74.454],[86.181,74.486],[85.975,74.594],[85.757,74.552],[85.781,74.454]]],[[[82.09,75.132],[82.309,75.204],[82.212,75.282],[82.432,75.341],[82.276,75.522],[81.668,75.417],[81.597,75.275],[81.728,75.198],[82.09,75.132]]],[[[86.676,74.829],[87.113,74.888],[86.975,74.979],[86.495,74.888],[86.676,74.829]]],[[[95.625,76.194],[95.77,76.153],[96.403,76.144],[96.427,76.308],[95.69,76.281],[95.625,76.194]]],[[[106.875,78.088],[107.524,78.04],[107.778,78.139],[106.896,78.166],[106.875,78.088]]],[[[76.109,79.662],[76.358,79.56],[76.782,79.488],[77.381,79.524],[76.671,79.629],[76.109,79.662]]],[[[79.308,80.881],[78.907,80.839],[79.102,80.744],[79.91,80.761],[80.107,80.859],[79.308,80.881]]],[[[91.032,81.215],[90.205,81.18],[90.231,81.094],[90.807,81.037],[91.421,81.063],[91.633,81.128],[91.032,81.215]]],[[[92.812,79.687],[93.052,79.695],[93.711,79.831],[93.878,79.907],[93.278,80.005],[92.093,80.055],[91.432,80.053],[91.144,79.954],[91.233,79.834],[91.969,79.801],[92.031,79.691],[92.812,79.687]]],[[[92.812,80.132],[93.587,80.011],[94.222,80.04],[94.569,80.113],[95.805,80.215],[97.32,80.232],[97.502,80.323],[97.16,80.577],[98.066,80.681],[97.715,80.793],[96.844,80.916],[96.504,81.08],[95.746,81.273],[94.884,81.091],[93.193,80.957],[92.633,80.712],[93.332,80.726],[92.857,80.595],[92.909,80.472],[92.279,80.44],[91.782,80.263],[92.254,80.27],[92.496,80.143],[92.812,80.132]]],[[[101.25,79.13],[100.817,78.852],[100.362,78.655],[100.149,78.348],[99.626,78.161],[99.404,78.019],[99.562,77.922],[100.071,77.946],[101.271,78.167],[102.099,78.165],[102.531,78.201],[103.759,78.231],[104.391,78.309],[104.899,78.307],[105.463,78.543],[105.306,78.784],[104.534,78.89],[104.413,78.99],[104.043,79.052],[104.095,79.13],[103.558,79.156],[102.776,78.962],[102.762,79.075],[103.042,79.258],[102.91,79.373],[102.313,79.414],[102.207,79.327],[101.648,79.34],[101.681,79.231],[101.359,79.22],[101.25,79.13]]],[[[95.625,80.11],[95.018,80.064],[94.45,79.966],[94.333,79.891],[94.711,79.8],[94.057,79.763],[93.715,79.622],[93.972,79.515],[94.432,79.427],[94.377,79.238],[94.682,79.115],[95.082,79.025],[95.501,79.094],[95.729,78.992],[96.511,78.984],[96.969,78.934],[97.653,78.808],[99.521,78.811],[99.992,78.941],[99.917,79.073],[99.303,79.228],[99.809,79.296],[99.78,79.546],[99.928,79.719],[100.107,79.77],[99.805,79.921],[99.274,80.045],[98.6,80.045],[98.322,79.83],[97.86,79.828],[98.075,80.06],[97.668,80.166],[96.629,80.122],[95.625,80.11]]],[[[89.365,77.294],[89.201,77.198],[89.521,77.159],[89.719,77.237],[89.365,77.294]]],[[[95.625,76.973],[96.234,76.974],[96.577,77.124],[96.168,77.112],[95.546,77.036],[95.625,76.973]]]]},"properties":{"name":"Krasnoyarsk Krai","iso3":"RUS","isoCode":"RU-KYA","id":"RUS-krasnoyarsk-krai"}},
{"type":"Feature","geometry":{"type":"Polygon","coordinates":[[[115.73,56.962],[115.583,56.877],[115.614,56.772],[115.412,56.606],[115.649,56.578],[115.699,56.486],[115.674,56.281],[115.756,56.2],[115.779,55.987],[115.903,55.929],[115.836,55.856],[115.908,55.654],[115.877,55.496],[115.988,55.356],[116.109,55.345],[116.374,55.381],[116.473,55.229],[116.769,55.099],[116.913,54.867],[116.722,54.53],[116.431,54.477],[116.176,54.511],[115.497,54.373],[115.501,54.315],[115.162,54.187],[115.146,54.119],[115.013,54.074],[114.986,53.999],[114.753,53.93],[114.578,53.916],[114.513,53.816],[114.365,53.815],[114.247,53.744],[113.985,53.723],[113.965,53.644],[113.826,53.632],[113.883,53.522],[113.827,53.416],[113.936,53.359],[113.924,53.284],[114.043,53.209],[114.206,53.179],[114.318,52.978],[114.238,52.833],[114.082,52.68],[113.487,52.471],[113.152,52.454],[113.093,52.404],[112.736,52.326],[112.547,52.346],[112.507,52.246],[112.383,52.202],[112.306,52.245],[112.071,52.283],[112.008,52.209],[111.797,52.087],[111.733,51.998],[111.463,51.871],[111.149,51.833],[111.016,51.792],[110.71,51.517],[110.523,51.502],[110.293,51.604],[110.059,51.621],[109.834,51.553],[109.62,51.449],[109.245,51.37],[109.119,51.432],[108.785,51.437],[108.501,51.405],[108.466,51.208],[108.563,51.121],[108.454,51.054],[108.342,51.063],[108.261,50.901],[108.267,50.824],[108.061,50.774],[108.182,50.65],[108.482,50.595],[108.534,50.472],[108.34,50.394],[108.223,50.417],[108.108,50.307],[107.967,50.321],[107.927,50.231],[107.734,50.153],[107.797,49.991],[107.754,49.971],[107.919,49.875],[107.968,49.655],[108.124,49.577],[108.304,49.532],[108.356,49.428],[108.518,49.323],[109.171,49.353],[109.346,49.325],[109.5,49.236],[109.903,49.206],[110.226,49.158],[110.38,49.247],[110.476,49.202],[110.807,49.18],[111.277,49.31],[111.375,49.358],[111.515,49.323],[111.668,49.38],[111.958,49.382],[112.278,49.484],[112.487,49.524],[112.807,49.515],[113.044,49.608],[113.218,49.837],[113.652,50],[113.743,50.075],[113.879,50.105],[114.178,50.243],[114.339,50.283],[114.468,50.234],[114.831,50.224],[115.008,50.164],[115.224,49.988],[115.507,49.907],[115.745,49.887],[116.073,50.014],[116.236,50.036],[116.622,49.931],[116.72,49.838],[117.068,49.708],[117.363,49.654],[117.718,49.576],[117.889,49.577],[118.028,49.612],[118.11,49.667],[118.113,49.669],[118.212,49.715],[118.214,49.716],[118.225,49.721],[118.274,49.742],[118.291,49.75],[118.319,49.768],[118.387,49.815],[118.401,49.825],[118.581,49.944],[118.933,49.991],[118.938,49.991],[118.945,49.992],[118.948,49.992],[119.115,50.009],[119.154,50.026],[119.157,50.028],[119.227,50.074],[119.228,50.075],[119.233,50.078],[119.234,50.079],[119.284,50.111],[119.286,50.112],[119.315,50.162],[119.22,50.363],[119.198,50.41],[119.226,50.5],[119.229,50.505],[119.264,50.557],[119.273,50.569],[119.29,50.585],[119.339,50.633],[119.377,50.67],[119.388,50.681],[119.487,50.773],[119.49,50.776],[119.497,50.782],[119.502,50.787],[119.509,50.793],[119.652,51.012],[119.754,51.159],[119.758,51.166],[119.768,51.18],[119.794,51.218],[119.806,51.234],[119.847,51.294],[119.904,51.376],[119.918,51.396],[119.977,51.48],[120,51.514],[120.041,51.572],[120.094,51.648],[120.095,51.65],[120.136,51.673],[120.2,51.704],[120.635,51.921],[120.74,52.204],[120.752,52.242],[120.734,52.259],[120.635,52.361],[120.643,52.38],[120.65,52.396],[120.677,52.458],[120.686,52.477],[120.576,52.57],[120.237,52.601],[120.12,52.612],[120.146,52.812],[120.342,52.92],[120.618,53.1],[120.642,53.118],[120.668,53.138],[120.686,53.151],[120.776,53.219],[120.833,53.248],[121.026,53.288],[121.052,53.293],[121.093,53.302],[121.593,53.406],[122.086,53.447],[121.948,53.617],[121.909,53.855],[121.847,53.955],[121.653,54.027],[121.629,54.1],[121.766,54.176],[121.747,54.282],[121.663,54.375],[121.762,54.44],[121.912,54.377],[122.129,54.413],[122.146,54.459],[121.933,54.578],[121.938,54.713],[121.88,54.803],[121.649,54.752],[121.667,54.834],[121.96,55.001],[121.914,55.12],[122.033,55.196],[121.94,55.279],[122,55.434],[121.899,55.62],[121.697,55.614],[121.607,55.526],[121.419,55.494],[121.336,55.53],[121.337,55.822],[121.247,55.88],[121.213,56.028],[120.914,56.033],[120.636,55.933],[120.35,55.882],[120.097,55.917],[120.127,56.03],[120.028,56.12],[120.176,56.207],[120.292,56.201],[120.539,56.266],[120.235,56.403],[120.089,56.501],[119.949,56.493],[119.833,56.566],[119.704,56.829],[119.856,56.896],[119.573,57.076],[119.66,57.169],[119.587,57.304],[119.399,57.436],[119.417,57.622],[119.18,57.589],[119.167,57.718],[119.046,57.765],[119.164,58.031],[119.117,58.238],[118.787,58.225],[118.68,58.179],[118.405,58.28],[118.255,58.397],[118.002,58.423],[117.672,58.406],[117.472,58.326],[117.589,58.154],[117.432,58.109],[117.346,57.864],[117.12,57.861],[117.182,57.748],[117.139,57.665],[117.335,57.635],[117.255,57.536],[117.345,57.364],[117.779,57.319],[117.755,57.238],[117.576,57.167],[117.676,57.089],[117.561,56.865],[117.345,56.898],[116.996,56.821],[116.738,56.743],[116.521,56.774],[116.316,56.87],[116.08,56.826],[115.833,56.945],[115.73,56.962]]]},"properties":{"name":"Zabaykalsky Krai","iso3":"RUS","isoCode":"RU-ZAB","id":"RUS-zabaykalsky-krai"}},
{"type":"Feature","geometry":{"type":"Polygon","coordinates":[[[64.927,56.772],[65.17,56.764],[65.253,56.921],[65.056,56.904],[64.963,57.157],[65.005,57.234],[64.827,57.293],[64.937,57.555],[64.833,57.648],[65.407,57.826],[65.536,57.764],[65.795,57.875],[66.185,58.011],[66,58.249],[65.95,58.615],[65.655,58.658],[65.373,58.899],[65.236,59.206],[65.072,59.312],[64.49,59.377],[64.02,59.382],[63.874,59.461],[63.795,59.817],[63.606,60.102],[63.181,60.224],[63.226,60.294],[62.867,60.654],[62.76,60.853],[62.826,61.001],[62.646,61.171],[62.484,61.261],[61.891,61.407],[61.887,61.437],[61.229,61.654],[60.997,61.695],[60.515,61.736],[59.998,61.718],[59.973,61.883],[59.489,61.947],[59.328,61.843],[59.419,61.754],[59.349,61.663],[59.404,61.62],[59.369,61.394],[59.262,61.299],[59.387,60.945],[59.483,60.828],[59.362,60.524],[59.22,60.443],[59.139,60.207],[59.03,60.015],[58.693,59.857],[58.602,59.693],[58.479,59.712],[58.363,59.465],[58.525,59.435],[58.625,59.298],[58.789,59.24],[58.96,59.234],[59.197,59.147],[59.093,59],[59.08,58.906],[59.154,58.718],[59.398,58.702],[59.454,58.478],[59.287,58.419],[59.186,58.279],[58.925,58.281],[58.663,58.105],[58.639,58.005],[58.728,57.852],[58.864,57.838],[58.828,57.736],[58.537,57.564],[58.447,57.674],[58.159,57.68],[58.03,57.611],[57.94,57.316],[58.032,57.151],[57.676,56.921],[57.316,56.928],[57.229,56.856],[57.399,56.641],[57.323,56.394],[57.406,56.343],[57.498,56.21],[57.466,56.127],[57.686,56.137],[57.919,56.106],[58.165,56.141],[58.385,56.082],[58.511,56.171],[58.712,56.094],[58.961,56.065],[59.042,56.172],[59.169,56.199],[59.14,56.321],[59.555,56.339],[59.635,56.248],[59.783,56.226],[59.915,56.257],[60.051,56.214],[60.259,56.2],[60.364,56.233],[60.709,56.239],[60.964,56.191],[61.186,56.208],[61.092,56.319],[61.177,56.361],[61.337,56.315],[61.434,56.351],[61.581,56.288],[61.735,56.287],[61.84,56.183],[62.061,56.131],[62.07,56.296],[62.257,56.341],[62.254,56.399],[62.428,56.527],[62.603,56.491],[62.871,56.547],[62.986,56.598],[63.315,56.568],[63.474,56.612],[63.599,56.588],[63.829,56.481],[64.179,56.461],[64.35,56.683],[64.546,56.789],[64.887,56.824],[64.927,56.772]]]},"properties":{"name":"Sverdlovsk Oblast","iso3":"RUS","isoCode":"RU-SVE","id":"RUS-sverdlovsk-oblast"}},
{"type":"Feature","geometry":{"type":"Polygon","coordinates":[[[42.881,51.233],[42.708,51.248],[42.596,51.153],[42.294,51.137],[42.087,51.148],[41.928,51.194],[41.858,51.159],[41.751,51.006],[41.471,50.95],[41.393,50.842],[41.169,50.776],[41.347,50.712],[41.448,50.606],[41.42,50.499],[41.522,50.363],[41.401,50.203],[41.494,50.081],[41.611,50.042],[41.617,49.96],[41.878,49.907],[42.136,49.733],[42.184,49.676],[42.081,49.513],[42.078,49.341],[42.021,49.134],[42.34,49.139],[42.403,49.003],[42.489,49.01],[42.683,48.936],[42.745,48.774],[42.658,48.701],[42.709,48.613],[42.61,48.545],[42.367,48.497],[42.311,48.515],[42.086,48.416],[42.181,48.277],[42.063,48.266],[42.129,48.141],[42.021,48.092],[42.048,48.027],[42.525,48.019],[42.63,47.909],[42.72,47.876],[42.759,47.761],[42.846,47.672],[42.926,47.519],[43.05,47.554],[43.155,47.466],[43.315,47.448],[43.587,47.486],[43.711,47.474],[43.668,47.549],[43.715,47.718],[43.946,47.753],[44.083,47.899],[44.359,47.852],[44.423,47.956],[44.325,48.041],[44.326,48.239],[44.544,48.188],[44.541,48.05],[44.81,48.051],[44.926,48.12],[44.961,48.271],[45.015,48.425],[45.3,48.567],[45.604,48.603],[45.74,48.652],[46.038,48.864],[46.308,48.821],[46.622,48.668],[46.779,48.951],[46.893,48.982],[47.029,49.089],[46.996,49.232],[46.782,49.34],[46.902,49.864],[47.182,49.935],[47.353,50.094],[47.257,50.192],[47.291,50.283],[47.431,50.378],[47.272,50.379],[47.206,50.509],[46.912,50.49],[46.871,50.577],[46.738,50.666],[46.568,50.69],[46.425,50.547],[46.061,50.526],[46.035,50.665],[45.893,50.75],[45.744,50.757],[45.679,50.667],[45.684,50.576],[45.405,50.613],[45.193,50.585],[45.326,50.862],[45.224,50.935],[45.192,51.043],[44.993,51.146],[44.899,51.115],[44.477,51.211],[44.345,51.174],[44.228,51.199],[44.185,51.093],[43.694,51.108],[43.359,50.999],[43.195,51.111],[42.881,51.233]]]},"properties":{"name":"Volgograd Oblast","iso3":"RUS","isoCode":"RU-VGG","id":"RUS-volgograd-oblast"}},
{"type":"Feature","geometry":{"type":"Polygon","coordinates":[[[96.688,53.646],[96.742,53.727],[96.896,53.725],[97.01,53.653],[97.39,53.544],[97.454,53.456],[97.589,53.377],[97.939,53.35],[98.005,53.248],[98.297,53.227],[98.311,53.105],[98.637,53.101],[98.665,53.153],[99.01,53.103],[99,53.027],[99.23,52.963],[99.37,53.034],[99.372,53.101],[99.718,53.15],[99.98,53.329],[100.265,53.373],[100.421,53.248],[100.337,53.163],[100.377,53.104],[100.544,53.03],[100.6,52.951],[100.813,52.865],[100.916,52.783],[101.055,52.764],[101.491,52.556],[101.782,52.369],[101.924,52.318],[102.007,52.212],[102.156,52.284],[102.302,52.23],[102.392,52.27],[102.567,52.219],[102.568,52.166],[102.762,51.996],[102.967,51.901],[103.058,51.901],[103.227,51.805],[103.182,51.617],[103.242,51.504],[103.447,51.464],[103.628,51.48],[103.801,51.435],[103.81,51.13],[104.063,51.205],[104.19,51.279],[104.564,51.286],[104.672,51.338],[104.593,51.628],[105.001,51.689],[105.322,51.754],[105.553,51.832],[105.772,51.955],[106.173,52.362],[107.002,52.718],[108.013,53.234],[108.297,53.674],[108.451,53.848],[109,54.334],[109.068,54.426],[108.632,54.545],[108.712,54.667],[108.719,54.901],[108.694,55.061],[108.796,55.166],[108.661,55.311],[108.703,55.499],[108.777,55.613],[108.824,55.848],[108.971,55.939],[109.202,55.907],[109.266,55.961],[108.997,56.004],[108.816,56.228],[108.652,56.241],[108.56,56.32],[108.74,56.505],[109.08,56.659],[109.231,56.651],[109.357,56.713],[109.551,56.741],[109.689,56.696],[109.892,56.793],[109.853,56.85],[110.013,56.975],[110.214,56.93],[110.366,56.944],[110.496,56.858],[110.84,56.841],[110.982,56.874],[111.093,56.815],[111.342,56.896],[111.382,57.014],[111.523,57.13],[111.614,57.012],[111.831,56.913],[112.064,56.957],[112.212,56.859],[112.405,56.857],[112.572,56.957],[112.738,56.948],[112.679,56.857],[112.735,56.759],[112.868,56.686],[113.078,56.683],[113.365,56.626],[113.5,56.673],[113.791,56.612],[113.858,56.519],[114,56.561],[114.139,56.69],[114.504,56.67],[114.793,56.709],[114.856,56.834],[115.007,56.971],[115.068,57.112],[115.539,57.108],[115.744,57.165],[115.845,57.248],[116.11,57.241],[116.253,57.123],[115.73,56.962],[115.833,56.945],[116.08,56.826],[116.316,56.87],[116.521,56.774],[116.738,56.743],[116.996,56.821],[117.345,56.898],[117.561,56.865],[117.676,57.089],[117.576,57.167],[117.755,57.238],[117.779,57.319],[117.345,57.364],[117.255,57.536],[117.335,57.635],[117.139,57.665],[117.182,57.748],[117.12,57.861],[117.346,57.864],[117.432,58.109],[117.589,58.154],[117.472,58.326],[117.672,58.406],[118.002,58.423],[118.255,58.397],[118.405,58.28],[118.68,58.179],[118.787,58.225],[119.117,58.238],[119.062,58.368],[119.131,58.488],[118.992,58.562],[118.777,58.611],[118.873,58.827],[118.75,58.936],[118.873,58.965],[118.822,59.051],[118.696,59.058],[118.67,59.183],[118.81,59.332],[118.765,59.42],[118.362,59.526],[118.341,59.622],[118.079,59.624],[117.824,59.446],[117.783,59.558],[117.498,59.493],[117.249,59.513],[117.112,59.61],[117.206,59.681],[117.22,59.875],[117.01,59.916],[117.1,60.028],[116.759,60.28],[116.61,60.298],[116.544,60.39],[116.325,60.375],[115.877,60.523],[115.697,60.549],[115.366,60.491],[115.096,60.413],[115.117,60.326],[114.987,60.215],[114.775,60.203],[114.565,60.131],[114.53,59.984],[114.297,59.891],[114.225,59.793],[113.999,59.729],[113.795,59.628],[113.589,59.593],[113.615,59.515],[113.463,59.432],[113.532,59.351],[113.486,59.282],[113.11,59.151],[112.805,59.127],[112.753,59.053],[112.442,58.918],[112.445,59.15],[112.522,59.348],[112.367,59.31],[112.179,59.471],[111.96,59.339],[111.65,59.224],[111.451,59.292],[111.299,59.278],[111.218,59.204],[110.721,59.281],[110.549,59.183],[110.604,59.14],[110.475,59.046],[110.158,58.981],[109.983,59.025],[109.812,59.004],[109.625,59.167],[109.509,59.193],[109.453,59.313],[109.288,59.316],[109.252,59.467],[109.543,59.667],[109.475,59.768],[109.663,59.876],[109.621,59.938],[109.755,60.027],[109.695,60.161],[109.907,60.461],[110.261,60.687],[110.258,60.822],[110.542,61.087],[110.426,61.208],[110.227,61.167],[110.111,61.278],[109.767,61.337],[109.87,61.549],[109.608,61.738],[109.612,61.858],[109.72,61.999],[110.004,62.184],[109.918,62.261],[109.911,62.437],[109.664,62.436],[109.298,62.522],[109.463,62.749],[109.683,62.844],[109.494,62.956],[109.429,63.313],[109.081,63.577],[108.566,63.634],[108.144,63.604],[108.299,63.716],[108.287,63.837],[108.648,63.822],[108.803,63.871],[108.712,63.936],[108.739,64.036],[108.613,64.069],[108.52,64.212],[108.364,64.265],[108.086,64.246],[108.247,64.25],[108.387,64.047],[108.048,64.002],[107.769,64.02],[107.566,63.897],[107.193,63.977],[107.043,63.927],[106.664,64.044],[106.606,63.987],[106.784,63.891],[106.602,63.723],[106.657,63.626],[106.474,63.541],[106.727,63.41],[106.658,63.326],[106.412,63.354],[106.345,63.246],[106.439,63.216],[106.354,63.107],[106.165,63.085],[106.193,62.921],[106.436,62.863],[106.513,62.791],[106.492,62.692],[106.771,62.639],[106.417,62.254],[106.396,62.043],[106.111,61.957],[105.893,61.825],[105.952,61.752],[105.813,61.63],[105.712,61.662],[105.55,61.579],[105.363,61.542],[105.281,61.424],[104.91,61.395],[105.021,61.199],[104.887,61.195],[104.625,61.079],[104.609,60.885],[104.468,60.851],[104.609,60.722],[104.503,60.627],[104.652,60.506],[104.657,60.406],[104.863,60.311],[105.461,60.253],[105.422,60.154],[105.505,60.002],[105.433,59.858],[105.145,59.883],[105.014,59.838],[104.762,59.685],[104.85,59.561],[104.997,59.461],[105.195,59.477],[105.22,59.343],[105.367,59.119],[105.116,59.05],[104.912,58.954],[104.753,58.813],[104.876,58.75],[104.817,58.693],[104.466,58.609],[104.213,58.755],[104.063,58.788],[103.946,58.904],[103.634,58.923],[103.559,58.997],[103.394,59.029],[103.218,59.238],[103.019,59.318],[102.785,59.202],[102.498,59.186],[102.41,59.071],[102.556,58.906],[102.566,58.741],[102.338,58.649],[102.299,58.585],[102.102,58.489],[101.791,58.453],[101.498,58.23],[101.364,58.233],[101.198,58.129],[101.139,57.968],[100.974,57.864],[100.818,57.634],[100.95,57.571],[100.927,57.448],[100.787,57.409],[100.411,57.55],[100.372,57.726],[100.081,57.945],[100.091,58.069],[99.812,58.058],[99.682,58.083],[99.437,57.791],[99.087,57.778],[98.917,57.713],[98.748,57.797],[98.636,57.772],[98.109,57.829],[97.954,57.829],[97.343,57.032],[97.531,56.97],[97.469,56.84],[97.541,56.785],[97.786,56.798],[97.78,56.591],[97.88,56.534],[97.88,56.375],[97.557,56.376],[97.574,56.187],[97.473,56.195],[97.36,56.032],[97.132,56.113],[96.991,56.004],[96.989,55.85],[96.786,55.79],[96.744,55.656],[96.928,55.302],[96.679,55.254],[96.685,55.083],[96.593,55.03],[96.711,54.865],[96.567,54.699],[96.581,54.627],[96.486,54.516],[96.065,54.575],[95.922,54.399],[95.751,54.422],[95.647,54.294],[95.691,54.237],[95.849,54.21],[95.953,54.097],[96.197,53.904],[96.34,53.837],[96.485,53.692],[96.688,53.646]]]},"properties":{"name":"Irkutsk Oblast","iso3":"RUS","isoCode":"RU-IRK","id":"RUS-irkutsk-oblast"}},
{"type":"Feature","geometry":{"type":"Polygon","coordinates":[[[53.786,58.456],[53.887,58.314],[53.881,58.2],[54.136,57.958],[54.148,57.707],[53.992,57.559],[54.292,57.433],[54.155,57.401],[54.142,57.317],[54.311,57.306],[54.315,57.091],[54.436,57.031],[54.341,56.973],[54.154,56.979],[54.086,56.812],[53.885,56.663],[54.051,56.604],[54.378,56.379],[54.486,56.411],[54.54,56.511],[54.671,56.498],[55.027,56.326],[55.15,56.307],[55.46,56.332],[55.522,56.381],[55.909,56.456],[56.079,56.295],[56.267,56.306],[56.406,56.405],[56.783,56.164],[56.921,56.104],[57.21,56.178],[57.285,56.305],[57.406,56.343],[57.323,56.394],[57.399,56.641],[57.229,56.856],[57.316,56.928],[57.676,56.921],[58.032,57.151],[57.94,57.316],[58.03,57.611],[58.159,57.68],[58.447,57.674],[58.537,57.564],[58.828,57.736],[58.864,57.838],[58.728,57.852],[58.639,58.005],[58.663,58.105],[58.925,58.281],[59.186,58.279],[59.287,58.419],[59.454,58.478],[59.398,58.702],[59.154,58.718],[59.08,58.906],[59.093,59],[59.197,59.147],[58.96,59.234],[58.789,59.24],[58.625,59.298],[58.525,59.435],[58.363,59.465],[58.479,59.712],[58.602,59.693],[58.693,59.857],[59.03,60.015],[59.139,60.207],[59.22,60.443],[59.362,60.524],[59.483,60.828],[59.387,60.945],[59.262,61.299],[59.369,61.394],[59.404,61.62],[59.349,61.663],[59.148,61.63],[59.058,61.542],[58.844,61.495],[57.093,61.502],[56.653,61.524],[56.566,61.419],[56.378,61.443],[56.275,61.192],[55.813,61.247],[55.731,61.096],[55.276,61.149],[55.2,60.992],[55.05,61.009],[54.977,60.86],[53.876,60.983],[53.814,60.832],[53.355,60.883],[53.414,61.033],[52.871,61.09],[52.806,60.938],[52.431,60.976],[52.361,60.829],[51.892,60.882],[51.772,60.58],[52.153,60.541],[52.124,60.465],[52.355,60.438],[52.317,60.227],[52.442,60.187],[52.921,60.154],[53.373,60.156],[53.422,60.225],[53.626,60.114],[53.687,60.01],[53.63,59.742],[53.45,59.703],[53.357,59.462],[53.223,59.358],[53.384,59.153],[53.682,59.151],[53.903,59.087],[53.754,58.965],[53.905,58.755],[53.786,58.724],[53.703,58.602],[53.786,58.456]]]},"properties":{"name":"Perm Krai","iso3":"RUS","isoCode":"RU-PER","id":"RUS-perm-krai"}},
{"type":"Feature","geometry":{"type":"Polygon","coordinates":[[[27.738,58.978],[27.357,58.787],[27.553,58.366],[27.491,58.225],[27.634,58.097],[27.656,57.955],[27.813,57.86],[27.558,57.834],[27.522,57.716],[27.411,57.7],[27.353,57.525],[27.566,57.515],[27.517,57.427],[27.671,57.395],[27.87,57.29],[27.757,57.131],[27.737,56.92],[27.977,56.812],[27.901,56.76],[28.013,56.672],[28.166,56.375],[28.241,56.279],[28.157,56.143],[28.32,56.059],[28.549,56.116],[28.722,55.979],[29.088,56.034],[29.216,55.988],[29.423,55.969],[29.4,55.754],[29.515,55.702],[29.623,55.78],[29.806,55.783],[29.895,55.863],[30.107,55.831],[30.274,55.864],[30.534,55.75],[30.757,55.595],[30.925,55.623],[31.038,55.761],[31.483,55.719],[31.407,55.806],[31.368,55.969],[31.508,56.05],[31.449,56.133],[31.467,56.258],[31.228,56.342],[31.213,56.427],[31.012,56.48],[31.058,56.646],[30.888,56.645],[30.768,56.76],[30.935,56.866],[30.979,56.97],[30.689,56.983],[30.688,57.149],[30.746,57.263],[30.537,57.306],[30.423,57.424],[30.681,57.644],[30.452,57.688],[30.543,57.864],[30.289,57.911],[30.2,57.895],[29.672,58.135],[29.686,58.211],[29.917,58.311],[29.896,58.45],[29.747,58.424],[29.551,58.48],[29.58,58.534],[29.313,58.614],[29.283,58.696],[29.056,58.74],[28.973,58.805],[28.622,58.865],[28.374,58.878],[27.991,59.016],[27.738,58.978]]]},"properties":{"name":"Pskov Oblast","iso3":"RUS","isoCode":"RU-PSK","id":"RUS-pskov-oblast"}},
{"type":"Feature","geometry":{"type":"Polygon","coordinates":[[[41.401,50.203],[41.298,50.021],[41.084,49.945],[41.047,49.809],[40.921,49.7],[40.637,49.673],[40.549,49.581],[40.375,49.588],[40.277,49.628],[40.135,49.617],[40.029,49.454],[40.195,49.346],[40.186,49.281],[39.938,49.083],[39.693,49.05],[39.852,48.891],[40.058,48.904],[39.976,48.793],[39.8,48.843],[39.71,48.724],[39.688,48.587],[39.855,48.561],[39.912,48.42],[39.937,48.181],[39.876,48.119],[39.738,47.828],[39.387,47.871],[39.15,47.842],[38.878,47.876],[38.789,47.816],[38.789,47.738],[38.616,47.645],[38.35,47.617],[38.285,47.544],[38.302,47.393],[38.221,47.305],[38.26,47.238],[38.23,47.119],[38.452,47.151],[38.561,47.116],[38.945,47.199],[38.955,47.269],[39.198,47.284],[39.294,47.021],[39.105,47.037],[38.686,46.871],[38.896,46.826],[38.902,46.635],[39.209,46.621],[39.263,46.794],[39.565,46.806],[40.063,46.772],[40.116,46.718],[40.064,46.534],[40.221,46.538],[40.286,46.448],[40.272,46.314],[40.324,46.283],[40.744,46.286],[40.744,46.229],[40.926,46.23],[40.979,46.113],[41.122,46.06],[41.161,45.952],[41.393,45.952],[41.393,45.997],[41.714,45.982],[41.641,46.157],[41.697,46.215],[41.863,46.144],[41.962,46.298],[42.17,46.298],[42.101,46.374],[42.063,46.544],[42.2,46.558],[42.397,46.511],[42.598,46.384],[42.932,46.447],[43.333,46.169],[43.63,46.175],[43.751,46.361],[43.924,46.387],[43.931,46.535],[43.882,46.623],[43.912,46.714],[44.157,46.823],[44.248,46.89],[44.324,47.142],[44.312,47.478],[44.234,47.549],[44.135,47.545],[44.133,47.414],[43.964,47.4],[43.94,47.259],[43.793,47.268],[43.711,47.474],[43.587,47.486],[43.315,47.448],[43.155,47.466],[43.05,47.554],[42.926,47.519],[42.846,47.672],[42.759,47.761],[42.72,47.876],[42.63,47.909],[42.525,48.019],[42.048,48.027],[42.021,48.092],[42.129,48.141],[42.063,48.266],[42.181,48.277],[42.086,48.416],[42.311,48.515],[42.367,48.497],[42.61,48.545],[42.709,48.613],[42.658,48.701],[42.745,48.774],[42.683,48.936],[42.489,49.01],[42.403,49.003],[42.34,49.139],[42.021,49.134],[42.078,49.341],[42.081,49.513],[42.184,49.676],[42.136,49.733],[41.878,49.907],[41.617,49.96],[41.611,50.042],[41.494,50.081],[41.401,50.203]]]},"properties":{"name":"Rostov Oblast","iso3":"RUS","isoCode":"RU-ROS","id":"RUS-rostov-oblast"}},
{"type":"Feature","geometry":{"type":"Polygon","coordinates":[[[42.442,54.825],[42.494,54.908],[42.445,55.026],[42.227,54.959],[41.998,54.995],[41.793,55.101],[41.537,55.173],[41.437,55.144],[41.294,55.234],[41.108,55.213],[40.993,55.257],[40.726,55.208],[40.613,55.218],[40.527,55.302],[40.326,55.308],[40.191,55.365],[40.155,55.264],[39.785,55.186],[39.863,55.111],[39.804,55.005],[39.625,55.025],[39.475,54.946],[39.247,54.646],[38.947,54.634],[38.827,54.607],[38.782,54.479],[38.89,54.402],[38.713,54.349],[38.666,54.257],[38.766,54.18],[38.685,54.098],[38.801,54.012],[38.816,53.781],[38.921,53.766],[38.938,53.574],[39.054,53.579],[39.189,53.394],[39.548,53.427],[39.552,53.526],[39.745,53.583],[39.933,53.514],[39.99,53.404],[40.143,53.381],[40.171,53.313],[40.37,53.34],[40.503,53.458],[40.701,53.556],[41.043,53.476],[41.186,53.473],[41.354,53.525],[41.363,53.766],[41.548,53.811],[41.84,53.82],[42.144,53.803],[42.351,53.854],[42.417,54.103],[42.572,54.083],[42.579,54.165],[42.435,54.257],[42.26,54.159],[42.203,54.189],[42.477,54.299],[42.651,54.588],[42.643,54.671],[42.44,54.71],[42.388,54.781],[42.442,54.825]]]},"properties":{"name":"Ryazan Oblast","iso3":"RUS","isoCode":"RU-RYA","id":"RUS-ryazan-oblast"}},
{"type":"Feature","geometry":{"type":"Polygon","coordinates":[[[38.684,44.951],[39.091,44.817],[39.146,44.836],[39.393,44.813],[39.642,44.866],[39.474,44.991],[39.622,45.049],[39.696,44.952],[39.885,45.023],[39.934,44.884],[40.029,44.747],[39.91,44.713],[39.87,44.338],[40.08,44.234],[39.993,44.076],[39.829,44.085],[39.778,43.962],[39.953,43.933],[40.027,43.88],[40.189,43.846],[40.217,43.779],[40.366,43.773],[40.41,43.939],[40.477,43.959],[40.36,44.247],[40.483,44.315],[40.35,44.548],[40.368,44.717],[40.43,44.762],[40.569,44.739],[40.644,44.636],[40.661,44.483],[40.776,44.465],[40.528,44.933],[40.389,45.034],[40.154,45.121],[39.9,45.097],[39.546,45.189],[39.376,45.057],[39.256,45.002],[39.02,44.983],[38.938,45.036],[38.684,44.951]]]},"properties":{"name":"Adygea","iso3":"RUS","isoCode":"RU-AD","id":"RUS-adygea"}},
{"type":"Feature","geometry":{"type":"Polygon","coordinates":[[[50.092,54.507],[50.243,54.22],[50.224,54.07],[49.928,53.889],[50.023,53.818],[49.703,53.83],[49.312,53.872],[48.996,53.875],[48.995,53.707],[48.782,53.732],[48.67,53.705],[48.512,53.758],[48.499,53.649],[48.369,53.474],[48.094,53.485],[47.935,53.367],[48.159,53.23],[48.112,53.204],[48.249,53.066],[48.364,53.055],[48.36,52.957],[48.523,52.949],[48.58,52.864],[48.429,52.814],[48.349,52.662],[48.531,52.675],[48.693,52.64],[48.727,52.543],[48.912,52.468],[49.171,52.5],[49.352,52.465],[49.51,52.324],[49.73,52.273],[49.798,52.173],[50,52.173],[50.218,52.036],[50.352,51.982],[50.52,51.994],[50.702,51.933],[50.701,51.82],[50.768,51.773],[51.033,51.923],[51.127,51.926],[51.391,52.069],[51.384,52.358],[51.549,52.464],[51.452,52.569],[51.617,52.646],[51.724,52.653],[51.767,52.8],[51.887,52.95],[52.042,52.965],[52.05,53.091],[52.162,53.088],[52.127,53.233],[52.212,53.381],[52.091,53.471],[52.189,53.556],[52.28,53.744],[52.419,53.941],[52.345,54.294],[52.568,54.34],[52.502,54.459],[52.066,54.418],[51.939,54.441],[51.938,54.517],[51.634,54.565],[51.587,54.613],[51.382,54.588],[51.356,54.653],[51.169,54.652],[50.992,54.406],[50.823,54.363],[50.673,54.395],[50.521,54.325],[50.389,54.482],[50.092,54.507]]]},"properties":{"name":"Samara Oblast","iso3":"RUS","isoCode":"RU-SAM","id":"RUS-samara-oblast"}},
{"type":"Feature","geometry":{"type":"Polygon","coordinates":[[[88.601,55.427],[88.433,55.282],[88.558,55.116],[88.539,55.036],[88.754,54.791],[88.647,54.766],[88.578,54.617],[88.592,54.541],[88.524,54.416],[88.594,54.286],[88.906,54.403],[89.03,54.331],[89.16,54.341],[89.217,54.25],[89.127,54.118],[89.042,54.109],[89.012,53.998],[89.239,53.819],[89.052,53.793],[88.934,53.612],[88.838,53.595],[88.911,53.392],[89.036,53.28],[89.076,53.154],[88.918,52.992],[89.075,52.958],[89.221,52.857],[89.093,52.626],[88.987,52.496],[88.777,52.408],[88.676,52.334],[88.666,52.253],[88.474,52.17],[88.377,52.178],[88.252,52.046],[88.088,52],[87.891,51.813],[88.107,51.709],[88.004,51.642],[87.934,51.526],[87.98,51.466],[88.132,51.417],[88.156,51.348],[88.288,51.348],[88.445,51.285],[88.701,51.391],[88.662,51.531],[88.792,51.554],[89.071,51.588],[89.207,51.659],[89.236,51.554],[89.44,51.607],[89.606,51.532],[89.711,51.562],[89.925,51.756],[90.081,51.819],[90.045,51.974],[90.158,52.061],[90.143,52.148],[90.487,52.196],[90.688,52.37],[90.72,52.47],[90.895,52.601],[91.258,52.637],[91.264,52.712],[91.465,52.915],[91.505,52.994],[91.42,53.09],[91.742,53.181],[91.924,53.35],[91.903,53.428],[91.625,53.534],[91.568,53.709],[91.488,53.737],[91.429,53.866],[91.564,54.019],[91.577,54.087],[91.417,54.28],[91.277,54.381],[91.26,54.507],[90.919,54.654],[90.946,54.848],[90.779,54.912],[90.506,54.907],[90.499,55.061],[89.987,55.122],[89.627,55.047],[89.54,55.069],[89.278,55.042],[89.264,55.103],[89.064,55.12],[89.011,55.324],[88.742,55.432],[88.601,55.427]]]},"properties":{"name":"Khakassia","iso3":"RUS","isoCode":"RU-KK","id":"RUS-khakassia"}},
{"type":"Feature","geometry":{"type":"Polygon","coordinates":[[[40.171,53.313],[40.097,53.276],[40.155,53.046],[40.037,52.894],[40.083,52.755],[39.929,52.72],[39.977,52.597],[40.296,52.441],[40.293,52.392],[40.513,52.355],[40.572,52.278],[40.696,52.23],[40.609,52.117],[40.534,51.946],[40.846,51.922],[40.949,51.861],[40.882,51.739],[41.063,51.721],[41.429,51.772],[41.844,51.709],[42.071,51.657],[42.229,51.719],[42.344,51.588],[42.521,51.596],[42.515,51.712],[42.668,51.807],[42.713,51.996],[42.79,52.059],[42.776,52.182],[42.889,52.212],[42.942,52.336],[43.04,52.371],[43.058,52.559],[43.22,52.637],[43.2,52.709],[42.958,52.931],[42.755,53.018],[42.38,53.327],[42.252,53.369],[42.256,53.485],[42.11,53.515],[42.144,53.803],[41.84,53.82],[41.548,53.811],[41.363,53.766],[41.354,53.525],[41.186,53.473],[41.043,53.476],[40.701,53.556],[40.503,53.458],[40.37,53.34],[40.171,53.313]]]},"properties":{"name":"Tambov Oblast","iso3":"RUS","isoCode":"RU-TAM","id":"RUS-tambov-oblast"}},
{"type":"Feature","geometry":{"type":"Polygon","coordinates":[[[50.081,56.611],[50.203,56.583],[50.04,56.485],[49.861,56.425],[49.569,56.503],[49.312,56.332],[49.216,56.39],[49.052,56.345],[48.985,56.201],[48.837,56.069],[48.714,56.048],[48.695,55.955],[48.415,55.915],[48.396,55.83],[48.222,55.687],[48.084,55.695],[48.011,55.629],[48.108,55.524],[47.97,55.515],[47.78,55.333],[48.016,55.285],[48.108,55.146],[48.038,55.109],[47.976,54.953],[47.775,54.961],[47.684,54.84],[47.425,54.879],[47.388,54.753],[47.268,54.673],[47.291,54.674],[47.356,54.627],[47.539,54.53],[47.623,54.565],[47.718,54.735],[47.903,54.696],[48.098,54.739],[48.281,54.663],[48.465,54.625],[48.882,54.625],[48.882,54.796],[49.126,54.802],[49.327,54.868],[49.476,54.779],[49.551,54.668],[49.56,54.562],[49.7,54.579],[50.092,54.507],[50.389,54.482],[50.521,54.325],[50.673,54.395],[50.823,54.363],[50.992,54.406],[51.169,54.652],[51.356,54.653],[51.382,54.588],[51.587,54.613],[51.634,54.565],[51.938,54.517],[51.939,54.441],[52.066,54.418],[52.502,54.459],[52.568,54.34],[52.696,54.361],[52.934,54.308],[52.955,54.235],[53.133,54.077],[53.287,54.087],[53.347,54.001],[53.501,54.056],[53.382,54.374],[53.435,54.572],[53.615,54.695],[53.626,54.8],[53.475,54.951],[53.158,55.166],[53.319,55.162],[53.427,55.23],[53.602,55.263],[53.862,55.366],[54.209,55.703],[53.865,55.887],[53.697,55.926],[53.348,55.855],[53.2,55.926],[53.452,56.019],[53.554,56.243],[53.307,56.25],[53.37,56.102],[53.19,56.109],[52.998,56.196],[52.924,56.401],[52.812,56.397],[52.555,56.243],[52.838,56.19],[52.871,56.115],[52.746,56.068],[52.724,55.989],[52.457,56.083],[52.206,56.021],[52.156,55.904],[52.01,55.974],[51.813,55.927],[51.412,55.967],[51.444,56.127],[51.309,56.069],[51.208,56.123],[51.032,56.134],[50.827,56.347],[50.631,56.338],[50.438,56.551],[50.431,56.609],[50.173,56.65],[50.081,56.611]]]},"properties":{"name":"Tatarstan","iso3":"RUS","isoCode":"RU-TA","id":"RUS-tatarstan"}},
{"type":"Feature","geometry":{"type":"Polygon","coordinates":[[[75.131,58.664],[75.109,58.576],[75.377,58.454],[75.057,58.339],[75.242,58.203],[75.071,58.117],[75.566,57.935],[75.55,57.625],[75.704,57.625],[75.848,57.386],[75.965,57.394],[76.095,57.235],[76.696,57.213],[76.948,57.168],[77.783,57.174],[78.448,57.165],[78.432,57.117],[79.198,57.001],[79.589,56.923],[80.264,56.422],[81.22,56.538],[81.573,56.242],[81.992,56.334],[82.161,56.335],[82.821,56.43],[82.808,56.516],[83.109,56.55],[83.288,56.443],[83.065,56.23],[83.208,56.177],[83.23,56.012],[83.377,55.918],[83.211,55.73],[83.416,55.726],[83.585,55.671],[83.735,55.786],[83.807,55.897],[83.95,56.015],[84.21,56.06],[84.343,55.981],[84.448,56.042],[84.897,56.163],[85.003,56.109],[85.202,56.217],[85.685,56.212],[85.562,56.281],[85.802,56.34],[85.804,56.412],[86.339,56.636],[86.383,56.548],[86.678,56.643],[86.849,56.556],[87.118,56.536],[87.15,56.623],[87.597,56.664],[87.702,56.552],[88.142,56.709],[88.424,56.834],[88.598,56.802],[88.715,57.092],[88.517,57.09],[88.623,57.209],[88.734,57.208],[88.865,57.444],[89.084,57.489],[89.13,57.615],[89.355,57.616],[89.353,57.913],[89.297,57.949],[88.859,57.955],[88.687,58.036],[88.107,58.113],[88.017,58.214],[87.924,58.511],[88.384,58.894],[88.829,59.023],[88.576,59.212],[88.626,59.295],[87.902,59.256],[87.514,59.664],[87.174,59.683],[87.078,59.879],[86.636,59.949],[86.019,59.949],[85.5,59.883],[84.708,59.892],[84.587,59.957],[84.614,60.166],[84.791,60.352],[84.351,60.797],[84.263,60.863],[83.95,60.836],[83.477,61.036],[83.157,61.027],[82.376,60.707],[82.41,60.608],[82.167,60.516],[81.88,60.64],[81.584,60.638],[81.459,60.607],[81.104,60.642],[81.052,60.756],[80.705,60.803],[80.405,60.75],[80.201,60.675],[79.679,60.681],[79.376,60.646],[79.222,60.824],[78.981,60.811],[78.819,60.767],[78.644,60.816],[78.487,60.764],[78.194,60.802],[77.97,60.741],[77.704,60.82],[77.397,60.814],[77.11,60.859],[77.069,60.526],[76.829,60.467],[76.762,60.332],[76.866,60.271],[76.772,60.066],[76.741,59.711],[76.665,59.571],[76.177,59.53],[75.84,59.281],[75.638,59.212],[75.728,59.015],[75.635,58.912],[75.131,58.664]]]},"properties":{"name":"Tomsk Oblast","iso3":"RUS","isoCode":"RU-TOM","id":"RUS-tomsk-oblast"}},
{"type":"Feature","geometry":{"type":"Polygon","coordinates":[[[46.062,55.048],[46.029,55.149],[46.078,55.221],[46.23,55.289],[46.248,55.396],[46.392,55.461],[46.11,55.528],[46.046,55.628],[45.914,55.696],[46.068,55.783],[46.079,55.949],[46.185,56.032],[45.898,56.22],[45.964,56.429],[45.662,56.461],[45.67,56.614],[45.886,56.626],[45.941,56.859],[46.099,56.863],[46.315,56.945],[46.594,56.93],[46.722,56.963],[46.838,57.177],[46.761,57.367],[46.84,57.506],[47.022,57.488],[47.265,57.561],[47.481,57.515],[47.535,57.689],[47.606,57.741],[47.617,57.859],[47.711,57.938],[47.297,58.016],[46.586,58.028],[46.439,58.003],[46.345,58.062],[45.923,58.057],[45.735,58.013],[45.624,57.923],[45.509,58.029],[45.294,58.032],[45.224,58.089],[44.869,58.077],[44.801,57.96],[44.881,57.882],[44.711,57.691],[44.597,57.701],[44.503,57.612],[44.313,57.514],[44.017,57.433],[43.853,57.417],[43.672,57.491],[43.496,57.604],[43.307,57.483],[43.303,57.429],[43.11,57.208],[43.092,57.113],[43.251,56.895],[43.117,56.834],[42.871,56.809],[42.797,56.692],[42.898,56.646],[42.853,56.553],[42.897,56.47],[42.651,56.468],[42.614,56.407],[42.775,56.33],[42.756,56.272],[42.872,56.138],[42.689,56.088],[42.714,55.986],[42.393,55.789],[42.255,55.756],[42.065,55.587],[42.167,55.444],[42.017,55.377],[41.908,55.21],[41.793,55.101],[41.998,54.995],[42.227,54.959],[42.445,55.026],[42.494,54.908],[42.442,54.825],[42.434,54.794],[42.444,54.798],[42.747,54.789],[43.482,54.818],[43.48,54.889],[43.861,54.805],[43.921,54.739],[44.096,54.734],[44.068,54.649],[44.371,54.584],[44.462,54.523],[44.628,54.555],[44.908,54.463],[45.088,54.473],[45.01,54.557],[45.087,54.652],[45.018,54.705],[45.231,54.877],[45.427,54.886],[45.421,55.025],[45.571,55.101],[45.593,55.166],[45.768,55.155],[45.698,55.012],[45.96,54.997],[46.062,55.048]]]},"properties":{"name":"Nizhny Novgorod Oblast","iso3":"RUS","isoCode":"RU-NIZ","id":"RUS-nizhny-novgorod-oblast"}},
{"type":"Feature","geometry":{"type":"Polygon","coordinates":[[[29.306,61.329],[29.501,61.254],[29.564,61.184],[29.861,61.171],[29.91,61.257],[30.213,61.323],[30.234,61.484],[30.486,61.513],[30.765,61.715],[30.896,61.755],[31.05,61.703],[31.096,61.605],[31.387,61.622],[31.655,61.467],[31.704,61.387],[31.927,61.299],[32.441,61.159],[32.594,61.065],[32.584,61.001],[32.81,60.839],[32.821,60.708],[32.915,60.68],[33.158,60.745],[33.331,60.899],[33.608,60.959],[33.785,60.937],[33.92,61.089],[33.738,61.131],[33.591,61.064],[33.45,61.155],[33.669,61.233],[34.337,61.22],[34.769,61.312],[35.17,61.238],[35.382,61.269],[35.397,61.14],[35.602,61.179],[35.487,61.369],[35.35,61.387],[35.065,61.524],[34.887,61.519],[34.708,61.576],[34.533,61.715],[34.63,61.896],[34.521,62.013],[34.272,62.108],[34.351,62.145],[34.734,62.041],[34.618,62.166],[34.702,62.22],[34.471,62.41],[34.705,62.443],[34.862,62.295],[34.915,62.139],[35.086,62.033],[35.208,62.057],[35.039,62.189],[35.379,62.157],[35.507,62.174],[35.608,62.268],[35.457,62.454],[35.116,62.546],[34.972,62.64],[34.816,62.612],[34.578,62.738],[34.814,62.841],[35.261,62.677],[35.571,62.622],[35.737,62.543],[35.873,62.411],[35.825,62.23],[35.677,62.046],[35.903,61.93],[36.061,61.663],[36.2,61.576],[36.247,61.485],[36.459,61.407],[36.584,61.539],[36.884,61.563],[37.03,61.614],[37.305,61.51],[37.817,61.53],[37.76,61.615],[37.859,61.756],[37.944,61.973],[37.837,61.983],[37.702,62.213],[37.472,62.227],[37.598,62.359],[37.635,62.477],[37.548,62.623],[37.369,62.678],[37.071,62.649],[36.822,62.696],[36.528,62.793],[36.258,63.012],[36.307,63.151],[36.192,63.426],[36.03,63.465],[35.935,63.605],[36.455,63.626],[36.59,63.748],[36.553,63.951],[36.249,64.006],[36.228,64.135],[35.698,64.362],[35.402,64.288],[35.113,64.411],[35.026,64.493],[34.771,64.528],[34.967,64.61],[34.79,64.747],[34.944,64.823],[34.775,64.984],[34.783,65.079],[34.475,65.256],[34.462,65.397],[34.66,65.425],[34.783,65.592],[34.696,65.705],[34.95,65.68],[34.911,65.787],[34.708,65.975],[34.513,66.079],[34.202,66.164],[34.089,66.23],[33.634,66.284],[33.558,66.443],[33.043,66.501],[32.853,66.583],[32.557,66.576],[32.548,66.479],[32.36,66.475],[32.343,66.345],[31.83,66.371],[31.792,66.495],[31.621,66.502],[31.576,66.654],[29.323,66.663],[29.473,66.543],[29.697,66.277],[29.924,66.126],[30.068,65.895],[30.017,65.697],[29.722,65.637],[29.864,65.56],[29.733,65.473],[29.747,65.347],[29.602,65.26],[29.894,65.193],[29.599,64.995],[29.74,64.79],[30.043,64.793],[30.136,64.649],[29.989,64.588],[30.045,64.402],[30.482,64.262],[30.553,64.132],[30.528,64.049],[30.321,63.91],[30.26,63.822],[29.972,63.757],[30.385,63.545],[30.484,63.467],[30.788,63.405],[31.238,63.219],[31.265,63.115],[31.463,63.024],[31.587,62.909],[31.439,62.785],[31.222,62.498],[29.819,61.655],[29.74,61.574],[29.503,61.461],[29.306,61.329]]]},"properties":{"name":"Republic of Karelia","iso3":"RUS","isoCode":"RU-KR","id":"RUS-republic-of-karelia"}},
{"type":"Feature","geometry":{"type":"MultiPolygon","coordinates":[[[[48.42,60.837],[48.475,61.022],[49.127,61.172],[49.321,61.153],[49.502,61.605],[49.04,61.649],[49.228,62.102],[49.375,62.134],[49.47,62.365],[49.425,62.447],[49.567,62.777],[48.741,62.852],[48.681,62.702],[48.352,62.734],[48.254,62.507],[48.323,62.307],[47.659,62.328],[47.643,62.176],[47.389,62.181],[47.403,62.334],[47.232,62.337],[47.245,62.639],[47.061,62.826],[47.409,62.965],[47.567,63.145],[47.39,63.156],[47.051,63.254],[46.943,63.349],[47.017,63.578],[46.81,63.757],[46.5,63.865],[46.151,63.944],[45.943,63.957],[45.595,64.057],[45.399,64.175],[45.852,64.278],[46.321,64.248],[46.63,64.317],[47.345,64.354],[48.161,64.345],[48.189,64.231],[48.465,64.204],[48.524,64.356],[48.884,64.327],[48.961,64.478],[49.483,64.425],[49.552,64.576],[50.361,64.51],[50.499,64.793],[50.233,64.831],[49.635,65.288],[49.052,65.225],[49,66.114],[48.085,66.129],[47.749,65.906],[47.738,65.821],[47.471,65.844],[47.145,65.821],[46.347,66.038],[45.703,66.083],[45.268,66.178],[44.855,66.231],[44.59,66.298],[44.521,66.362],[44.25,66.436],[44.074,66.192],[44.156,66.033],[43.757,66.19],[43.6,66.294],[43.404,66.327],[43.257,66.412],[42.612,66.393],[42.595,66.443],[42.312,66.508],[42.107,66.487],[41.978,66.367],[41.525,66.122],[41.334,66.06],[40.747,65.986],[40.478,65.808],[40.174,65.693],[39.874,65.627],[39.713,65.491],[39.728,65.333],[40.009,65.17],[40.104,65.078],[39.896,64.818],[39.619,64.657],[39.532,64.549],[39.283,64.646],[38.898,64.736],[38.469,64.793],[38.132,64.686],[38.007,64.757],[38.315,64.801],[37.887,64.892],[37.694,64.969],[37.654,65.037],[37.183,65.148],[36.836,65.146],[36.831,64.97],[36.64,64.901],[36.552,64.737],[36.696,64.709],[37.111,64.4],[37.332,64.342],[37.791,64.438],[37.789,64.367],[38.01,64.29],[37.891,64.211],[38.06,64.071],[38.009,63.935],[37.439,63.784],[37.222,63.872],[36.649,63.914],[36.553,63.951],[36.59,63.748],[36.455,63.626],[35.935,63.605],[36.03,63.465],[36.192,63.426],[36.307,63.151],[36.258,63.012],[36.528,62.793],[36.822,62.696],[37.071,62.649],[37.369,62.678],[37.548,62.623],[37.635,62.477],[37.598,62.359],[37.472,62.227],[37.702,62.213],[37.837,61.983],[37.944,61.973],[37.859,61.756],[37.76,61.615],[37.817,61.53],[37.873,61.29],[38.124,61.161],[38.211,61.064],[38.218,60.931],[38.392,60.893],[38.405,60.807],[38.587,60.798],[38.62,60.716],[38.807,60.708],[38.896,60.772],[39.149,60.675],[39.589,60.721],[39.799,60.724],[39.886,60.654],[40.334,60.699],[40.454,60.777],[40.575,60.72],[40.785,60.715],[41.141,60.636],[41.342,60.688],[41.509,60.895],[42.112,60.836],[42.376,60.768],[42.566,60.819],[42.658,60.888],[42.92,60.814],[43.524,60.766],[43.545,60.858],[43.735,60.881],[43.783,61.037],[44.181,61.061],[44.16,60.965],[45.251,60.894],[45.338,61.195],[45.809,61.162],[45.759,61.011],[46.3,60.969],[46.313,60.996],[46.824,60.963],[46.82,60.882],[47.072,60.844],[47.193,61.067],[47.897,61.017],[47.967,60.879],[48.42,60.837]]],[[[35.859,64.992],[35.762,65.172],[35.505,65.097],[35.859,64.992]]],[[[52.594,71.386],[52.258,71.324],[52.375,71.22],[52.581,71.233],[52.974,71.032],[53.228,71.14],[52.893,71.3],[52.898,71.367],[52.594,71.386]]],[[[52.645,80.269],[52.405,80.183],[52.984,80.15],[53.934,80.23],[53.005,80.39],[52.645,80.269]]],[[[59.063,81.73],[59.298,81.832],[58.789,81.856],[58.094,81.778],[59.063,81.73]]],[[[62.224,81.662],[63.341,81.577],[63.763,81.638],[63.292,81.708],[62.224,81.662]]],[[[57.133,81.435],[57.877,81.376],[58.505,81.402],[58.362,81.471],[57.691,81.56],[57.028,81.51],[57.133,81.435]]],[[[62.871,80.871],[62.515,80.781],[63.12,80.64],[64.379,80.711],[64.931,80.781],[65.355,80.925],[65.191,81.133],[64.522,81.194],[64.181,81.138],[64.068,80.964],[63.395,80.964],[62.871,80.871]]],[[[56.25,81.223],[56.544,81.159],[57.467,81.304],[56.653,81.406],[56.222,81.288],[55.492,81.304],[55.538,81.211],[56.25,81.223]]],[[[61.875,80.866],[60.649,80.796],[60.01,80.827],[59.701,80.798],[59.441,80.662],[59.389,80.469],[59.749,80.397],[60.369,80.457],[61.076,80.367],[61.537,80.463],[61.497,80.531],[62.017,80.582],[62.171,80.765],[61.875,80.866]]],[[[53.912,80.601],[53.932,80.454],[54.451,80.467],[54.285,80.581],[53.912,80.601]]],[[[45,80.613],[45.162,80.566],[46.861,80.531],[47.443,80.734],[47.821,80.775],[48.115,80.659],[48.512,80.794],[47.872,80.805],[47.463,80.857],[46.959,80.751],[46.201,80.662],[45,80.613]]],[[[56.25,80.633],[56.908,80.629],[56.871,80.721],[56.491,80.76],[55.901,80.741],[55.592,80.626],[56.25,80.633]]],[[[58.418,80.865],[57.947,80.759],[58.545,80.73],[58.94,80.774],[58.788,80.878],[58.418,80.865]]],[[[54.498,80.851],[54.924,80.714],[55.943,80.772],[55.145,80.875],[54.498,80.851]]],[[[56.25,80.822],[56.765,80.786],[57.183,80.673],[57.746,80.76],[57.413,80.838],[56.935,80.843],[56.623,80.959],[56.095,81.015],[55.468,80.999],[55.047,81.073],[54.42,81.026],[54.943,80.942],[55.416,80.921],[55.743,80.848],[56.25,80.822]]],[[[60.821,81.085],[59.999,80.972],[60.334,80.923],[61.056,80.907],[61.549,81.021],[61.434,81.115],[60.821,81.085]]],[[[56.25,81.069],[56.694,81.037],[57.657,80.822],[58.088,80.883],[57.587,81.023],[56.25,81.069]]],[[[59.062,80.057],[58.795,80.01],[59.265,79.922],[59.652,79.94],[59.882,80.04],[59.463,80.092],[59.062,80.057]]],[[[56.25,80.066],[57.028,80.074],[57.084,80.27],[56.952,80.35],[56.045,80.32],[56.181,80.183],[55.831,80.091],[56.25,80.066]]],[[[59.063,80.382],[58.287,80.465],[57.373,80.467],[57.237,80.392],[57.333,80.158],[57.805,80.099],[58.181,80.275],[59.063,80.382]]],[[[50.532,80.74],[50.572,80.895],[49.62,80.847],[49.137,80.795],[49.284,80.623],[49.16,80.514],[48.763,80.485],[48.379,80.552],[47.953,80.532],[47.702,80.403],[47.23,80.381],[46.727,80.29],[47.058,80.223],[48.118,80.245],[47.991,80.114],[48.752,80.147],[48.954,80.264],[48.879,80.382],[49.735,80.368],[49.641,80.472],[50.134,80.52],[50.885,80.538],[51.802,80.714],[51.297,80.797],[50.532,80.74]]],[[[52.031,71.463],[52.255,71.492],[52.31,71.568],[52.719,71.523],[52.739,71.464],[53.299,71.444],[53.343,71.324],[53.552,71.196],[53.838,71.134],[53.556,71.037],[53.782,70.932],[53.551,70.822],[53.954,70.772],[54.114,70.72],[54.496,70.765],[54.693,70.745],[54.832,70.644],[55.151,70.549],[55.375,70.721],[55.641,70.714],[55.832,70.638],[56.183,70.636],[56.448,70.707],[56.74,70.615],[56.998,70.659],[57.365,70.597],[57.595,70.722],[57.419,70.8],[57.062,70.849],[56.213,71.185],[56.047,71.294],[55.584,71.701],[55.554,71.845],[55.381,71.915],[55.407,72.097],[55.575,72.173],[55.377,72.3],[55.501,72.382],[55.674,72.657],[56.107,72.779],[56.266,72.946],[56.549,73.109],[56.411,73.221],[55.959,73.249],[55.804,73.319],[55.467,73.31],[54.916,73.424],[54.473,73.341],[54.269,73.263],[53.901,73.293],[53.465,73.237],[53.188,73.124],[53.214,73.059],[52.994,72.903],[52.602,72.845],[52.429,72.73],[52.732,72.66],[52.712,72.293],[52.497,72.2],[52.563,72.13],[52.308,72.071],[51.807,72.126],[51.565,72.061],[51.435,71.84],[51.62,71.536],[52.031,71.463]]],[[[56.25,74.468],[56.029,74.435],[55.38,74.406],[55.442,74.272],[55.614,74.175],[55.387,74.119],[54.952,74.133],[54.595,74.016],[54.676,73.95],[54.262,73.901],[54.037,73.786],[53.685,73.73],[54.012,73.622],[54.347,73.616],[54.389,73.444],[54.073,73.359],[54.287,73.316],[54.543,73.39],[54.918,73.44],[55.256,73.394],[55.455,73.323],[55.776,73.336],[56.123,73.261],[56.715,73.256],[57.099,73.378],[57.234,73.552],[57.584,73.595],[57.655,73.713],[57.885,73.768],[57.866,73.904],[57.709,74.046],[58.154,73.975],[58.146,74.112],[58.64,74.201],[58.697,74.319],[58.567,74.411],[58.703,74.491],[59.064,74.465],[59.216,74.647],[59.713,74.565],[59.735,74.702],[60.247,74.734],[60.216,74.843],[60.527,74.843],[60.629,74.912],[60.266,74.98],[60.588,75.035],[60.828,75.146],[61.383,75.211],[61.674,75.325],[63.005,75.562],[63.182,75.559],[63.715,75.669],[64.618,75.74],[65.193,75.822],[65.965,75.973],[66.377,75.987],[67.269,76.102],[68.037,76.243],[68.617,76.405],[68.856,76.639],[69.028,76.686],[68.447,76.956],[67.776,77.001],[67.048,76.939],[66.758,76.832],[66.039,76.738],[65.388,76.489],[64.971,76.476],[64.498,76.333],[64.068,76.275],[63.577,76.271],[63.038,76.191],[62.785,76.226],[61.867,76.26],[61.673,76.299],[61.056,76.257],[60.907,76.148],[61.091,76.04],[60.818,75.999],[60.108,76.053],[60.062,75.963],[59.729,75.895],[59.527,75.921],[59.141,75.834],[58.884,75.848],[58.78,75.722],[58.096,75.661],[58.18,75.562],[57.607,75.503],[57.717,75.348],[57.514,75.314],[57.041,75.38],[56.714,75.306],[57.001,75.234],[56.614,75.137],[55.946,75.176],[55.79,75.109],[56.266,75.002],[56.338,74.887],[55.826,74.783],[56.458,74.745],[56.451,74.683],[55.602,74.612],[55.605,74.539],[56.25,74.468]]]]},"properties":{"name":"Arkhangelsk Oblast","iso3":"RUS","isoCode":"RU-ARK","id":"RUS-arkhangelsk-oblast"}},
{"type":"Feature","geometry":{"type":"Polygon","coordinates":[[[44.961,48.271],[45.168,48.222],[45.266,48.105],[45.379,48.1],[45.55,47.994],[45.699,48.032],[45.74,47.83],[46.008,47.565],[46.267,47.421],[46.399,47.413],[46.685,47.602],[46.873,47.549],[46.669,47.482],[46.536,47.403],[46.739,47.074],[46.817,46.992],[46.962,46.974],[46.957,46.715],[46.866,46.62],[46.95,46.524],[46.865,46.457],[46.663,46.441],[46.501,46.281],[46.449,46.178],[46.455,45.965],[46.295,45.914],[46.412,45.816],[46.55,45.798],[46.478,45.7],[46.694,45.648],[46.814,45.565],[46.969,45.619],[47.153,45.61],[47.296,45.677],[47.52,45.661],[47.718,45.509],[47.978,45.456],[48.039,45.603],[48.287,45.728],[48.396,45.593],[48.466,45.684],[48.572,45.624],[48.73,45.617],[48.768,45.847],[49.02,45.964],[49.017,46.088],[49.216,45.991],[49.248,46.155],[49.336,46.2],[49.191,46.37],[49.045,46.397],[48.82,46.485],[48.702,46.563],[48.545,46.56],[48.56,46.642],[48.921,46.694],[48.997,46.743],[48.916,46.88],[48.711,47.095],[48.521,47.412],[48.453,47.411],[48.213,47.691],[48.114,47.743],[47.653,47.758],[47.415,47.838],[47.385,47.682],[47.194,47.761],[47.181,47.854],[47.05,47.998],[47.124,48.27],[46.747,48.354],[46.492,48.434],[46.622,48.668],[46.308,48.821],[46.038,48.864],[45.74,48.652],[45.604,48.603],[45.3,48.567],[45.015,48.425],[44.961,48.271]]]},"properties":{"name":"Astrakhan Oblast","iso3":"RUS","isoCode":"RU-AST","id":"RUS-astrakhan-oblast"}},
{"type":"Feature","geometry":{"type":"Polygon","coordinates":[[[35.352,50.973],[35.41,50.808],[35.489,50.777],[35.392,50.642],[35.476,50.489],[35.586,50.449],[35.628,50.354],[35.738,50.354],[35.832,50.434],[36.161,50.432],[36.363,50.288],[36.473,50.313],[36.649,50.218],[36.693,50.269],[36.938,50.35],[37.102,50.351],[37.465,50.431],[37.485,50.357],[37.626,50.293],[37.614,50.22],[37.755,50.078],[37.927,50.034],[38.056,49.923],[38.222,49.979],[38.178,50.08],[38.33,50.085],[38.351,50.007],[38.583,49.977],[38.852,49.865],[38.949,49.796],[39.067,49.816],[39.18,49.889],[39.218,50.047],[39.16,50.141],[39.102,50.34],[39.015,50.455],[39.119,50.625],[38.855,50.716],[38.707,50.8],[38.74,50.905],[38.856,51.036],[38.742,51.072],[38.588,51.012],[38.388,51.077],[38.434,51.286],[38.289,51.296],[38.012,51.408],[37.847,51.43],[37.703,51.357],[37.409,51.382],[37.16,51.32],[36.987,51.183],[36.791,51.16],[36.666,51.086],[36.486,51.063],[36.008,51.158],[35.996,51.07],[35.865,50.959],[35.734,50.977],[35.571,50.902],[35.352,50.973]]]},"properties":{"name":"Belgorod Oblast","iso3":"RUS","isoCode":"RU-BEL","id":"RUS-belgorod-oblast"}},
{"type":"Feature","geometry":{"type":"Polygon","coordinates":[[[32.763,53.424],[32.734,53.333],[32.523,53.307],[32.414,53.186],[32.095,53.076],[31.831,53.11],[31.786,53.18],[31.644,53.22],[31.418,53.188],[31.335,53.091],[31.372,52.934],[31.587,52.794],[31.503,52.699],[31.652,52.545],[31.602,52.423],[31.627,52.29],[31.961,52.052],[32.096,52.034],[32.291,52.103],[32.395,52.247],[32.355,52.327],[32.55,52.327],[32.685,52.266],[32.996,52.272],[33.17,52.373],[33.519,52.355],[33.836,52.361],[34.116,52.141],[34.081,52.071],[34.143,51.968],[34.386,51.843],[34.404,51.994],[34.545,52.071],[34.742,52.087],[34.941,52.314],[34.924,52.37],[34.848,52.398],[34.923,52.512],[35.007,52.541],[35.004,52.66],[34.944,52.793],[34.83,52.864],[34.96,52.949],[35.284,53.02],[35.27,53.109],[35.122,53.154],[35.141,53.279],[35.002,53.37],[34.638,53.383],[34.515,53.508],[34.408,53.734],[34.201,53.912],[34.046,53.862],[33.806,53.896],[33.73,54.018],[33.507,54.016],[33.249,53.891],[33.299,53.817],[33.221,53.732],[33.067,53.689],[32.763,53.424]]]},"properties":{"name":"Bryansk Oblast","iso3":"RUS","isoCode":"RU-BRY","id":"RUS-bryansk-oblast"}},
{"type":"Feature","geometry":{"type":"Polygon","coordinates":[[[115.73,56.962],[116.253,57.123],[116.11,57.241],[115.845,57.248],[115.744,57.165],[115.539,57.108],[115.068,57.112],[115.007,56.971],[114.856,56.834],[114.793,56.709],[114.504,56.67],[114.139,56.69],[114,56.561],[113.858,56.519],[113.791,56.612],[113.5,56.673],[113.365,56.626],[113.078,56.683],[112.868,56.686],[112.735,56.759],[112.679,56.857],[112.738,56.948],[112.572,56.957],[112.405,56.857],[112.212,56.859],[112.064,56.957],[111.831,56.913],[111.614,57.012],[111.523,57.13],[111.382,57.014],[111.342,56.896],[111.093,56.815],[110.982,56.874],[110.84,56.841],[110.496,56.858],[110.366,56.944],[110.214,56.93],[110.013,56.975],[109.853,56.85],[109.892,56.793],[109.689,56.696],[109.551,56.741],[109.357,56.713],[109.231,56.651],[109.08,56.659],[108.74,56.505],[108.56,56.32],[108.652,56.241],[108.816,56.228],[108.997,56.004],[109.266,55.961],[109.202,55.907],[108.971,55.939],[108.824,55.848],[108.777,55.613],[108.703,55.499],[108.661,55.311],[108.796,55.166],[108.694,55.061],[108.719,54.901],[108.712,54.667],[108.632,54.545],[109.068,54.426],[109,54.334],[108.451,53.848],[108.297,53.674],[108.013,53.234],[107.002,52.718],[106.173,52.362],[105.772,51.955],[105.553,51.832],[105.322,51.754],[105.001,51.689],[104.593,51.628],[104.672,51.338],[104.564,51.286],[104.19,51.279],[104.063,51.205],[103.81,51.13],[103.801,51.435],[103.628,51.48],[103.447,51.464],[103.242,51.504],[103.182,51.617],[103.227,51.805],[103.058,51.901],[102.967,51.901],[102.762,51.996],[102.568,52.166],[102.567,52.219],[102.392,52.27],[102.302,52.23],[102.156,52.284],[102.007,52.212],[101.924,52.318],[101.782,52.369],[101.491,52.556],[101.055,52.764],[100.916,52.783],[100.813,52.865],[100.6,52.951],[100.544,53.03],[100.377,53.104],[100.337,53.163],[100.421,53.248],[100.265,53.373],[99.98,53.329],[99.718,53.15],[99.372,53.101],[99.37,53.034],[99.23,52.963],[99.171,52.865],[98.924,52.932],[98.933,52.659],[98.787,52.606],[98.829,52.543],[98.633,52.423],[98.657,52.289],[98.833,52.274],[98.969,52.143],[99.115,52.032],[99.276,52.019],[99.306,51.958],[99.519,51.968],[99.626,51.893],[99.801,51.915],[99.83,51.806],[99.909,51.746],[100.12,51.757],[100.444,51.727],[100.656,51.727],[101.132,51.524],[101.243,51.547],[101.37,51.456],[101.542,51.5],[101.62,51.443],[101.749,51.455],[102.124,51.362],[102.123,51.139],[102.204,51.039],[102.239,50.799],[102.302,50.682],[102.525,50.595],[102.648,50.402],[102.942,50.305],[103.177,50.333],[103.276,50.285],[103.256,50.193],[103.425,50.212],[103.608,50.144],[103.8,50.152],[103.847,50.198],[104.135,50.139],[104.278,50.201],[104.392,50.312],[104.557,50.307],[104.699,50.367],[104.812,50.341],[104.89,50.408],[105.008,50.387],[105.198,50.412],[105.298,50.472],[105.609,50.429],[105.844,50.44],[106.075,50.39],[106.261,50.298],[106.51,50.341],[106.816,50.298],[106.98,50.209],[107.099,50.05],[107.213,49.999],[107.383,49.978],[107.754,49.971],[107.797,49.991],[107.734,50.153],[107.927,50.231],[107.967,50.321],[108.108,50.307],[108.223,50.417],[108.34,50.394],[108.534,50.472],[108.482,50.595],[108.182,50.65],[108.061,50.774],[108.267,50.824],[108.261,50.901],[108.342,51.063],[108.454,51.054],[108.563,51.121],[108.466,51.208],[108.501,51.405],[108.785,51.437],[109.119,51.432],[109.245,51.37],[109.62,51.449],[109.834,51.553],[110.059,51.621],[110.293,51.604],[110.523,51.502],[110.71,51.517],[111.016,51.792],[111.149,51.833],[111.463,51.871],[111.733,51.998],[111.797,52.087],[112.008,52.209],[112.071,52.283],[112.306,52.245],[112.383,52.202],[112.507,52.246],[112.547,52.346],[112.736,52.326],[113.093,52.404],[113.152,52.454],[113.487,52.471],[114.082,52.68],[114.238,52.833],[114.318,52.978],[114.206,53.179],[114.043,53.209],[113.924,53.284],[113.936,53.359],[113.827,53.416],[113.883,53.522],[113.826,53.632],[113.965,53.644],[113.985,53.723],[114.247,53.744],[114.365,53.815],[114.513,53.816],[114.578,53.916],[114.753,53.93],[114.986,53.999],[115.013,54.074],[115.146,54.119],[115.162,54.187],[115.501,54.315],[115.497,54.373],[116.176,54.511],[116.431,54.477],[116.722,54.53],[116.913,54.867],[116.769,55.099],[116.473,55.229],[116.374,55.381],[116.109,55.345],[115.988,55.356],[115.877,55.496],[115.908,55.654],[115.836,55.856],[115.903,55.929],[115.779,55.987],[115.756,56.2],[115.674,56.281],[115.699,56.486],[115.649,56.578],[115.412,56.606],[115.614,56.772],[115.583,56.877],[115.73,56.962]]]},"properties":{"name":"Buryatia","iso3":"RUS","isoCode":"RU-BU","id":"RUS-buryatia"}},
{"type":"Feature","geometry":{"type":"Polygon","coordinates":[[[45.087,42.712],[45.159,42.708],[45.326,42.565],[45.774,42.488],[46.022,42.619],[46.015,42.675],[46.172,42.732],[46.115,42.802],[46.182,42.873],[46.337,42.894],[46.374,42.854],[46.534,42.923],[46.386,43.148],[46.424,43.279],[46.328,43.45],[46.411,43.51],[46.455,43.663],[46.555,43.759],[46.655,43.794],[46.587,43.873],[46.451,43.875],[46.44,44.002],[46.321,44.009],[46.216,43.859],[46.095,43.861],[46.071,43.931],[45.711,43.962],[45.491,44.008],[45.438,43.876],[45.201,43.876],[45.202,43.957],[45.054,43.958],[45.066,43.72],[44.891,43.659],[44.833,43.682],[44.848,43.566],[45.059,43.511],[45.132,43.418],[45.133,43.194],[45.192,43.164],[45.188,42.982],[45.245,42.932],[45.087,42.712]]]},"properties":{"name":"Chechnya","iso3":"RUS","isoCode":"RU-CE","id":"RUS-chechnya"}},
{"type":"Feature","geometry":{"type":"Polygon","coordinates":[[[62.061,56.131],[61.84,56.183],[61.735,56.287],[61.581,56.288],[61.434,56.351],[61.337,56.315],[61.177,56.361],[61.092,56.319],[61.186,56.208],[60.964,56.191],[60.709,56.239],[60.364,56.233],[60.259,56.2],[60.051,56.214],[59.915,56.257],[59.783,56.226],[59.635,56.248],[59.555,56.339],[59.14,56.321],[59.169,56.199],[59.042,56.172],[59.319,56.129],[59.225,55.85],[59.319,55.758],[59.336,55.632],[59.579,55.517],[59.201,55.465],[59.16,55.342],[58.725,55.29],[58.773,55.213],[58.733,55.12],[58.806,55.029],[58.598,54.956],[58.422,55.018],[58.362,55.142],[58.263,55.172],[58.128,55.017],[58.132,54.952],[58.005,54.906],[57.992,55.092],[58.127,55.218],[57.883,55.302],[57.394,55.317],[57.131,55.085],[57.251,54.941],[57.157,54.87],[57.245,54.772],[57.592,54.679],[57.746,54.582],[57.753,54.502],[58.012,54.397],[58.169,54.503],[58.436,54.544],[58.587,54.464],[58.739,54.537],[58.954,54.584],[59.065,54.65],[59.289,54.658],[59.523,54.78],[59.618,54.906],[59.812,54.849],[59.947,54.77],[59.854,54.609],[59.682,54.522],[59.789,54.244],[59.705,54.18],[59.326,54.188],[59.188,54.004],[59,53.952],[58.908,53.863],[58.9,53.277],[58.913,53.056],[58.839,53.024],[58.761,52.85],[58.805,52.695],[58.751,52.611],[58.855,52.426],[59.166,52.277],[59.288,52.481],[59.678,52.409],[59.824,52.48],[59.918,52.422],[60.163,52.4],[60.174,52.26],[59.965,52.152],[59.908,52.04],[60.002,51.993],[60.198,51.991],[60.51,52.157],[60.717,52.156],[60.78,52.229],[60.944,52.266],[61.067,52.348],[60.981,52.508],[60.841,52.522],[60.843,52.641],[60.715,52.663],[60.712,52.765],[60.888,52.831],[61.25,53.036],[61.389,52.992],[61.47,53.036],[61.632,52.954],[61.85,53.004],[61.961,52.95],[62.13,52.989],[62.119,53.112],[61.783,53.184],[61.673,53.266],[61.527,53.215],[61.4,53.274],[61.225,53.283],[61.155,53.406],[61.293,53.515],[61.428,53.456],[61.592,53.526],[61.553,53.593],[61.391,53.602],[61.216,53.564],[61.121,53.615],[60.9,53.628],[61.227,53.796],[61.135,53.904],[61.294,54.074],[61.469,54.082],[61.57,54.008],[61.701,54.019],[61.857,53.962],[62.044,53.948],[62.006,54.038],[62.339,54.032],[62.446,53.927],[62.578,53.957],[62.575,54.059],[62.916,54.119],[63.05,54.101],[63.151,54.183],[63.351,54.194],[63.344,54.252],[63.172,54.308],[63.181,54.395],[63.285,54.581],[63.2,54.699],[62.978,54.705],[62.672,54.624],[62.441,54.716],[62.319,54.671],[62.078,54.676],[62.037,54.764],[62.119,54.814],[61.995,54.982],[62.237,55.109],[62.161,55.231],[62.188,55.445],[62.32,55.414],[62.62,55.491],[62.523,55.59],[62.526,55.77],[62.304,55.838],[62.318,55.948],[62.061,56.131]]]},"properties":{"name":"Chelyabinsk Oblast","iso3":"RUS","isoCode":"RU-CHE","id":"RUS-chelyabinsk-oblast"}},
{"type":"Feature","geometry":{"type":"Polygon","coordinates":[[[46.443,54.762],[46.8,54.638],[46.95,54.68],[47.268,54.673],[47.388,54.753],[47.425,54.879],[47.684,54.84],[47.775,54.961],[47.976,54.953],[48.038,55.109],[48.108,55.146],[48.016,55.285],[47.78,55.333],[47.97,55.515],[48.108,55.524],[48.011,55.629],[48.084,55.695],[48.222,55.687],[48.396,55.83],[48.035,55.943],[47.821,56.126],[47.425,56.157],[47.393,56.323],[47.151,56.315],[46.733,56.128],[46.487,56.125],[46.185,56.032],[46.079,55.949],[46.068,55.783],[45.914,55.696],[46.046,55.628],[46.11,55.528],[46.392,55.461],[46.248,55.396],[46.23,55.289],[46.078,55.221],[46.029,55.149],[46.062,55.048],[46.245,54.978],[46.411,54.874],[46.443,54.762]]]},"properties":{"name":"Chuvashia","iso3":"RUS","isoCode":"RU-CU","id":"RUS-chuvashia"}},
{"type":"Feature","geometry":{"type":"Polygon","coordinates":[[[68.714,55.348],[68.94,55.319],[68.935,55.44],[69.173,55.382],[69.206,55.33],[69.684,55.351],[69.867,55.296],[69.952,55.21],[70.229,55.147],[70.401,55.215],[70.461,55.286],[70.44,55.408],[70.567,55.494],[70.673,55.491],[70.757,55.585],[70.532,55.694],[70.603,55.837],[70.809,55.903],[70.902,56.112],[70.732,56.253],[70.928,56.317],[70.984,56.462],[71.085,56.524],[71.121,56.653],[71.37,56.632],[71.554,56.67],[71.677,56.765],[71.605,56.933],[71.297,57.085],[71.229,57.175],[71.116,57.202],[71.065,57.351],[70.787,57.365],[70.781,57.276],[70.459,57.282],[70.372,57.329],[70.418,57.415],[70.686,57.516],[70.599,57.577],[70.557,57.72],[70.392,57.782],[70.43,57.952],[70.853,58.529],[71.287,58.404],[71.238,58.328],[71.206,58.112],[71.272,58.054],[71.99,58.116],[72.167,58.015],[72.868,58.002],[73.128,58.155],[74.22,58.136],[74.642,58.328],[75.109,58.576],[75.131,58.664],[74.799,58.727],[74.175,58.726],[73.991,58.811],[73.719,58.856],[73.495,58.825],[73.025,58.875],[73.1,58.952],[72.928,59.053],[72.911,59.154],[72.549,59.139],[72.418,59.21],[72.442,59.3],[72.025,59.552],[71.837,59.572],[71.792,59.636],[71.545,59.685],[71.499,59.742],[71.258,59.788],[71.179,59.907],[70.999,59.828],[70.777,59.87],[70.396,59.84],[70.207,59.936],[69.651,59.91],[69.623,59.968],[69.27,59.99],[69.143,59.882],[69.309,59.77],[68.733,59.57],[68.573,59.589],[68.395,59.298],[68.099,59.203],[67.784,59.201],[67.612,59.104],[67.3,59.024],[67.054,58.927],[66.969,58.972],[66.772,58.923],[66.785,58.657],[66.291,58.594],[65.95,58.615],[66,58.249],[66.185,58.011],[65.795,57.875],[65.536,57.764],[65.407,57.826],[64.833,57.648],[64.937,57.555],[64.827,57.293],[65.005,57.234],[64.963,57.157],[65.056,56.904],[65.253,56.921],[65.17,56.764],[64.927,56.772],[65.029,56.642],[64.989,56.518],[65.093,56.441],[65.122,56.308],[65.249,56.277],[65.683,56.27],[65.834,56.073],[66.021,55.994],[66.161,56.069],[66.292,56.057],[66.452,55.96],[66.629,56.003],[66.764,55.976],[67.083,55.973],[67.278,55.939],[67.404,55.728],[67.794,55.729],[67.921,55.655],[68.139,55.729],[68.18,55.608],[68.322,55.507],[68.682,55.388],[68.714,55.348]]]},"properties":{"name":"Tyumen Oblast","iso3":"RUS","isoCode":"RU-TYU","id":"RUS-tyumen-oblast"}},
{"type":"Feature","geometry":{"type":"Polygon","coordinates":[[[44.848,43.566],[44.833,43.682],[44.803,43.807],[44.597,43.829],[44.473,43.801],[44.293,43.81],[44.297,43.689],[44.429,43.685],[44.475,43.583],[44.414,43.453],[44.333,43.444],[44.175,43.349],[44.098,43.267],[43.83,43.323],[43.703,43.131],[43.65,43.099],[43.572,42.943],[43.443,42.969],[43.398,42.897],[43.561,42.868],[43.609,42.814],[43.76,42.765],[43.757,42.654],[43.965,42.547],[44.022,42.597],[44.225,42.631],[44.303,42.708],[44.515,42.754],[44.68,42.756],[44.634,42.877],[44.854,42.836],[44.954,42.947],[44.96,43.038],[44.773,43.158],[44.694,43.269],[44.571,43.236],[44.578,43.414],[44.478,43.468],[44.503,43.588],[44.631,43.614],[44.848,43.566]]]},"properties":{"name":"North Ossetia–Alania","iso3":"RUS","isoCode":"RU-SE","id":"RUS-north-ossetia-alania"}},
{"type":"Feature","geometry":{"type":"Polygon","coordinates":[[[42.351,53.854],[42.144,53.803],[42.11,53.515],[42.256,53.485],[42.252,53.369],[42.38,53.327],[42.755,53.018],[42.958,52.931],[43.2,52.709],[43.22,52.637],[43.058,52.559],[43.04,52.371],[43.179,52.452],[43.336,52.375],[43.658,52.395],[43.78,52.427],[44.032,52.328],[44.317,52.316],[44.402,52.407],[44.613,52.481],[44.853,52.448],[44.893,52.357],[45.009,52.324],[45.148,52.419],[45.443,52.4],[45.621,52.478],[45.796,52.415],[45.962,52.397],[46.004,52.508],[46.268,52.61],[46.326,52.681],[46.572,52.702],[46.801,52.621],[46.818,52.698],[46.94,52.722],[46.971,52.81],[46.918,52.92],[46.93,53.171],[46.864,53.178],[46.908,53.363],[46.792,53.373],[46.65,53.469],[46.504,53.481],[46.445,53.65],[46.279,53.79],[46.173,53.797],[46.185,53.912],[46.004,53.981],[45.814,53.976],[45.662,53.918],[45.341,53.869],[45.183,53.968],[44.833,53.964],[44.602,53.872],[44.604,53.799],[44.732,53.706],[44.505,53.649],[44.414,53.698],[44.149,53.704],[43.883,53.801],[43.925,53.874],[43.746,53.959],[43.536,54.015],[43.127,53.977],[43.027,53.824],[42.556,53.801],[42.499,53.735],[42.351,53.854]]]},"properties":{"name":"Penza Oblast","iso3":"RUS","isoCode":"RU-PNZ","id":"RUS-penza-oblast"}},
{"type":"Feature","geometry":{"type":"Polygon","coordinates":[[[122.086,53.447],[122.134,53.451],[122.372,53.47],[123.204,53.536],[123.336,53.547],[123.644,53.571],[124.183,53.372],[124.326,53.319],[124.629,53.207],[124.719,53.178],[125.1,53.243],[125.667,53.086],[126.007,52.79],[126.05,52.747],[126.091,52.631],[126.353,52.456],[126.546,52.136],[126.556,52.119],[126.522,51.942],[126.683,51.726],[126.714,51.684],[126.824,51.538],[126.836,51.52],[126.993,51.31],[126.944,51.144],[127.416,50.649],[127.362,50.435],[127.348,50.381],[127.434,50.273],[127.584,50.19],[127.558,50.117],[127.506,49.966],[127.54,49.91],[127.647,49.777],[127.673,49.745],[127.745,49.654],[128.224,49.566],[128.654,49.645],[128.751,49.593],[128.803,49.565],[129.163,49.378],[129.269,49.386],[129.365,49.394],[129.547,49.33],[129.626,49.283],[129.75,49.21],[129.805,49.177],[129.856,49.146],[130.265,48.903],[130.377,48.896],[130.474,48.89],[130.612,48.88],[130.621,48.881],[130.63,48.881],[130.781,48.978],[131.016,49.037],[131.111,49.233],[131.42,49.255],[131.528,49.428],[131.51,49.615],[131.37,49.72],[131.479,49.78],[131.524,49.902],[131.387,49.974],[131.428,50.063],[131.394,50.272],[131.17,50.371],[131.131,50.432],[130.94,50.373],[130.876,50.451],[131.028,50.579],[130.907,50.67],[130.764,50.656],[130.674,50.746],[130.86,50.894],[130.765,50.993],[130.929,51.028],[131.043,51.239],[131.162,51.25],[131.256,51.365],[131.361,51.389],[131.487,51.352],[131.468,51.486],[131.387,51.626],[131.463,51.689],[131.78,51.7],[132.219,51.84],[132.296,51.807],[132.451,51.886],[132.412,51.986],[132.649,52.115],[132.818,52.163],[133.093,52.153],[133.301,52.19],[133.431,52.258],[133.237,52.45],[133.301,52.529],[133.229,52.617],[133.262,52.682],[133.587,52.616],[133.87,52.514],[133.999,52.54],[134.306,52.458],[134.644,52.459],[134.598,52.539],[134.752,52.68],[134.594,52.857],[134.595,52.901],[134.772,53.07],[134.909,53.252],[134.797,53.331],[134.879,53.441],[134.533,53.622],[134.257,53.54],[134.195,53.482],[133.924,53.448],[133.707,53.467],[133.599,53.551],[133.198,53.432],[133.135,53.303],[132.88,53.293],[132.843,53.234],[132.507,53.215],[132.345,53.247],[132.063,53.221],[131.979,53.139],[131.829,53.163],[131.855,53.232],[131.442,53.221],[131.533,53.334],[131.451,53.51],[131.484,53.609],[131.345,53.783],[130.588,53.878],[130.496,53.987],[130.506,54.11],[130.669,54.257],[130.939,54.339],[131.035,54.291],[131.134,54.367],[131.287,54.659],[131.395,54.737],[131.63,54.79],[132.011,54.933],[132.086,55.062],[132.402,55.08],[132.372,55.248],[132.611,55.235],[132.774,55.348],[132.965,55.42],[132.763,55.456],[132.688,55.585],[132.558,55.71],[132.441,55.743],[132.235,55.729],[132.151,55.686],[131.967,55.71],[131.484,55.697],[131.335,55.651],[131.147,55.649],[130.953,55.712],[130.625,55.762],[130.001,55.713],[129.903,55.778],[129.648,55.78],[129.455,55.73],[129.049,55.694],[129.101,55.54],[128.957,55.494],[128.705,55.515],[128.493,55.581],[128.305,55.691],[127.802,55.667],[127.712,55.73],[127.541,55.607],[127.348,55.614],[127.321,55.688],[126.972,55.701],[126.926,55.63],[126.589,55.657],[126.416,55.56],[126.088,55.668],[125.994,55.767],[125.804,55.807],[125.614,55.777],[125.253,55.908],[124.911,55.842],[124.64,55.938],[124.506,55.885],[124.388,55.994],[124.394,56.053],[124.214,56.084],[124.212,56.156],[124.033,56.256],[123.921,56.388],[123.194,56.441],[122.902,56.557],[122.572,56.485],[122.383,56.634],[122.291,56.642],[122.164,56.746],[121.836,56.74],[121.7,56.761],[121.406,56.986],[121.05,57.004],[120.872,57.058],[120.741,57.027],[120.54,57.045],[120.268,57.006],[120.082,56.927],[119.856,56.896],[119.704,56.829],[119.833,56.566],[119.949,56.493],[120.089,56.501],[120.235,56.403],[120.539,56.266],[120.292,56.201],[120.176,56.207],[120.028,56.12],[120.127,56.03],[120.097,55.917],[120.35,55.882],[120.636,55.933],[120.914,56.033],[121.213,56.028],[121.247,55.88],[121.337,55.822],[121.336,55.53],[121.419,55.494],[121.607,55.526],[121.697,55.614],[121.899,55.62],[122,55.434],[121.94,55.279],[122.033,55.196],[121.914,55.12],[121.96,55.001],[121.667,54.834],[121.649,54.752],[121.88,54.803],[121.938,54.713],[121.933,54.578],[122.146,54.459],[122.129,54.413],[121.912,54.377],[121.762,54.44],[121.663,54.375],[121.747,54.282],[121.766,54.176],[121.629,54.1],[121.653,54.027],[121.847,53.955],[121.909,53.855],[121.948,53.617],[122.086,53.447]]]},"properties":{"name":"Amur Oblast","iso3":"RUS","isoCode":"RU-AMU","id":"RUS-amur-oblast"}},
{"type":"Feature","geometry":{"type":"Polygon","coordinates":[[[44.293,43.81],[44.269,43.918],[44.144,43.97],[43.987,43.971],[43.922,44.02],[43.771,43.928],[43.745,43.819],[43.474,43.866],[43.313,43.804],[43.225,43.959],[43.148,43.895],[42.981,43.899],[42.866,43.868],[42.855,43.802],[42.678,43.81],[42.681,43.716],[42.597,43.654],[42.456,43.621],[42.474,43.53],[42.403,43.393],[42.414,43.257],[42.661,43.141],[42.777,43.189],[43.001,43.113],[43.051,43.019],[43.186,42.938],[43.398,42.897],[43.443,42.969],[43.572,42.943],[43.65,43.099],[43.703,43.131],[43.83,43.323],[44.098,43.267],[44.175,43.349],[44.333,43.444],[44.414,43.453],[44.475,43.583],[44.429,43.685],[44.297,43.689],[44.293,43.81]]]},"properties":{"name":"Kabardino-Balkaria","iso3":"RUS","isoCode":"RU-KB","id":"RUS-kabardino-balkaria"}},
{"type":"Feature","geometry":{"type":"Polygon","coordinates":[[[38.686,46.871],[38.421,46.822],[38.595,46.667],[38.507,46.643],[38.135,46.691],[38.06,46.647],[37.759,46.652],[37.911,46.411],[38.104,46.395],[38.292,46.244],[38.582,46.095],[38.461,46.043],[38.257,46.167],[38.099,46.059],[37.971,46.034],[37.834,45.756],[37.655,45.688],[37.603,45.634],[37.578,45.417],[37.448,45.346],[37.321,45.33],[37.054,45.371],[36.924,45.433],[36.785,45.442],[36.77,45.36],[36.875,45.251],[36.612,45.21],[36.633,45.14],[36.918,45.1],[37.241,44.986],[37.445,44.716],[37.547,44.676],[37.907,44.629],[38.088,44.531],[38.203,44.418],[38.361,44.373],[38.569,44.349],[38.791,44.282],[38.887,44.187],[39.013,44.15],[39.153,44.02],[39.295,43.942],[39.461,43.788],[39.681,43.638],[39.732,43.568],[39.884,43.494],[39.992,43.385],[40.109,43.57],[40.26,43.586],[40.566,43.519],[40.713,43.532],[40.741,43.593],[40.682,43.719],[40.803,43.918],[40.935,44.017],[40.894,44.14],[41.085,44.095],[41.264,44.095],[41.25,44.022],[41.393,43.986],[41.545,44.042],[41.555,44.099],[41.699,44.171],[41.744,44.268],[41.634,44.378],[41.736,44.474],[41.59,44.516],[41.427,44.708],[41.56,44.738],[41.639,44.864],[41.654,44.986],[41.456,44.988],[41.352,45.09],[41.353,45.223],[41.035,45.226],[40.923,45.517],[40.846,45.517],[40.848,45.694],[41.167,45.674],[41.161,45.952],[41.122,46.06],[40.979,46.113],[40.926,46.23],[40.744,46.229],[40.744,46.286],[40.324,46.283],[40.272,46.314],[40.286,46.448],[40.221,46.538],[40.064,46.534],[40.116,46.718],[40.063,46.772],[39.565,46.806],[39.263,46.794],[39.209,46.621],[38.902,46.635],[38.896,46.826],[38.686,46.871]],[[38.684,44.951],[38.938,45.036],[39.02,44.983],[39.256,45.002],[39.376,45.057],[39.546,45.189],[39.9,45.097],[40.154,45.121],[40.389,45.034],[40.528,44.933],[40.776,44.465],[40.661,44.483],[40.644,44.636],[40.569,44.739],[40.43,44.762],[40.368,44.717],[40.35,44.548],[40.483,44.315],[40.36,44.247],[40.477,43.959],[40.41,43.939],[40.366,43.773],[40.217,43.779],[40.189,43.846],[40.027,43.88],[39.953,43.933],[39.778,43.962],[39.829,44.085],[39.993,44.076],[40.08,44.234],[39.87,44.338],[39.91,44.713],[40.029,44.747],[39.934,44.884],[39.885,45.023],[39.696,44.952],[39.622,45.049],[39.474,44.991],[39.642,44.866],[39.393,44.813],[39.146,44.836],[39.091,44.817],[38.684,44.951]]]},"properties":{"name":"Krasnodar Krai","iso3":"RUS","isoCode":"RU-KDA","id":"RUS-krasnodar-krai"}},
{"type":"Feature","geometry":{"type":"Polygon","coordinates":[[[38.289,51.296],[38.298,51.521],[38.183,51.613],[38.224,51.7],[38.386,51.684],[38.445,51.832],[38.429,51.945],[38.293,51.966],[38.05,51.888],[37.868,51.901],[37.738,52.019],[37.508,52.016],[37.425,51.935],[37.33,52.008],[37.153,52.075],[36.936,52.095],[36.496,52.232],[36.416,52.346],[36.299,52.381],[36.189,52.328],[35.815,52.302],[35.691,52.25],[35.606,52.437],[35.431,52.427],[35.152,52.336],[34.924,52.37],[34.941,52.314],[34.742,52.087],[34.545,52.071],[34.404,51.994],[34.386,51.843],[34.433,51.73],[34.128,51.689],[34.295,51.533],[34.222,51.429],[34.334,51.351],[34.238,51.292],[34.488,51.244],[34.662,51.247],[34.817,51.169],[34.979,51.235],[35.139,51.218],[35.159,51.081],[35.406,51.048],[35.352,50.973],[35.571,50.902],[35.734,50.977],[35.865,50.959],[35.996,51.07],[36.008,51.158],[36.486,51.063],[36.666,51.086],[36.791,51.16],[36.987,51.183],[37.16,51.32],[37.409,51.382],[37.703,51.357],[37.847,51.43],[38.012,51.408],[38.289,51.296]]]},"properties":{"name":"Kursk Oblast","iso3":"RUS","isoCode":"RU-KRS","id":"RUS-kursk-oblast"}},
{"type":"Feature","geometry":{"type":"Polygon","coordinates":[[[29.896,58.45],[30.056,58.444],[30.129,58.527],[30.095,58.659],[30.135,58.749],[30.343,58.759],[30.406,58.703],[30.664,58.737],[30.755,58.856],[30.922,58.922],[31.081,59.091],[31.219,59.008],[31.371,59.026],[31.481,59.102],[31.529,59.285],[31.609,59.377],[31.752,59.324],[31.949,59.43],[32.122,59.371],[32.282,59.201],[32.452,59.108],[32.654,59.118],[32.769,59.211],[32.732,59.271],[32.847,59.349],[33.057,59.419],[33.343,59.315],[33.348,59.385],[33.63,59.382],[33.757,59.293],[33.8,59.201],[33.936,59.212],[34.032,59.148],[34.284,59.178],[34.722,59.085],[34.849,59.201],[35.177,59.261],[35.437,59.424],[35.495,59.501],[35.495,59.652],[35.407,59.719],[35.321,59.981],[35.156,60.152],[35.238,60.291],[35.299,60.601],[35.176,60.77],[35.242,60.834],[35.462,60.857],[35.526,60.921],[35.69,61.131],[35.602,61.179],[35.397,61.14],[35.382,61.269],[35.17,61.238],[34.769,61.312],[34.337,61.22],[33.669,61.233],[33.45,61.155],[33.591,61.064],[33.738,61.131],[33.92,61.089],[33.785,60.937],[33.608,60.959],[33.331,60.899],[33.158,60.745],[32.915,60.68],[32.895,60.545],[32.6,60.481],[32.69,60.388],[32.59,60.319],[32.613,60.208],[32.431,60.142],[32.232,60.12],[32.144,60.194],[31.753,60.225],[31.5,60.062],[31.55,59.936],[31.389,59.898],[31.071,59.931],[31.114,60.04],[31.049,60.171],[30.959,60.199],[30.864,60.399],[30.695,60.565],[30.506,60.623],[30.539,60.797],[30.36,60.96],[30.122,61.09],[29.861,61.171],[29.564,61.184],[29.501,61.254],[29.306,61.329],[29.233,61.268],[28.819,61.122],[28.655,60.95],[28.525,60.957],[27.873,60.605],[27.864,60.516],[28.116,60.522],[28.313,60.624],[28.658,60.686],[28.656,60.542],[28.716,60.445],[28.625,60.354],[28.956,60.261],[29.147,60.161],[29.457,60.171],[29.49,60.225],[29.758,60.243],[30.06,60.136],[30.292,60.094],[30.504,60.006],[30.493,59.847],[30.701,59.782],[30.648,59.721],[30.307,59.662],[30.27,59.79],[29.823,59.869],[29.648,59.93],[29.551,59.958],[29.132,59.982],[28.967,59.812],[28.72,59.775],[28.551,59.84],[28.441,59.794],[28.426,59.678],[28.248,59.678],[28.097,59.788],[28.001,59.691],[28.091,59.604],[28.046,59.465],[28.21,59.37],[28.13,59.291],[27.958,59.272],[27.809,59.13],[27.738,58.978],[27.991,59.016],[28.374,58.878],[28.622,58.865],[28.973,58.805],[29.056,58.74],[29.283,58.696],[29.313,58.614],[29.58,58.534],[29.551,58.48],[29.747,58.424],[29.896,58.45]]]},"properties":{"name":"Leningrad oblast","iso3":"RUS","isoCode":"RU-LEN","id":"RUS-leningrad-oblast"}},
{"type":"Feature","geometry":{"type":"Polygon","coordinates":[[[46.722,56.963],[46.594,56.93],[46.315,56.945],[46.099,56.863],[45.941,56.859],[45.886,56.626],[45.67,56.614],[45.662,56.461],[45.964,56.429],[45.898,56.22],[46.185,56.032],[46.487,56.125],[46.733,56.128],[47.151,56.315],[47.393,56.323],[47.425,56.157],[47.821,56.126],[48.035,55.943],[48.396,55.83],[48.415,55.915],[48.695,55.955],[48.714,56.048],[48.837,56.069],[48.985,56.201],[49.052,56.345],[49.216,56.39],[49.312,56.332],[49.569,56.503],[49.861,56.425],[50.04,56.485],[50.203,56.583],[50.081,56.611],[50.104,56.792],[50.041,56.852],[49.871,56.885],[49.602,57.078],[49.392,57.019],[49.248,57.042],[49.159,57.155],[49.208,57.315],[49.036,57.297],[49.003,57.125],[48.811,57.169],[48.55,57.157],[48.428,57.113],[48.329,57.166],[48.134,56.993],[47.769,57.002],[47.663,56.984],[47.489,56.871],[47.134,56.807],[47.102,56.923],[46.819,56.921],[46.722,56.963]]]},"properties":{"name":"Mari El","iso3":"RUS","isoCode":"RU-ME","id":"RUS-mari-el"}},
{"type":"Feature","geometry":{"type":"Polygon","coordinates":[[[37.046,55.142],[37.163,55.232],[37.405,55.251],[37.492,55.456],[37.6,55.575],[37.685,55.574],[37.887,55.705],[37.83,55.831],[37.707,55.892],[37.556,55.909],[37.346,55.863],[37.414,55.682],[37.096,55.6],[37.127,55.487],[36.816,55.508],[36.856,55.38],[36.986,55.316],[36.937,55.241],[37.046,55.142]]]},"properties":{"name":"Moscow","iso3":"RUS","isoCode":"RU-MOW","id":"RUS-moscow"}},
{"type":"Feature","geometry":{"type":"Polygon","coordinates":[[[38.666,54.257],[38.713,54.349],[38.89,54.402],[38.782,54.479],[38.827,54.607],[38.947,54.634],[39.247,54.646],[39.475,54.946],[39.625,55.025],[39.804,55.005],[39.863,55.111],[39.785,55.186],[40.155,55.264],[40.191,55.365],[40.158,55.527],[39.886,55.761],[39.889,55.833],[39.47,55.774],[39.28,55.851],[39.117,55.846],[39.001,55.942],[38.838,55.914],[38.586,56.054],[38.398,56.271],[38.446,56.387],[38.298,56.495],[38.359,56.573],[38.318,56.659],[38.244,56.793],[38.01,56.771],[37.982,56.864],[37.758,56.95],[37.548,56.918],[37.443,56.797],[37.067,56.756],[37.174,56.696],[37.148,56.587],[37.059,56.531],[36.813,56.579],[36.741,56.546],[36.127,56.4],[36.074,56.363],[35.741,56.391],[35.62,56.477],[35.483,56.384],[35.475,56.277],[35.285,56.125],[35.338,56.093],[35.148,55.958],[35.319,55.794],[35.3,55.582],[35.325,55.48],[35.274,55.331],[35.334,55.272],[35.446,55.229],[35.741,55.296],[35.814,55.246],[36.265,55.171],[36.385,55.294],[36.535,55.307],[36.829,55.196],[36.937,55.241],[36.986,55.316],[36.856,55.38],[36.816,55.508],[37.127,55.487],[37.096,55.6],[37.414,55.682],[37.346,55.863],[37.556,55.909],[37.707,55.892],[37.83,55.831],[37.887,55.705],[37.685,55.574],[37.6,55.575],[37.492,55.456],[37.405,55.251],[37.163,55.232],[37.046,55.142],[37.096,55.032],[37.269,54.842],[37.456,54.839],[37.573,54.742],[37.758,54.743],[37.792,54.834],[37.937,54.85],[38.118,54.717],[38.256,54.664],[38.471,54.644],[38.389,54.533],[38.527,54.395],[38.511,54.297],[38.666,54.257]]]},"properties":{"name":"Moscow Oblast","iso3":"RUS","isoCode":"RU-MOS","id":"RUS-moscow-oblast"}},
{"type":"Feature","geometry":{"type":"Polygon","coordinates":[[[32.853,66.583],[33.094,66.585],[33.135,66.644],[32.904,66.688],[32.874,66.765],[32.474,66.899],[32.516,67.016],[32.338,67.04],[32.385,67.155],[32.769,67.075],[32.95,66.909],[33.504,66.717],[33.69,66.807],[33.925,66.686],[34.357,66.663],[34.454,66.544],[34.911,66.592],[35.216,66.468],[35.554,66.384],[35.949,66.351],[36.547,66.276],[36.809,66.279],[37.344,66.204],[37.656,66.116],[38.275,66.058],[38.653,66.064],[39.111,66.102],[39.471,66.183],[39.997,66.254],[40.375,66.381],[40.69,66.529],[40.698,66.58],[41.083,66.741],[41.242,66.854],[41.344,66.99],[41.353,67.193],[41.08,67.255],[41.119,67.407],[41.013,67.461],[41.037,67.634],[40.981,67.697],[40.7,67.759],[40.421,67.756],[40.377,67.886],[39.87,68.033],[39.582,68.032],[39.1,68.192],[38.881,68.294],[38.626,68.339],[38.433,68.327],[38.328,68.419],[38.085,68.481],[37.974,68.571],[37.677,68.686],[37.235,68.798],[36.597,69.007],[36.43,69.025],[35.87,69.182],[35.3,69.251],[35.204,69.195],[34.939,69.201],[34.316,69.302],[33.752,69.292],[33.488,69.338],[33.298,69.419],[33.006,69.457],[32.616,69.457],[32.092,69.579],[32.155,69.643],[32.834,69.567],[33.086,69.641],[33.111,69.729],[32.663,69.774],[32.054,69.943],[31.719,69.799],[31.686,69.705],[31.523,69.681],[31.256,69.744],[30.828,69.791],[30.953,69.638],[30.818,69.529],[30.516,69.541],[30.24,69.648],[30.115,69.468],[29.852,69.423],[29.573,69.319],[29.286,69.294],[29.242,69.113],[29.057,69.015],[28.929,69.052],[28.495,68.93],[28.801,68.869],[28.707,68.733],[28.434,68.54],[28.648,68.196],[29.327,68.075],[29.659,67.803],[30.017,67.674],[29.931,67.523],[29.073,66.996],[29.061,66.853],[29.323,66.663],[31.576,66.654],[31.621,66.502],[31.792,66.495],[31.83,66.371],[32.343,66.345],[32.36,66.475],[32.548,66.479],[32.557,66.576],[32.853,66.583]]]},"properties":{"name":"Murmansk Oblast","iso3":"RUS","isoCode":"RU-MUR","id":"RUS-murmansk-oblast"}},
{"type":"Feature","geometry":{"type":"MultiPolygon","coordinates":[[[[65.474,68.418],[65.609,68.489],[65.558,68.593],[65.403,68.682],[65.399,68.779],[65.085,68.811],[64.922,68.872],[64.591,68.861],[64.539,69.029],[64.712,69.08],[65.083,69.259],[64.349,69.485],[63.766,69.592],[63.112,69.684],[62.734,69.718],[62.031,69.736],[61.383,69.779],[60.899,69.856],[60.724,69.81],[60.778,69.725],[60.658,69.657],[60.377,69.666],[60.191,69.557],[60.635,69.257],[60.641,69.147],[60.89,69.133],[60.968,68.963],[60.89,68.886],[60.509,68.708],[60.052,68.678],[59.806,68.621],[59.99,68.452],[59.689,68.314],[59.171,68.388],[59.093,68.554],[59.19,68.668],[59.444,68.666],[59.354,68.787],[59.162,68.884],[58.916,68.915],[58.872,68.975],[58.091,68.832],[58.034,68.757],[57.646,68.728],[57.496,68.592],[57.336,68.531],[57.068,68.52],[56.614,68.62],[56.239,68.591],[56.006,68.642],[55.661,68.547],[55.388,68.548],[55.007,68.423],[54.862,68.301],[54.946,68.262],[54.866,68.146],[54.635,68.182],[54.54,68.285],[54.301,68.326],[53.938,68.209],[53.791,68.24],[53.2,68.273],[53.434,68.365],[53.608,68.336],[53.937,68.395],[53.88,68.54],[53.729,68.598],[53.826,68.739],[53.987,68.839],[53.598,68.87],[53.534,68.914],[52.843,68.754],[52.288,68.597],[52.739,68.485],[52.708,68.421],[52.416,68.329],[52.152,68.512],[51.565,68.486],[51.288,68.379],[50.605,68.28],[50.036,68.08],[49.39,67.902],[49.032,67.83],[48.8,67.842],[48.784,67.749],[48.459,67.634],[48.347,67.666],[47.834,67.579],[47.941,67.464],[47.772,67.334],[47.75,67.005],[47.592,66.923],[46.649,66.815],[46.566,66.86],[46.018,66.825],[45.808,66.886],[45.528,67.174],[45.116,67.257],[44.918,67.337],[44.933,67.443],[45.174,67.572],[45.308,67.574],[45.356,67.713],[45.568,67.753],[45.848,67.754],[46.333,67.821],[46.693,67.808],[46.524,68.046],[46.544,68.116],[46.308,68.187],[45.805,68.468],[45.28,68.539],[44.784,68.552],[44.084,68.531],[43.422,68.669],[43.498,68.545],[44.041,68.373],[44.231,68.229],[44.178,67.961],[44.095,67.838],[44.135,67.745],[43.802,67.344],[43.777,67.198],[44.056,67.162],[44.302,67.066],[44.524,66.9],[44.377,66.785],[44.478,66.671],[44.349,66.494],[44.25,66.436],[44.521,66.362],[44.59,66.298],[44.855,66.231],[45.268,66.178],[45.703,66.083],[46.347,66.038],[47.145,65.821],[47.471,65.844],[47.738,65.821],[47.749,65.906],[48.085,66.129],[49,66.114],[50.347,66.473],[51.545,66.775],[51.52,66.939],[51.698,66.921],[51.825,66.999],[52.045,67.027],[52.152,67.101],[53.875,67.001],[55.888,67],[57.068,67],[58.836,67],[59.978,67],[61.588,66.996],[61.787,67.111],[62.866,67.37],[62.854,67.49],[62.944,67.605],[63.161,67.696],[63.495,67.743],[63.698,67.733],[63.965,67.906],[63.878,68.036],[64.583,68.202],[64.528,68.326],[64.824,68.409],[65.3,68.394],[65.474,68.418]]],[[[48.736,68.726],[49.187,68.757],[49.652,68.851],[49.954,69.077],[50.225,69.144],[50.115,69.265],[49.335,69.491],[49.127,69.502],[48.722,69.454],[48.331,69.259],[48.242,69.114],[48.22,68.855],[48.62,68.701],[48.736,68.726]]],[[[58.548,70.312],[58.482,70.177],[58.798,69.966],[59.166,69.879],[59.451,69.888],[59.64,69.833],[59.601,69.723],[59.794,69.685],[60.038,69.716],[60.269,69.675],[60.5,69.724],[60.554,69.801],[60.454,69.929],[59.572,70.223],[59.05,70.453],[58.548,70.312]]]]},"properties":{"name":"Nenets Autonomous Okrug","iso3":"RUS","isoCode":"RU-NEN","id":"RUS-nenets-autonomous-okrug"}},
{"type":"Feature","geometry":{"type":"Polygon","coordinates":[[[30.979,56.97],[31.101,56.931],[31.241,56.952],[31.396,56.909],[31.64,56.992],[31.725,57.092],[31.906,57.086],[32.156,57.184],[32.632,57.335],[32.707,57.434],[33.078,57.466],[33.264,57.422],[33.231,57.535],[33.421,57.702],[33.569,57.713],[33.547,57.851],[33.684,57.906],[33.685,58],[33.529,58.058],[33.697,58.153],[33.815,58.139],[34.171,58.213],[34.721,58.09],[34.723,58.216],[34.975,58.226],[35.051,58.195],[35.257,58.274],[35.304,58.41],[35.471,58.41],[35.645,58.46],[35.877,58.423],[36.182,58.512],[36.223,58.576],[36.107,58.716],[35.783,58.754],[35.745,58.822],[35.579,58.81],[35.409,58.849],[35.279,58.786],[35.132,58.868],[35.179,58.949],[34.962,58.948],[34.865,59.056],[34.722,59.085],[34.284,59.178],[34.032,59.148],[33.936,59.212],[33.8,59.201],[33.757,59.293],[33.63,59.382],[33.348,59.385],[33.343,59.315],[33.057,59.419],[32.847,59.349],[32.732,59.271],[32.769,59.211],[32.654,59.118],[32.452,59.108],[32.282,59.201],[32.122,59.371],[31.949,59.43],[31.752,59.324],[31.609,59.377],[31.529,59.285],[31.481,59.102],[31.371,59.026],[31.219,59.008],[31.081,59.091],[30.922,58.922],[30.755,58.856],[30.664,58.737],[30.406,58.703],[30.343,58.759],[30.135,58.749],[30.095,58.659],[30.129,58.527],[30.056,58.444],[29.896,58.45],[29.917,58.311],[29.686,58.211],[29.672,58.135],[30.2,57.895],[30.289,57.911],[30.543,57.864],[30.452,57.688],[30.681,57.644],[30.423,57.424],[30.537,57.306],[30.746,57.263],[30.688,57.149],[30.689,56.983],[30.979,56.97]]]},"properties":{"name":"Novgorod Oblast","iso3":"RUS","isoCode":"RU-NGR","id":"RUS-novgorod-oblast"}},
{"type":"Feature","geometry":{"type":"Polygon","coordinates":[[[85.116,54.438],[84.931,54.609],[85.004,54.68],[84.902,54.727],[85.088,54.816],[84.972,54.945],[84.837,54.997],[84.927,55.164],[84.859,55.375],[84.694,55.373],[84.784,55.524],[84.742,55.642],[84.54,55.718],[84.571,56.005],[84.448,56.042],[84.343,55.981],[84.21,56.06],[83.95,56.015],[83.807,55.897],[83.735,55.786],[83.585,55.671],[83.416,55.726],[83.211,55.73],[83.377,55.918],[83.23,56.012],[83.208,56.177],[83.065,56.23],[83.288,56.443],[83.109,56.55],[82.808,56.516],[82.821,56.43],[82.161,56.335],[81.992,56.334],[81.573,56.242],[81.22,56.538],[80.264,56.422],[79.589,56.923],[79.198,57.001],[78.432,57.117],[78.448,57.165],[77.783,57.174],[76.948,57.168],[76.696,57.213],[76.095,57.235],[76.199,56.948],[76.264,56.887],[76.289,56.697],[76.036,56.608],[75.961,56.507],[76.085,56.443],[76.082,56.325],[76.303,56.156],[76.139,56.121],[75.732,56.113],[75.262,55.844],[75.369,55.741],[75.115,55.686],[75.141,55.584],[75.322,55.498],[75.162,55.447],[75.178,55.352],[75.276,55.243],[75.253,55.151],[75.371,55.068],[75.331,54.914],[75.493,54.884],[75.641,54.81],[75.686,54.674],[75.825,54.666],[75.804,54.541],[75.691,54.548],[75.689,54.123],[76.201,54.26],[76.257,54.359],[76.476,54.318],[76.675,54.345],[76.73,54.418],[76.879,54.302],[76.756,54.162],[76.645,54.124],[76.435,54.123],[76.538,54],[77.339,53.595],[77.907,53.291],[77.91,53.572],[78.109,53.576],[78.259,53.509],[78.645,53.513],[78.652,53.582],[78.792,53.658],[79.041,53.653],[79.422,53.678],[79.64,53.744],[79.624,53.795],[80.093,53.991],[80.46,54.116],[80.535,54.17],[80.797,54.258],[80.812,54.343],[80.952,54.375],[81.127,54.117],[81.468,54.076],[81.566,54.004],[81.833,53.964],[81.836,53.871],[81.721,53.843],[81.788,53.723],[81.942,53.713],[82.187,53.638],[82.337,53.528],[82.502,53.547],[82.666,53.642],[82.714,53.778],[83.198,54.066],[83.306,54.065],[83.349,53.934],[83.488,53.978],[83.554,54.109],[83.856,54.089],[84.188,54.172],[84.46,54.146],[84.576,54.236],[84.799,54.345],[85.116,54.438]]]},"properties":{"name":"Novosibirsk Oblast","iso3":"RUS","isoCode":"RU-NVS","id":"RUS-novosibirsk-oblast"}},
{"type":"Feature","geometry":{"type":"Polygon","coordinates":[[[75.109,58.576],[74.642,58.328],[74.22,58.136],[73.128,58.155],[72.868,58.002],[72.167,58.015],[71.99,58.116],[71.272,58.054],[71.206,58.112],[71.238,58.328],[71.287,58.404],[70.853,58.529],[70.43,57.952],[70.392,57.782],[70.557,57.72],[70.599,57.577],[70.686,57.516],[70.418,57.415],[70.372,57.329],[70.459,57.282],[70.781,57.276],[70.787,57.365],[71.065,57.351],[71.116,57.202],[71.229,57.175],[71.297,57.085],[71.605,56.933],[71.677,56.765],[71.554,56.67],[71.37,56.632],[71.121,56.653],[71.085,56.524],[70.984,56.462],[70.928,56.317],[70.732,56.253],[70.902,56.112],[70.809,55.903],[70.603,55.837],[70.532,55.694],[70.757,55.585],[70.673,55.491],[70.567,55.494],[70.44,55.408],[70.461,55.286],[70.624,55.25],[70.804,55.269],[70.992,55.067],[70.96,54.886],[71.099,54.714],[71.294,54.666],[71.172,54.573],[71.227,54.349],[70.998,54.334],[71.179,54.095],[71.296,54.185],[71.491,54.158],[71.49,54.097],[71.723,54.104],[71.756,54.252],[72.098,54.215],[72.189,54.355],[72.28,54.317],[72.299,54.187],[72.433,54.045],[72.375,53.946],[72.493,53.903],[72.531,54.043],[72.609,54.137],[72.995,54.098],[73.067,53.986],[73.3,53.943],[73.51,53.938],[73.519,54.003],[73.768,54.054],[73.691,53.856],[73.453,53.876],[73.238,53.568],[73.398,53.522],[73.439,53.435],[73.646,53.553],[73.821,53.578],[73.901,53.651],[74.072,53.63],[74.287,53.561],[74.391,53.456],[74.487,53.569],[74.458,53.691],[74.634,53.669],[74.674,53.755],[74.795,53.825],[75.047,53.793],[75.377,53.96],[75.376,54.07],[75.689,54.123],[75.691,54.548],[75.804,54.541],[75.825,54.666],[75.686,54.674],[75.641,54.81],[75.493,54.884],[75.331,54.914],[75.371,55.068],[75.253,55.151],[75.276,55.243],[75.178,55.352],[75.162,55.447],[75.322,55.498],[75.141,55.584],[75.115,55.686],[75.369,55.741],[75.262,55.844],[75.732,56.113],[76.139,56.121],[76.303,56.156],[76.082,56.325],[76.085,56.443],[75.961,56.507],[76.036,56.608],[76.289,56.697],[76.264,56.887],[76.199,56.948],[76.095,57.235],[75.965,57.394],[75.848,57.386],[75.704,57.625],[75.55,57.625],[75.566,57.935],[75.071,58.117],[75.242,58.203],[75.057,58.339],[75.377,58.454],[75.109,58.576]]]},"properties":{"name":"Omsk Oblast","iso3":"RUS","isoCode":"RU-OMS","id":"RUS-omsk-oblast"}},
{"type":"Feature","geometry":{"type":"Polygon","coordinates":[[[35.991,53.626],[35.909,53.641],[35.795,53.525],[35.63,53.542],[35.529,53.444],[35.384,53.398],[35.384,53.337],[35.141,53.279],[35.122,53.154],[35.27,53.109],[35.284,53.02],[34.96,52.949],[34.83,52.864],[34.944,52.793],[35.004,52.66],[35.007,52.541],[34.923,52.512],[34.848,52.398],[34.924,52.37],[35.152,52.336],[35.431,52.427],[35.606,52.437],[35.691,52.25],[35.815,52.302],[36.189,52.328],[36.299,52.381],[36.416,52.346],[36.496,52.232],[36.936,52.095],[37.153,52.075],[37.33,52.008],[37.425,51.935],[37.508,52.016],[37.738,52.019],[37.851,52.213],[38.058,52.297],[37.802,52.515],[37.809,52.707],[37.891,52.74],[37.832,52.95],[37.866,53.012],[37.723,53.126],[37.572,53.181],[37.59,53.279],[37.44,53.294],[37.158,53.258],[36.784,53.296],[36.636,53.42],[36.573,53.377],[36.318,53.474],[35.991,53.626]]]},"properties":{"name":"Oryol Oblast","iso3":"RUS","isoCode":"RU-ORL","id":"RUS-oryol-oblast"}},
{"type":"Feature","geometry":{"type":"Polygon","coordinates":[[[29.457,60.171],[29.57,60.197],[29.921,60.147],[29.969,60.011],[30.182,59.986],[30.235,59.913],[30.027,59.861],[29.648,59.93],[29.823,59.869],[30.27,59.79],[30.307,59.662],[30.648,59.721],[30.701,59.782],[30.493,59.847],[30.504,60.006],[30.292,60.094],[30.06,60.136],[29.758,60.243],[29.49,60.225],[29.457,60.171]]]},"properties":{"name":"Saint Petersburg","iso3":"RUS","isoCode":"RU-SPE","id":"RUS-saint-petersburg"}},
{"type":"Feature","geometry":{"type":"MultiPolygon","coordinates":[[[[146.606,43.764],[146.794,43.769],[146.84,43.889],[146.606,43.764]]],[[[145.547,43.935],[145.407,43.843],[145.439,43.723],[145.55,43.731],[145.636,43.9],[145.789,43.948],[145.907,44.122],[146.112,44.263],[146.296,44.276],[146.394,44.362],[146.144,44.513],[146.082,44.474],[145.988,44.318],[145.887,44.248],[145.742,44.092],[145.742,44.052],[145.547,43.935]]],[[[147.656,44.995],[147.785,44.948],[147.98,45.001],[148.095,45.11],[148.323,45.222],[148.496,45.258],[148.643,45.335],[148.842,45.336],[148.857,45.54],[148.656,45.539],[148.486,45.42],[148.443,45.351],[148.235,45.266],[148.028,45.272],[147.926,45.438],[147.849,45.364],[147.873,45.229],[147.729,45.191],[147.689,45.094],[147.527,45.099],[147.506,44.989],[147.263,44.865],[147.191,44.707],[146.875,44.499],[146.947,44.426],[147.061,44.547],[147.208,44.571],[147.337,44.715],[147.551,44.816],[147.65,44.924],[147.656,44.995]]],[[[154.646,49.274],[154.731,49.263],[154.841,49.335],[154.808,49.431],[154.905,49.608],[154.817,49.632],[154.642,49.396],[154.646,49.274]]],[[[156.231,50.665],[156.414,50.637],[156.508,50.759],[156.472,50.863],[156.37,50.84],[156.177,50.711],[156.231,50.665]]],[[[155.855,50.625],[155.738,50.436],[155.65,50.378],[155.4,50.345],[155.343,50.282],[155.204,50.272],[155.261,50.16],[155.227,50.048],[155.347,50.055],[155.596,50.178],[155.79,50.194],[155.878,50.243],[156.038,50.463],[156.165,50.513],[156.125,50.651],[156.156,50.742],[156.034,50.768],[155.855,50.625]]],[[[149.984,46.029],[149.846,45.904],[149.67,45.849],[149.457,45.613],[149.525,45.576],[149.691,45.643],[149.934,45.821],[150.002,45.821],[150.17,45.928],[150.187,45.986],[150.386,46.131],[150.404,46.225],[150.218,46.189],[150.189,46.111],[150.052,46.09],[149.984,46.029]]],[[[141.855,46.406],[141.932,46.102],[141.919,46.047],[142.027,45.931],[142.171,46.014],[142.238,46.163],[142.249,46.273],[142.407,46.586],[142.549,46.709],[142.723,46.743],[142.791,46.604],[142.88,46.627],[143.14,46.608],[143.273,46.537],[143.462,46.186],[143.593,46.386],[143.54,46.481],[143.476,46.826],[143.303,46.798],[143.091,46.919],[143.02,47.076],[143.015,47.252],[142.937,47.357],[142.726,47.467],[142.573,47.657],[142.51,47.898],[142.544,48.062],[142.752,48.557],[142.828,48.703],[142.979,48.898],[142.947,49.058],[143.046,49.182],[143.3,49.29],[143.619,49.317],[144.054,49.252],[144.15,49.212],[144.339,49.034],[144.215,49.481],[144.142,49.602],[144.121,49.755],[143.79,50.322],[143.724,50.495],[143.659,50.815],[143.525,51.226],[143.377,51.354],[143.468,51.39],[143.437,51.495],[143.233,51.504],[143.254,51.685],[143.309,51.745],[143.223,51.885],[143.106,51.94],[143.16,52.284],[143.118,52.361],[143.316,52.58],[143.32,52.791],[143.165,52.939],[143.058,53.216],[143.264,53.163],[143.15,53.421],[143.06,53.541],[142.879,53.867],[142.908,53.99],[142.997,54.08],[142.803,54.289],[142.726,54.42],[142.604,54.32],[142.327,54.27],[142.413,54.158],[142.696,53.943],[142.692,53.864],[142.585,53.718],[142.476,53.66],[142.639,53.542],[142.443,53.385],[142.251,53.379],[142.205,53.534],[141.872,53.436],[141.764,53.377],[141.83,53.162],[141.923,53.054],[141.751,52.447],[141.654,52.393],[141.643,52.223],[141.693,52.169],[141.633,52.075],[141.676,51.981],[141.637,51.877],[141.816,51.797],[141.755,51.713],[141.925,51.568],[142.052,51.494],[142.093,51.39],[142.253,51.144],[142.24,51.01],[142.087,50.822],[142.094,50.723],[142.044,50.549],[142.153,50.365],[142.174,50.048],[142.136,49.876],[142.167,49.805],[142.13,49.454],[142.081,49.364],[142.091,49.231],[141.979,48.877],[141.848,48.768],[141.872,48.677],[142.145,48.323],[142.2,47.988],[141.962,47.62],[141.974,47.287],[142.062,47.107],[142.007,46.944],[141.81,46.6],[141.855,46.406]]]]},"properties":{"name":"Sakhalin Oblast","iso3":"RUS","isoCode":"RU-SAK","id":"RUS-sakhalin-oblast"}},
{"type":"Feature","geometry":{"type":"MultiPolygon","coordinates":[[[[110.899,73.766],[110.966,73.698],[111.2,73.605],[110.245,73.377],[110.619,73.251],[110.356,73.199],[110.849,73.055],[110.822,72.951],[110.627,72.882],[110.769,72.645],[111.291,72.487],[111.002,72.436],[111.318,72.318],[111.575,72.324],[111.708,72.166],[112.001,72.124],[112.001,71.402],[112.723,71.254],[112.51,71.16],[112.6,71.109],[112.184,71.013],[111.479,70.929],[111.326,70.856],[111.034,70.841],[110.842,70.781],[110.124,70.637],[110.116,70.476],[110.297,70.407],[109.845,70.39],[109.558,70.352],[109.617,70.285],[109.301,70.208],[109.417,70.048],[109.414,69.894],[109.201,69.755],[108.945,69.771],[108.899,69.843],[108.549,69.831],[108.249,69.854],[108.006,69.749],[108.019,69.698],[107.606,69.66],[106.852,69.523],[106.521,69.578],[106.143,69.409],[106.907,68.858],[106.921,68.254],[106.874,67.668],[106.822,67.334],[106.545,67.291],[106.342,67.201],[106.071,67.168],[105.948,67.04],[105.58,67.018],[105.699,66.925],[106.081,66.895],[105.986,66.804],[106.227,66.696],[106.233,66.566],[106.332,66.473],[106.149,66.409],[106.11,66.193],[106.338,66.148],[106.518,66.001],[106.465,65.932],[106.428,65.665],[106.705,65.601],[106.704,65.54],[106.966,65.51],[106.776,65.387],[106.545,65.381],[106.425,65.228],[106.109,65.07],[105.95,65.04],[106.114,64.908],[105.931,64.911],[105.823,64.72],[105.71,64.602],[105.813,64.499],[105.986,64.534],[106.088,64.429],[106.559,64.462],[107.257,64.345],[107.374,64.261],[107.641,64.311],[107.973,64.182],[108.086,64.246],[108.364,64.265],[108.52,64.212],[108.613,64.069],[108.739,64.036],[108.712,63.936],[108.803,63.871],[108.648,63.822],[108.287,63.837],[108.299,63.716],[108.144,63.604],[108.566,63.634],[109.081,63.577],[109.429,63.313],[109.494,62.956],[109.683,62.844],[109.463,62.749],[109.298,62.522],[109.664,62.436],[109.911,62.437],[109.918,62.261],[110.004,62.184],[109.72,61.999],[109.612,61.858],[109.608,61.738],[109.87,61.549],[109.767,61.337],[110.111,61.278],[110.227,61.167],[110.426,61.208],[110.542,61.087],[110.258,60.822],[110.261,60.687],[109.907,60.461],[109.695,60.161],[109.755,60.027],[109.621,59.938],[109.663,59.876],[109.475,59.768],[109.543,59.667],[109.252,59.467],[109.288,59.316],[109.453,59.313],[109.509,59.193],[109.625,59.167],[109.812,59.004],[109.983,59.025],[110.158,58.981],[110.475,59.046],[110.604,59.14],[110.549,59.183],[110.721,59.281],[111.218,59.204],[111.299,59.278],[111.451,59.292],[111.65,59.224],[111.96,59.339],[112.179,59.471],[112.367,59.31],[112.522,59.348],[112.445,59.15],[112.442,58.918],[112.753,59.053],[112.805,59.127],[113.11,59.151],[113.486,59.282],[113.532,59.351],[113.463,59.432],[113.615,59.515],[113.589,59.593],[113.795,59.628],[113.999,59.729],[114.225,59.793],[114.297,59.891],[114.53,59.984],[114.565,60.131],[114.775,60.203],[114.987,60.215],[115.117,60.326],[115.096,60.413],[115.366,60.491],[115.697,60.549],[115.877,60.523],[116.325,60.375],[116.544,60.39],[116.61,60.298],[116.759,60.28],[117.1,60.028],[117.01,59.916],[117.22,59.875],[117.206,59.681],[117.112,59.61],[117.249,59.513],[117.498,59.493],[117.783,59.558],[117.824,59.446],[118.079,59.624],[118.341,59.622],[118.362,59.526],[118.765,59.42],[118.81,59.332],[118.67,59.183],[118.696,59.058],[118.822,59.051],[118.873,58.965],[118.75,58.936],[118.873,58.827],[118.777,58.611],[118.992,58.562],[119.131,58.488],[119.062,58.368],[119.117,58.238],[119.164,58.031],[119.046,57.765],[119.167,57.718],[119.18,57.589],[119.417,57.622],[119.399,57.436],[119.587,57.304],[119.66,57.169],[119.573,57.076],[119.856,56.896],[120.082,56.927],[120.268,57.006],[120.54,57.045],[120.741,57.027],[120.872,57.058],[121.05,57.004],[121.406,56.986],[121.7,56.761],[121.836,56.74],[122.164,56.746],[122.291,56.642],[122.383,56.634],[122.572,56.485],[122.902,56.557],[123.194,56.441],[123.921,56.388],[124.033,56.256],[124.212,56.156],[124.214,56.084],[124.394,56.053],[124.388,55.994],[124.506,55.885],[124.64,55.938],[124.911,55.842],[125.253,55.908],[125.614,55.777],[125.804,55.807],[125.994,55.767],[126.088,55.668],[126.416,55.56],[126.589,55.657],[126.926,55.63],[126.972,55.701],[127.321,55.688],[127.348,55.614],[127.541,55.607],[127.712,55.73],[127.802,55.667],[128.305,55.691],[128.493,55.581],[128.705,55.515],[128.957,55.494],[129.101,55.54],[129.049,55.694],[129.455,55.73],[129.648,55.78],[129.903,55.778],[130.001,55.713],[130.625,55.762],[130.953,55.712],[130.958,55.816],[130.86,55.917],[131.006,56.179],[131.14,56.291],[131.097,56.384],[131.222,56.521],[131.564,56.552],[131.686,56.53],[131.681,56.673],[131.803,56.723],[131.812,56.82],[131.476,57.056],[131.43,57.138],[131.123,57.252],[131.255,57.299],[131.509,57.268],[131.614,57.313],[131.605,57.427],[131.728,57.501],[131.725,57.566],[131.942,57.617],[132.071,57.687],[131.879,57.815],[131.799,57.934],[131.581,58.039],[131.495,58.17],[131.705,58.201],[131.998,58.15],[132.111,58.278],[132.229,58.332],[132.175,58.49],[132.387,58.561],[132.546,58.659],[132.535,58.821],[132.592,58.893],[132.777,58.887],[132.934,59.105],[133.058,59.198],[133.272,59.227],[133.486,59.31],[133.572,59.251],[133.744,59.228],[134.077,59.256],[134.366,59.202],[134.565,59.204],[134.749,59.153],[134.931,59.169],[135.149,59.113],[135.248,59.139],[135.349,59.335],[135.613,59.488],[135.826,59.526],[136.12,59.415],[136.317,59.424],[136.66,59.348],[137.005,59.435],[137.187,59.446],[137.632,59.751],[137.974,59.772],[138.081,59.749],[138.047,59.646],[138.218,59.654],[138.176,59.827],[138.262,60.069],[138.213,60.278],[138.307,60.313],[138.318,60.493],[138.429,60.704],[138.313,60.738],[138.207,60.857],[138.344,60.978],[138.397,61.099],[138.66,61.205],[138.649,61.297],[139.04,61.346],[139.091,61.435],[139.28,61.428],[139.389,61.487],[139.554,61.474],[139.692,61.662],[139.927,61.795],[139.953,61.937],[140.276,62.038],[140.334,62.186],[140.284,62.245],[140.422,62.416],[140.666,62.416],[140.831,62.531],[141.128,62.405],[141.28,62.401],[141.493,62.287],[141.559,62.156],[141.904,62.035],[142.149,62.076],[142.266,61.966],[142.569,61.928],[142.765,61.966],[143.006,61.915],[143.136,62.104],[143.4,62.028],[143.609,62.036],[143.64,61.903],[143.936,61.973],[143.999,61.895],[143.96,61.756],[144.252,61.741],[144.516,61.845],[144.736,62.045],[144.734,62.094],[144.992,62.168],[145.209,62.302],[145.148,62.476],[145.437,62.531],[145.43,62.707],[145.353,62.747],[145.41,62.867],[145.249,63.16],[145.258,63.243],[145.44,63.379],[145.468,63.526],[145.675,63.672],[145.598,63.828],[146.172,63.929],[146.333,64.07],[146.384,64.179],[147.012,64.133],[147.252,64.027],[147.474,64.143],[147.652,64.067],[147.788,63.954],[148.018,63.936],[148.278,64.246],[148.125,64.294],[148.049,64.407],[148.225,64.442],[148.328,64.528],[148.501,64.51],[148.709,64.402],[149.041,64.431],[149.339,64.377],[149.871,64.562],[150.141,64.465],[150.017,64.351],[150.237,64.212],[150.637,64.171],[150.64,64.338],[151.002,64.334],[151.372,64.366],[151.481,64.42],[151.975,64.489],[152.15,64.351],[152.448,64.394],[152.359,64.508],[152.727,64.623],[152.847,64.7],[152.586,64.811],[152.519,64.977],[152.647,65.083],[152.661,65.168],[152.934,65.256],[153.501,65.346],[153.462,65.46],[153.577,65.69],[153.531,65.81],[153.957,65.873],[154.265,65.805],[154.416,65.95],[154.396,66.184],[154.664,66.181],[155.075,66.128],[155.263,66.181],[155.398,66.125],[155.828,66.14],[155.948,66.068],[156.346,66.061],[156.711,66.179],[157.034,66.007],[157.144,65.901],[157.448,65.911],[157.438,65.998],[157.621,66.023],[157.739,66.099],[158.163,66.134],[158.465,66.081],[158.432,66.203],[158.543,66.335],[158.369,66.43],[158.504,66.463],[158.712,66.688],[158.935,66.769],[158.714,67.037],[158.336,67.128],[157.811,67.308],[157.909,67.419],[157.731,67.517],[157.81,67.675],[157.937,67.718],[158.359,67.736],[158.104,67.914],[158.398,68.081],[158.647,68.127],[158.898,68.102],[159.245,68.19],[159.367,68.188],[160.073,68.267],[160.393,68.239],[161.029,68.284],[161.333,68.37],[161.644,68.376],[162.195,68.335],[162.395,68.274],[162.548,68.333],[162.564,68.483],[162.752,68.584],[162.603,68.685],[162.592,68.778],[162.799,68.823],[162.774,68.903],[162.58,68.961],[162.532,69.106],[162.794,69.171],[162.514,69.329],[162.543,69.374],[162.322,69.529],[162.47,69.656],[162.215,69.616],[161.984,69.505],[161.84,69.501],[161.483,69.341],[161.567,68.958],[161.669,68.885],[161.364,68.79],[161.363,68.976],[160.98,69.076],[161.046,69.287],[161.029,69.532],[160.818,69.64],[160.47,69.642],[159.854,69.774],[159.686,69.883],[159.86,69.976],[159.965,70.158],[160.096,70.253],[159.965,70.445],[159.583,70.692],[158.97,70.862],[158.436,70.958],[157.819,71.024],[157.018,71.076],[155.901,71.072],[154.496,70.958],[153.716,70.857],[152.966,70.812],[152.457,70.827],[151.992,70.935],[152.056,71.024],[151.656,71.28],[151.106,71.388],[150.687,71.338],[150.663,71.498],[150.108,71.508],[149.901,71.662],[149.613,71.643],[149.024,71.712],[149.279,71.833],[149.519,71.879],[149.704,71.747],[150.076,71.825],[150.101,71.902],[149.929,72.019],[149.414,72.178],[148.385,72.319],[147.614,72.327],[147.107,72.296],[146.729,72.096],[146.058,71.772],[145.335,71.654],[144.949,71.698],[144.91,71.767],[145.21,71.853],[145.839,71.935],[145.803,72.03],[145.629,72.093],[145.779,72.18],[146.243,72.152],[146.347,72.106],[146.008,72.015],[146.259,71.976],[146.563,72.094],[146.953,72.297],[146.498,72.311],[145.28,72.258],[144.767,72.22],[144.514,72.236],[144.794,72.404],[145.246,72.427],[145.397,72.341],[146.551,72.344],[146.524,72.385],[145.989,72.472],[144.467,72.627],[143.502,72.683],[142.178,72.707],[141.614,72.759],[141.338,72.842],[140.716,72.872],[140.767,72.794],[141.145,72.667],[141.186,72.581],[140.466,72.467],[139.753,72.496],[139.572,72.482],[139.153,72.25],[139.401,72.149],[139.614,72.223],[140.22,72.217],[140.304,72.179],[139.74,72.04],[139.811,71.653],[140.079,71.511],[139.927,71.46],[139.504,71.493],[139.237,71.403],[139.115,71.574],[138.802,71.633],[138.134,71.552],[137.935,71.383],[138.171,71.135],[137.854,71.146],[137.516,71.335],[137.133,71.416],[136.876,71.534],[136.369,71.584],[135.999,71.645],[135.649,71.636],[134.987,71.51],[134.88,71.42],[134.389,71.362],[134.071,71.38],[133.665,71.441],[133.164,71.595],[132.958,71.738],[132.779,71.764],[132.56,71.87],[132.187,71.56],[131.95,71.206],[131.746,70.968],[131.522,70.805],[131.325,70.723],[130.957,70.746],[130.931,70.84],[130.583,70.852],[130.388,70.898],[130.12,71.072],[129.852,71.085],[129.765,71.202],[129.466,71.302],[129.298,71.558],[128.909,71.596],[128.91,71.684],[128.506,71.955],[128.506,72.04],[127.884,72.24],[127.664,72.357],[127.322,72.395],[126.624,72.42],[126.629,72.511],[126.939,72.548],[127.403,72.699],[127.754,72.699],[127.854,72.761],[128.276,72.794],[128.388,72.972],[128.703,73.018],[128.933,73.192],[128.766,73.245],[128.281,73.249],[128.034,73.33],[127.803,73.466],[127.455,73.462],[127.008,73.516],[127.007,73.423],[125.619,73.535],[125.255,73.548],[125.228,73.635],[124.744,73.688],[124.425,73.799],[124.016,73.597],[123.489,73.581],[123.327,73.545],[123.451,73.443],[123.368,73.343],[123.652,73.182],[123.397,73.052],[123.259,72.902],[122.645,72.84],[121.753,72.951],[121.442,72.961],[121.133,72.924],[120.649,72.974],[119.855,73.014],[119.14,73.082],[118.51,73.177],[118.383,73.381],[118.627,73.562],[117.978,73.579],[117.41,73.57],[116.657,73.667],[116.226,73.66],[115.586,73.711],[115.249,73.695],[114.979,73.607],[114.318,73.598],[113.725,73.53],[113.543,73.464],[113.871,73.346],[113.581,73.316],[113.197,73.439],[113.461,73.63],[113.179,73.866],[112.812,73.718],[112.293,73.7],[111.675,73.754],[111.319,73.853],[110.899,73.766]]],[[[161.441,68.906],[161.536,68.897],[161.529,68.975],[161.446,69.048],[161.466,69.18],[161.113,69.207],[161.157,69.053],[161.334,69.028],[161.502,68.95],[161.441,68.906]]],[[[161.454,69.452],[161.666,69.476],[161.663,69.578],[161.412,69.557],[161.454,69.452]]],[[[161.415,69.475],[161.095,69.447],[161.241,69.232],[161.421,69.292],[161.337,69.415],[161.415,69.475]]],[[[137.461,71.483],[137.747,71.41],[138.019,71.499],[137.984,71.573],[137.377,71.588],[137.461,71.483]]],[[[129.023,72.203],[129.443,72.301],[129.032,72.344],[128.857,72.31],[129.023,72.203]]],[[[127.266,72.516],[126.719,72.499],[126.743,72.428],[127.116,72.464],[127.266,72.516]]],[[[127.969,72.529],[127.667,72.448],[127.882,72.4],[128.597,72.389],[128.793,72.449],[128.162,72.554],[127.969,72.529]]],[[[136.234,75.624],[135.962,75.683],[135.609,75.675],[135.641,75.575],[135.536,75.37],[135.873,75.375],[135.964,75.492],[136.234,75.624]]],[[[146.25,75.347],[146.301,75.171],[146.778,75.099],[147.15,75.002],[147.692,74.953],[148.109,74.795],[148.711,74.737],[149.174,74.728],[149.644,74.757],[150.066,74.818],[150.63,74.861],[150.695,75.008],[150.611,75.084],[150.142,75.204],[149.34,75.261],[148.717,75.194],[148.564,75.215],[148.566,75.374],[147.951,75.396],[147.619,75.441],[147.117,75.318],[146.795,75.35],[146.647,75.432],[146.75,75.513],[146.516,75.587],[146.25,75.347]]],[[[112.5,74.519],[112.02,74.539],[112.055,74.362],[111.666,74.367],[111.511,74.297],[111.971,74.215],[112.208,74.135],[112.834,74.079],[112.985,74.184],[113.223,74.215],[113.456,74.413],[113.086,74.507],[112.5,74.519]]],[[[143.438,74.996],[142.647,75.108],[142.209,75.364],[142.105,75.509],[142.421,75.739],[142.942,75.726],[143.021,75.583],[142.696,75.503],[142.533,75.34],[142.745,75.3],[142.974,75.135],[143.372,75.05],[143.781,75.066],[144.084,75.012],[144.389,75.051],[144.726,75.148],[144.857,75.429],[145.175,75.497],[145.26,75.569],[144.624,75.7],[144.419,75.704],[144.057,75.799],[143.452,75.846],[143.164,75.798],[142.608,75.856],[141.815,76.105],[141.569,76.05],[141.043,76.003],[140.966,75.93],[141.032,75.743],[141.187,75.631],[140.965,75.595],[140.476,75.623],[140.466,75.79],[140.163,75.8],[139.836,75.871],[140.005,75.943],[139.601,75.985],[138.816,76.199],[138.268,76.119],[138.103,75.999],[137.653,75.989],[137.441,75.881],[137.612,75.79],[137.161,75.729],[137.284,75.456],[137.471,75.379],[136.953,75.264],[137.358,75.055],[137.865,74.941],[138.176,74.757],[138.657,74.717],[139.034,74.64],[139.456,74.706],[139.777,74.945],[140.189,74.805],[140.841,74.883],[141.554,74.929],[141.974,74.917],[142.359,74.814],[142.868,74.873],[143.472,74.888],[143.438,74.996]]],[[[142.031,73.261],[142.486,73.219],[142.734,73.228],[143.231,73.181],[143.537,73.234],[143.52,73.482],[143.195,73.629],[142.622,73.809],[142.066,73.908],[141.308,73.832],[140.918,73.768],[140.796,73.617],[140.372,73.444],[139.834,73.431],[139.986,73.342],[140.543,73.424],[140.94,73.406],[141.418,73.317],[142.031,73.261]]],[[[140.625,73.896],[140.981,73.981],[141.074,74.065],[141.066,74.229],[140.872,74.268],[140.419,74.256],[140.214,74.211],[140.173,74.113],[140.34,73.95],[140.625,73.896]]],[[[136.069,73.92],[136.271,73.981],[135.61,74.22],[135.448,74.159],[136.069,73.92]]]]},"properties":{"name":"Sakha Republic","iso3":"RUS","isoCode":"RU-SA","id":"RUS-sakha-republic"}},
{"type":"Feature","geometry":{"type":"Polygon","coordinates":[[[47.431,50.378],[47.612,50.464],[47.938,50.244],[48.095,50.1],[48.132,49.998],[48.24,49.87],[48.362,49.825],[48.746,49.921],[48.903,50.018],[48.732,50.257],[48.652,50.601],[48.814,50.595],[49.009,50.683],[49.126,50.785],[49.42,50.849],[49.394,51.09],[49.776,51.107],[50.039,51.251],[50.251,51.281],[50.338,51.382],[50.543,51.464],[50.538,51.589],[50.813,51.649],[50.768,51.773],[50.701,51.82],[50.702,51.933],[50.52,51.994],[50.352,51.982],[50.218,52.036],[50,52.173],[49.798,52.173],[49.73,52.273],[49.51,52.324],[49.352,52.465],[49.171,52.5],[48.912,52.468],[48.727,52.543],[48.693,52.64],[48.531,52.675],[48.349,52.662],[48.429,52.814],[48.197,52.769],[48.064,52.676],[47.934,52.647],[47.812,52.736],[47.724,52.568],[47.54,52.61],[47.207,52.548],[47.157,52.584],[46.801,52.621],[46.572,52.702],[46.326,52.681],[46.268,52.61],[46.004,52.508],[45.962,52.397],[45.796,52.415],[45.621,52.478],[45.443,52.4],[45.148,52.419],[45.009,52.324],[44.893,52.357],[44.853,52.448],[44.613,52.481],[44.402,52.407],[44.317,52.316],[44.032,52.328],[43.78,52.427],[43.658,52.395],[43.336,52.375],[43.179,52.452],[43.04,52.371],[42.942,52.336],[42.889,52.212],[42.776,52.182],[42.79,52.059],[42.713,51.996],[42.668,51.807],[42.515,51.712],[42.521,51.596],[42.566,51.538],[42.75,51.492],[42.833,51.392],[42.881,51.233],[43.195,51.111],[43.359,50.999],[43.694,51.108],[44.185,51.093],[44.228,51.199],[44.345,51.174],[44.477,51.211],[44.899,51.115],[44.993,51.146],[45.192,51.043],[45.224,50.935],[45.326,50.862],[45.193,50.585],[45.405,50.613],[45.684,50.576],[45.679,50.667],[45.744,50.757],[45.893,50.75],[46.035,50.665],[46.061,50.526],[46.425,50.547],[46.568,50.69],[46.738,50.666],[46.871,50.577],[46.912,50.49],[47.206,50.509],[47.272,50.379],[47.431,50.378]]]},"properties":{"name":"Saratov Oblast","iso3":"RUS","isoCode":"RU-SAR","id":"RUS-saratov-oblast"}},
{"type":"Feature","geometry":{"type":"Polygon","coordinates":[[[30.925,55.623],[30.935,55.4],[30.831,55.334],[30.996,55.144],[30.953,54.998],[30.752,54.81],[30.931,54.751],[31.013,54.675],[31.211,54.632],[31.086,54.509],[31.233,54.466],[31.319,54.338],[31.312,54.252],[31.495,54.159],[31.676,54.103],[31.898,54.083],[31.892,53.966],[31.774,53.811],[31.894,53.778],[32.1,53.815],[32.395,53.73],[32.478,53.549],[32.757,53.458],[32.763,53.424],[33.067,53.689],[33.221,53.732],[33.299,53.817],[33.249,53.891],[33.507,54.016],[33.453,54.081],[33.629,54.187],[33.688,54.295],[33.629,54.371],[33.649,54.508],[33.761,54.565],[33.985,54.58],[34.182,54.52],[34.445,54.517],[34.626,54.661],[34.907,54.768],[34.873,54.901],[35,54.915],[35.115,55.038],[35.209,55.063],[35.338,55.199],[35.334,55.272],[35.274,55.331],[35.325,55.48],[35.3,55.582],[35.319,55.794],[35.148,55.958],[35.065,55.981],[34.745,55.978],[34.632,55.913],[34.407,55.999],[34.086,56.027],[33.916,56.067],[33.822,55.962],[33.672,55.954],[33.648,55.844],[33.487,55.761],[33.196,55.703],[33.117,55.636],[32.843,55.653],[32.383,55.722],[32.092,55.687],[32.034,55.766],[31.836,55.774],[31.483,55.719],[31.038,55.761],[30.925,55.623]]]},"properties":{"name":"Smolensk Oblast","iso3":"RUS","isoCode":"RU-SMO","id":"RUS-smolensk-oblast"}},
{"type":"Feature","geometry":{"type":"Polygon","coordinates":[[[41.161,45.952],[41.167,45.674],[40.848,45.694],[40.846,45.517],[40.923,45.517],[41.035,45.226],[41.353,45.223],[41.352,45.09],[41.456,44.988],[41.654,44.986],[41.639,44.864],[41.56,44.738],[41.427,44.708],[41.59,44.516],[41.736,44.474],[41.925,44.496],[41.921,44.41],[42.03,44.353],[42.215,44.351],[42.347,44.311],[42.609,44.312],[42.552,44.224],[42.335,44.133],[42.376,43.972],[42.585,44.026],[42.66,43.937],[42.678,43.81],[42.855,43.802],[42.866,43.868],[42.981,43.899],[43.148,43.895],[43.225,43.959],[43.313,43.804],[43.474,43.866],[43.745,43.819],[43.771,43.928],[43.922,44.02],[43.987,43.971],[44.144,43.97],[44.269,43.918],[44.293,43.81],[44.473,43.801],[44.597,43.829],[44.803,43.807],[44.833,43.682],[44.891,43.659],[45.066,43.72],[45.054,43.958],[45.202,43.957],[45.201,43.876],[45.438,43.876],[45.491,44.008],[45.503,44.176],[45.103,44.191],[45.137,44.254],[45.372,44.29],[45.429,44.429],[45.227,44.468],[45.261,44.589],[45.412,44.594],[45.656,44.804],[45.613,44.874],[45.705,44.977],[45.59,45.126],[44.793,45.429],[44.452,45.507],[44.181,45.635],[44.091,45.796],[43.919,45.944],[43.723,45.983],[43.47,45.989],[43.31,46.09],[43.002,46.169],[42.932,46.236],[42.738,46.091],[42.557,46.008],[42.318,45.97],[42.33,46.135],[42.171,46.11],[42.083,45.966],[41.714,45.982],[41.393,45.997],[41.393,45.952],[41.161,45.952]]]},"properties":{"name":"Stavropol Krai","iso3":"RUS","isoCode":"RU-STA","id":"RUS-stavropol-krai"}},
{"type":"Feature","geometry":{"type":"Polygon","coordinates":[[[90.487,52.196],[90.143,52.148],[90.158,52.061],[90.045,51.974],[90.081,51.819],[89.925,51.756],[89.711,51.562],[89.606,51.532],[89.44,51.607],[89.236,51.554],[89.207,51.659],[89.071,51.588],[88.792,51.554],[89.009,51.394],[88.96,51.248],[89.05,51.16],[89.054,51.047],[89.379,50.861],[89.664,50.57],[89.851,50.525],[89.865,50.47],[89.707,50.384],[89.41,50.336],[89.344,50.264],[89.367,50.182],[89.517,50.193],[89.588,50.085],[89.594,49.912],[90.017,49.99],[90.002,50.054],[90.285,50.111],[90.389,50.193],[90.581,50.244],[90.903,50.408],[91.16,50.42],[91.293,50.47],[91.409,50.451],[91.458,50.552],[91.649,50.589],[91.649,50.642],[91.856,50.735],[92.072,50.696],[92.27,50.729],[92.358,50.885],[92.588,50.726],[92.727,50.717],[92.788,50.806],[93.009,50.793],[93.01,50.606],[93.225,50.59],[93.397,50.635],[93.703,50.586],[93.856,50.601],[94.24,50.588],[94.342,50.501],[94.39,50.214],[94.522,50.173],[94.615,50.035],[94.761,50.055],[94.999,50.044],[95.082,49.963],[95.572,49.944],[95.796,49.964],[95.843,50.044],[96.261,49.977],[96.417,49.877],[96.512,49.941],[96.601,49.877],[96.741,49.908],[96.995,49.893],[97.01,49.833],[97.231,49.743],[97.422,49.781],[97.581,49.858],[97.555,49.923],[97.78,49.994],[97.898,49.984],[98.07,50.036],[98.11,50.131],[98.308,50.323],[98.269,50.396],[98.328,50.475],[98.273,50.539],[98.097,50.597],[98.008,50.669],[97.979,50.784],[98.033,50.865],[97.855,50.967],[97.954,51.334],[98.05,51.45],[98.224,51.457],[98.234,51.548],[98.379,51.74],[98.764,51.87],[98.862,52.136],[98.969,52.143],[98.833,52.274],[98.657,52.289],[98.633,52.423],[98.829,52.543],[98.787,52.606],[98.933,52.659],[98.924,52.932],[99.171,52.865],[99.23,52.963],[99,53.027],[99.01,53.103],[98.665,53.153],[98.637,53.101],[98.311,53.105],[98.297,53.227],[98.005,53.248],[97.939,53.35],[97.589,53.377],[97.454,53.456],[97.39,53.544],[97.01,53.653],[96.896,53.725],[96.742,53.727],[96.688,53.646],[96.628,53.557],[96.44,53.536],[96.241,53.619],[96.232,53.517],[95.967,53.491],[95.724,53.515],[95.65,53.459],[95.439,53.4],[95.284,53.41],[95.218,53.469],[95.036,53.366],[94.969,53.405],[94.72,53.376],[94.618,53.331],[94.717,53.241],[94.602,53.168],[94.583,52.997],[94.493,52.892],[94.303,52.9],[94.147,52.821],[94.093,52.676],[93.754,52.428],[93.677,52.216],[93.338,52.128],[93.119,51.966],[92.958,51.916],[92.891,51.844],[92.696,51.851],[92.539,51.791],[92.255,51.823],[92.078,51.772],[91.804,51.887],[91.548,51.909],[91.179,51.902],[91.072,51.952],[90.913,51.927],[90.823,51.961],[90.714,52.09],[90.633,52.094],[90.487,52.196]]]},"properties":{"name":"Tuva","iso3":"RUS","isoCode":"RU-TY","id":"RUS-tuva"}},
{"type":"Feature","geometry":{"type":"Polygon","coordinates":[[[31.483,55.719],[31.836,55.774],[32.034,55.766],[32.092,55.687],[32.383,55.722],[32.843,55.653],[33.117,55.636],[33.196,55.703],[33.487,55.761],[33.648,55.844],[33.672,55.954],[33.822,55.962],[33.916,56.067],[34.086,56.027],[34.407,55.999],[34.632,55.913],[34.745,55.978],[35.065,55.981],[35.148,55.958],[35.338,56.093],[35.285,56.125],[35.475,56.277],[35.483,56.384],[35.62,56.477],[35.741,56.391],[36.074,56.363],[36.127,56.4],[36.741,56.546],[36.813,56.579],[37.059,56.531],[37.148,56.587],[37.174,56.696],[37.067,56.756],[37.443,56.797],[37.548,56.918],[37.758,56.95],[37.982,56.864],[38.01,56.771],[38.244,56.793],[38.102,56.871],[38.258,57.042],[38.15,57.225],[38.326,57.282],[38.275,57.368],[38.017,57.336],[37.871,57.399],[37.836,57.596],[37.38,57.837],[37.408,57.94],[37.605,58.077],[37.583,58.162],[37.438,58.188],[37.369,58.338],[37.628,58.483],[37.414,58.583],[37.071,58.863],[36.782,58.8],[36.829,58.742],[36.656,58.694],[36.53,58.6],[36.503,58.515],[36.182,58.512],[35.877,58.423],[35.645,58.46],[35.471,58.41],[35.304,58.41],[35.257,58.274],[35.051,58.195],[34.975,58.226],[34.723,58.216],[34.721,58.09],[34.171,58.213],[33.815,58.139],[33.697,58.153],[33.529,58.058],[33.685,58],[33.684,57.906],[33.547,57.851],[33.569,57.713],[33.421,57.702],[33.231,57.535],[33.264,57.422],[33.078,57.466],[32.707,57.434],[32.632,57.335],[32.156,57.184],[31.906,57.086],[31.725,57.092],[31.64,56.992],[31.396,56.909],[31.241,56.952],[31.101,56.931],[30.979,56.97],[30.935,56.866],[30.768,56.76],[30.888,56.645],[31.058,56.646],[31.012,56.48],[31.213,56.427],[31.228,56.342],[31.467,56.258],[31.449,56.133],[31.508,56.05],[31.368,55.969],[31.407,55.806],[31.483,55.719]]]},"properties":{"name":"Tver Oblast","iso3":"RUS","isoCode":"RU-TVE","id":"RUS-tver-oblast"}},
{"type":"Feature","geometry":{"type":"Polygon","coordinates":[[[51.444,56.127],[51.412,55.967],[51.813,55.927],[52.01,55.974],[52.156,55.904],[52.206,56.021],[52.457,56.083],[52.724,55.989],[52.746,56.068],[52.871,56.115],[52.838,56.19],[52.555,56.243],[52.812,56.397],[52.924,56.401],[52.998,56.196],[53.19,56.109],[53.37,56.102],[53.307,56.25],[53.554,56.243],[53.452,56.019],[53.2,55.926],[53.348,55.855],[53.697,55.926],[53.845,56.045],[54.036,56.022],[54.2,56.201],[54.398,56.264],[54.378,56.379],[54.051,56.604],[53.885,56.663],[54.086,56.812],[54.154,56.979],[54.341,56.973],[54.436,57.031],[54.315,57.091],[54.311,57.306],[54.142,57.317],[54.155,57.401],[54.292,57.433],[53.992,57.559],[54.148,57.707],[54.136,57.958],[53.881,58.2],[53.887,58.314],[53.786,58.456],[53.621,58.474],[53.374,58.384],[53.214,58.401],[53.18,58.501],[52.893,58.534],[52.843,58.393],[52.359,58.434],[52.17,58.489],[51.965,58.453],[51.796,58.338],[51.687,58.177],[51.898,58.012],[51.825,57.914],[51.954,57.767],[51.851,57.619],[51.706,57.517],[51.53,57.458],[51.165,57.441],[51.124,57.243],[51.208,57.2],[51.22,57.086],[51.342,56.943],[51.533,56.856],[51.391,56.767],[51.393,56.667],[51.18,56.685],[51.138,56.529],[51.197,56.434],[51.404,56.286],[51.444,56.127]]]},"properties":{"name":"Udmurtia","iso3":"RUS","isoCode":"RU-UD","id":"RUS-udmurtia"}},
{"type":"Feature","geometry":{"type":"Polygon","coordinates":[[[37.269,54.842],[37.096,55.032],[37.046,55.142],[36.937,55.241],[36.829,55.196],[36.535,55.307],[36.385,55.294],[36.265,55.171],[35.814,55.246],[35.741,55.296],[35.446,55.229],[35.334,55.272],[35.338,55.199],[35.209,55.063],[35.115,55.038],[35,54.915],[34.873,54.901],[34.907,54.768],[34.626,54.661],[34.445,54.517],[34.182,54.52],[33.985,54.58],[33.761,54.565],[33.649,54.508],[33.629,54.371],[33.688,54.295],[33.629,54.187],[33.453,54.081],[33.507,54.016],[33.73,54.018],[33.806,53.896],[34.046,53.862],[34.201,53.912],[34.408,53.734],[34.515,53.508],[34.638,53.383],[35.002,53.37],[35.141,53.279],[35.384,53.337],[35.384,53.398],[35.529,53.444],[35.63,53.542],[35.795,53.525],[35.909,53.641],[35.991,53.626],[35.958,53.718],[35.984,53.908],[36.217,54.089],[36.092,54.182],[36.698,54.294],[36.812,54.272],[36.931,54.343],[36.876,54.447],[36.906,54.561],[36.982,54.605],[37.142,54.567],[37.246,54.709],[37.269,54.842]]]},"properties":{"name":"Kaluga Oblast","iso3":"RUS","isoCode":"RU-KLU","id":"RUS-kaluga-oblast"}},
{"type":"Feature","geometry":{"type":"Polygon","coordinates":[[[37.866,53.012],[37.832,52.95],[37.891,52.74],[37.809,52.707],[37.802,52.515],[38.058,52.297],[37.851,52.213],[37.738,52.019],[37.868,51.901],[38.05,51.888],[38.293,51.966],[38.556,52.056],[38.742,52.042],[38.877,52.097],[39.015,51.985],[39.294,52.103],[39.473,52.074],[39.488,51.978],[39.841,51.921],[39.929,51.97],[40.127,51.986],[40.309,51.945],[40.534,51.946],[40.609,52.117],[40.696,52.23],[40.572,52.278],[40.513,52.355],[40.293,52.392],[40.296,52.441],[39.977,52.597],[39.929,52.72],[40.083,52.755],[40.037,52.894],[40.155,53.046],[40.097,53.276],[40.171,53.313],[40.143,53.381],[39.99,53.404],[39.933,53.514],[39.745,53.583],[39.552,53.526],[39.548,53.427],[39.189,53.394],[39.054,53.579],[38.938,53.574],[38.723,53.529],[38.764,53.358],[38.548,53.328],[38.578,53.188],[38.671,53.13],[38.562,52.996],[38.231,52.995],[38.122,53.054],[37.925,53.056],[37.866,53.012]]]},"properties":{"name":"Lipetsk Oblast","iso3":"RUS","isoCode":"RU-LIP","id":"RUS-lipetsk-oblast"}},
{"type":"Feature","geometry":{"type":"Polygon","coordinates":[[[144.736,62.045],[144.988,62.052],[145.211,61.964],[145.294,62.003],[145.553,61.955],[145.746,62.041],[145.965,62.004],[146.348,61.841],[146.74,61.468],[146.698,61.305],[146.757,61.21],[146.703,60.949],[146.479,60.915],[146.501,60.79],[146.444,60.671],[146.336,60.653],[146.082,60.736],[145.896,60.617],[145.714,60.595],[145.531,60.496],[145.53,60.422],[145.637,60.265],[145.857,60.17],[146.218,60.21],[146.35,60.249],[146.5,60.123],[146.689,60.087],[146.702,59.972],[146.801,59.905],[146.942,59.952],[147.116,59.889],[147.217,59.734],[147.103,59.47],[146.942,59.368],[147.159,59.32],[147.3,59.334],[147.475,59.248],[147.878,59.385],[148.202,59.409],[148.402,59.376],[148.441,59.269],[148.904,59.24],[148.951,59.343],[148.718,59.38],[148.769,59.497],[148.932,59.453],[149.097,59.547],[149.057,59.623],[149.482,59.749],[149.815,59.735],[150.136,59.66],[150.459,59.616],[150.602,59.54],[150.771,59.564],[150.752,59.434],[150.942,59.473],[150.898,59.556],[151.134,59.584],[151.327,59.563],[151.681,59.442],[151.768,59.342],[152,59.265],[152.172,59.291],[152.322,59.23],[152.114,59.15],[151.754,59.129],[151.444,59.161],[151.22,59.087],[151.123,59.095],[151.368,58.839],[151.544,58.867],[151.691,58.843],[152.064,58.888],[152.162,58.983],[152.409,59.023],[152.718,58.918],[152.905,58.944],[153.014,59.066],[153.351,59.102],[153.36,59.221],[153.499,59.233],[153.841,59.168],[153.943,59.069],[154.055,59.049],[154.348,59.125],[154.333,59.203],[154.503,59.221],[154.625,59.165],[155.029,59.172],[155.202,59.237],[155.21,59.347],[155.013,59.478],[154.793,59.464],[154.646,59.542],[154.429,59.524],[154.294,59.437],[154.161,59.448],[154.076,59.524],[154.249,59.669],[154.209,59.877],[154.484,59.892],[154.411,60.067],[154.584,60.105],[154.972,60.371],[155.148,60.414],[155.351,60.526],[155.92,60.752],[155.959,60.923],[156.388,61.154],[156.657,61.203],[156.634,61.423],[156.688,61.528],[156.948,61.561],[157.034,61.648],[157.288,61.697],[157.47,61.784],[157.813,61.782],[158.079,61.735],[158.272,61.826],[158.699,61.838],[158.899,61.899],[159.2,61.917],[159.396,61.877],[159.524,61.796],[159.543,61.665],[159.702,61.711],[159.879,61.705],[160.031,61.846],[160.366,61.939],[160.41,61.762],[160.279,61.554],[159.913,61.29],[160.005,61.107],[159.834,60.95],[159.948,60.941],[160.09,61.016],[160.373,61.043],[160.428,60.988],[160.179,60.821],[160.252,60.735],[160.153,60.663],[160.295,60.62],[160.383,60.696],[160.682,60.76],[160.79,60.729],[160.909,60.896],[161.176,60.989],[161.451,61.131],[161.668,61.281],[161.985,61.373],[162.222,61.546],[162.466,61.665],[162.467,61.804],[162.294,61.942],[162.491,61.955],[162.524,62.083],[162.168,62.149],[162.398,62.239],[162.69,62.253],[162.786,62.312],[162.781,62.451],[162.681,62.571],[162.827,62.661],[162.61,62.713],[162.565,62.83],[162.28,62.903],[162.304,63.065],[162.756,63.166],[162.749,63.385],[162.971,63.48],[162.996,63.624],[162.744,63.742],[162.724,63.82],[162.954,63.923],[162.823,64.009],[162.802,64.103],[162.991,64.186],[163.18,64.157],[163.414,64.446],[163.235,64.512],[163.177,64.619],[163.265,64.693],[162.962,64.657],[162.752,64.662],[162.65,64.741],[162.319,64.744],[161.848,64.825],[161.692,65.015],[161.476,65.063],[161.318,65.148],[161.019,65.178],[160.675,65.149],[160.512,65.203],[160.209,65.362],[160.241,65.433],[160.093,65.502],[158.952,65.727],[158.898,65.814],[159.028,65.988],[159.26,66.164],[159.216,66.216],[158.783,66.266],[158.543,66.335],[158.432,66.203],[158.465,66.081],[158.163,66.134],[157.739,66.099],[157.621,66.023],[157.438,65.998],[157.448,65.911],[157.144,65.901],[157.034,66.007],[156.711,66.179],[156.346,66.061],[155.948,66.068],[155.828,66.14],[155.398,66.125],[155.263,66.181],[155.075,66.128],[154.664,66.181],[154.396,66.184],[154.416,65.95],[154.265,65.805],[153.957,65.873],[153.531,65.81],[153.577,65.69],[153.462,65.46],[153.501,65.346],[152.934,65.256],[152.661,65.168],[152.647,65.083],[152.519,64.977],[152.586,64.811],[152.847,64.7],[152.727,64.623],[152.359,64.508],[152.448,64.394],[152.15,64.351],[151.975,64.489],[151.481,64.42],[151.372,64.366],[151.002,64.334],[150.64,64.338],[150.637,64.171],[150.237,64.212],[150.017,64.351],[150.141,64.465],[149.871,64.562],[149.339,64.377],[149.041,64.431],[148.709,64.402],[148.501,64.51],[148.328,64.528],[148.225,64.442],[148.049,64.407],[148.125,64.294],[148.278,64.246],[148.018,63.936],[147.788,63.954],[147.652,64.067],[147.474,64.143],[147.252,64.027],[147.012,64.133],[146.384,64.179],[146.333,64.07],[146.172,63.929],[145.598,63.828],[145.675,63.672],[145.468,63.526],[145.44,63.379],[145.258,63.243],[145.249,63.16],[145.41,62.867],[145.353,62.747],[145.43,62.707],[145.437,62.531],[145.148,62.476],[145.209,62.302],[144.992,62.168],[144.734,62.094],[144.736,62.045]]]},"properties":{"name":"Magadan Oblast","iso3":"RUS","isoCode":"RU-MAG","id":"RUS-magadan-oblast"}},
{"type":"Feature","geometry":{"type":"Polygon","coordinates":[[[45.814,53.976],[46.004,53.981],[46.185,53.912],[46.173,53.797],[46.279,53.79],[46.445,53.65],[46.504,53.481],[46.65,53.469],[46.792,53.373],[46.908,53.363],[46.864,53.178],[46.93,53.171],[46.918,52.92],[46.971,52.81],[46.94,52.722],[46.818,52.698],[46.801,52.621],[47.157,52.584],[47.207,52.548],[47.54,52.61],[47.724,52.568],[47.812,52.736],[47.934,52.647],[48.064,52.676],[48.197,52.769],[48.429,52.814],[48.58,52.864],[48.523,52.949],[48.36,52.957],[48.364,53.055],[48.249,53.066],[48.112,53.204],[48.159,53.23],[47.935,53.367],[48.094,53.485],[48.369,53.474],[48.499,53.649],[48.512,53.758],[48.67,53.705],[48.782,53.732],[48.995,53.707],[48.996,53.875],[49.312,53.872],[49.703,53.83],[50.023,53.818],[49.928,53.889],[50.224,54.07],[50.243,54.22],[50.092,54.507],[49.7,54.579],[49.56,54.562],[49.551,54.668],[49.476,54.779],[49.327,54.868],[49.126,54.802],[48.882,54.796],[48.882,54.625],[48.465,54.625],[48.281,54.663],[48.098,54.739],[47.903,54.696],[47.718,54.735],[47.623,54.565],[47.539,54.53],[47.356,54.627],[47.291,54.674],[47.268,54.673],[46.95,54.68],[46.8,54.638],[46.443,54.762],[46.525,54.655],[46.536,54.399],[46.718,54.401],[46.664,54.295],[46.394,54.241],[46.339,54.191],[46.059,54.168],[45.971,54.129],[45.814,53.976]]]},"properties":{"name":"Ulyanovsk Oblast","iso3":"RUS","isoCode":"RU-ULY","id":"RUS-ulyanovsk-oblast"}},
{"type":"Feature","geometry":{"type":"Polygon","coordinates":[[[41.793,55.101],[41.908,55.21],[42.017,55.377],[42.167,55.444],[42.065,55.587],[42.255,55.756],[42.393,55.789],[42.714,55.986],[42.689,56.088],[42.872,56.138],[42.756,56.272],[42.775,56.33],[42.614,56.407],[42.403,56.447],[42.218,56.44],[42.117,56.369],[41.979,56.374],[41.924,56.519],[41.555,56.475],[41.492,56.491],[41.035,56.489],[40.918,56.503],[40.767,56.594],[40.491,56.584],[40.458,56.535],[40.226,56.44],[40.026,56.48],[39.862,56.595],[39.901,56.77],[39.686,56.809],[39.402,56.771],[39.337,56.74],[39.333,56.596],[39.031,56.539],[38.632,56.583],[38.483,56.649],[38.318,56.659],[38.359,56.573],[38.298,56.495],[38.446,56.387],[38.398,56.271],[38.586,56.054],[38.838,55.914],[39.001,55.942],[39.117,55.846],[39.28,55.851],[39.47,55.774],[39.889,55.833],[39.886,55.761],[40.158,55.527],[40.191,55.365],[40.326,55.308],[40.527,55.302],[40.613,55.218],[40.726,55.208],[40.993,55.257],[41.108,55.213],[41.294,55.234],[41.437,55.144],[41.537,55.173],[41.793,55.101]]]},"properties":{"name":"Vladimir Oblast","iso3":"RUS","isoCode":"RU-VLA","id":"RUS-vladimir-oblast"}},
{"type":"Feature","geometry":{"type":"Polygon","coordinates":[[[47.072,60.844],[46.82,60.882],[46.824,60.963],[46.313,60.996],[46.3,60.969],[45.759,61.011],[45.809,61.162],[45.338,61.195],[45.251,60.894],[44.16,60.965],[44.181,61.061],[43.783,61.037],[43.735,60.881],[43.545,60.858],[43.524,60.766],[42.92,60.814],[42.658,60.888],[42.566,60.819],[42.376,60.768],[42.112,60.836],[41.509,60.895],[41.342,60.688],[41.141,60.636],[40.785,60.715],[40.575,60.72],[40.454,60.777],[40.334,60.699],[39.886,60.654],[39.799,60.724],[39.589,60.721],[39.149,60.675],[38.896,60.772],[38.807,60.708],[38.62,60.716],[38.587,60.798],[38.405,60.807],[38.392,60.893],[38.218,60.931],[38.211,61.064],[38.124,61.161],[37.873,61.29],[37.817,61.53],[37.305,61.51],[37.03,61.614],[36.884,61.563],[36.584,61.539],[36.459,61.407],[36.353,61.252],[36.398,61.147],[36.017,60.965],[35.693,60.891],[35.526,60.921],[35.462,60.857],[35.242,60.834],[35.176,60.77],[35.299,60.601],[35.238,60.291],[35.156,60.152],[35.321,59.981],[35.407,59.719],[35.495,59.652],[35.495,59.501],[35.437,59.424],[35.177,59.261],[34.849,59.201],[34.722,59.085],[34.865,59.056],[34.962,58.948],[35.179,58.949],[35.132,58.868],[35.279,58.786],[35.409,58.849],[35.579,58.81],[35.745,58.822],[35.783,58.754],[36.107,58.716],[36.223,58.576],[36.182,58.512],[36.503,58.515],[36.53,58.6],[36.656,58.694],[36.829,58.742],[36.782,58.8],[37.071,58.863],[37.414,58.583],[37.628,58.483],[37.712,58.626],[37.898,58.615],[38.065,58.73],[38.413,58.727],[38.557,58.773],[38.923,58.733],[39.11,58.938],[39.782,58.838],[39.871,58.752],[40.006,58.742],[40.186,58.555],[40.442,58.537],[40.609,58.585],[40.93,58.576],[41.052,58.607],[41.23,58.741],[41.259,58.838],[41.176,58.934],[41.349,58.952],[41.525,59.041],[41.714,59.085],[42.001,59.105],[42.099,59.25],[41.948,59.262],[42.035,59.43],[42.216,59.408],[42.203,59.328],[42.348,59.305],[42.636,59.328],[42.792,59.174],[43.175,59.263],[43.421,59.291],[43.611,59.19],[43.695,59.26],[44.091,59.234],[44.19,59.17],[45.04,59.122],[45.056,59.198],[45.34,59.216],[45.979,59.172],[46.02,59.324],[46.369,59.342],[46.409,59.619],[46.79,59.593],[47.118,59.599],[47.153,59.752],[46.922,59.765],[47.035,60.126],[46.761,60.062],[46.378,60.132],[46.33,60.215],[46.422,60.264],[46.816,60.297],[46.874,60.514],[47.013,60.625],[47.072,60.844]]]},"properties":{"name":"Vologda Oblast","iso3":"RUS","isoCode":"RU-VLG","id":"RUS-vologda-oblast"}},
{"type":"Feature","geometry":{"type":"Polygon","coordinates":[[[40.93,58.576],[40.609,58.585],[40.442,58.537],[40.186,58.555],[40.006,58.742],[39.871,58.752],[39.782,58.838],[39.11,58.938],[38.923,58.733],[38.557,58.773],[38.413,58.727],[38.065,58.73],[37.898,58.615],[37.712,58.626],[37.628,58.483],[37.369,58.338],[37.438,58.188],[37.583,58.162],[37.605,58.077],[37.408,57.94],[37.38,57.837],[37.836,57.596],[37.871,57.399],[38.017,57.336],[38.275,57.368],[38.326,57.282],[38.15,57.225],[38.258,57.042],[38.102,56.871],[38.244,56.793],[38.318,56.659],[38.483,56.649],[38.632,56.583],[39.031,56.539],[39.333,56.596],[39.337,56.74],[39.402,56.771],[39.374,56.82],[39.648,57.077],[39.846,57.171],[40.193,57.204],[40.263,57.286],[40.43,57.286],[40.448,57.535],[40.632,57.569],[40.673,57.697],[40.64,57.863],[40.681,57.983],[40.81,58.007],[41.037,58.283],[41.193,58.341],[41.048,58.442],[40.93,58.576]]]},"properties":{"name":"Yaroslavl Oblast","iso3":"RUS","isoCode":"RU-YAR","id":"RUS-yaroslavl-oblast"}},
{"type":"Feature","geometry":{"type":"Polygon","coordinates":[[[42.881,51.233],[42.833,51.392],[42.75,51.492],[42.566,51.538],[42.521,51.596],[42.344,51.588],[42.229,51.719],[42.071,51.657],[41.844,51.709],[41.429,51.772],[41.063,51.721],[40.882,51.739],[40.949,51.861],[40.846,51.922],[40.534,51.946],[40.309,51.945],[40.127,51.986],[39.929,51.97],[39.841,51.921],[39.488,51.978],[39.473,52.074],[39.294,52.103],[39.015,51.985],[38.877,52.097],[38.742,52.042],[38.556,52.056],[38.293,51.966],[38.429,51.945],[38.445,51.832],[38.386,51.684],[38.224,51.7],[38.183,51.613],[38.298,51.521],[38.289,51.296],[38.434,51.286],[38.388,51.077],[38.588,51.012],[38.742,51.072],[38.856,51.036],[38.74,50.905],[38.707,50.8],[38.855,50.716],[39.119,50.625],[39.015,50.455],[39.102,50.34],[39.16,50.141],[39.218,50.047],[39.18,49.889],[39.285,49.755],[39.444,49.76],[39.591,49.718],[39.66,49.615],[39.806,49.558],[40.135,49.617],[40.277,49.628],[40.375,49.588],[40.549,49.581],[40.637,49.673],[40.921,49.7],[41.047,49.809],[41.084,49.945],[41.298,50.021],[41.401,50.203],[41.522,50.363],[41.42,50.499],[41.448,50.606],[41.347,50.712],[41.169,50.776],[41.393,50.842],[41.471,50.95],[41.751,51.006],[41.858,51.159],[41.928,51.194],[42.087,51.148],[42.294,51.137],[42.596,51.153],[42.708,51.248],[42.881,51.233]]]},"properties":{"name":"Voronezh Oblast","iso3":"RUS","isoCode":"RU-VOR","id":"RUS-voronezh-oblast"}},
{"type":"Feature","geometry":{"type":"MultiPolygon","coordinates":[[[[84.441,62.196],[84.714,62.4],[84.923,62.476],[84.901,62.558],[85.1,62.632],[85.218,62.802],[85.462,62.881],[85.503,62.982],[85.619,63.031],[85.497,63.15],[85.568,63.284],[85.704,63.337],[85.42,63.434],[85.302,63.514],[85.078,63.534],[85.303,63.648],[85.33,63.798],[85.506,63.928],[85.967,64.049],[85.937,64.135],[86.007,64.272],[85.922,64.432],[85.804,64.497],[85.907,64.574],[85.819,64.68],[85.834,64.784],[85.53,64.853],[85.144,64.771],[85.001,64.828],[84.921,64.954],[84.431,64.905],[84.322,64.92],[84.383,65.202],[84.535,65.239],[84.528,65.458],[84,65.787],[83.563,65.762],[83.455,65.926],[83.269,66.049],[83.539,66.187],[83.257,66.376],[83.116,66.404],[83.083,66.576],[83.328,66.659],[83.145,66.83],[82.738,67.001],[82.133,67.219],[82.304,67.333],[82.232,67.409],[82.397,67.522],[82.028,67.645],[82.112,67.686],[81.855,67.798],[81.729,67.9],[81.974,67.96],[82.336,67.933],[82.398,67.971],[82.352,68.126],[82.552,68.167],[82.715,68.395],[82.633,68.597],[82.825,68.637],[82.801,68.759],[82.595,68.807],[82.396,69.174],[82.138,69.162],[81.852,69.194],[81.805,69.254],[81.961,69.353],[81.822,69.427],[81.641,69.414],[81.586,69.27],[81.342,69.283],[80.961,69.2],[80.699,69.32],[80.531,69.309],[80.237,69.366],[79.922,69.35],[79.641,69.466],[79.51,69.627],[79.167,69.738],[78.911,69.856],[79.116,69.933],[79.221,70.06],[79.507,70.112],[79.755,70.276],[80.024,70.332],[80.414,70.461],[80.618,70.454],[80.817,70.622],[80.643,70.712],[80.584,71.043],[79.997,71.116],[79.434,71.296],[79.22,71.307],[79.134,71.393],[79.314,71.454],[79.388,71.609],[79.827,71.585],[80.143,71.665],[80.073,71.827],[80.368,71.867],[80.228,71.931],[79.617,72.052],[79.07,72.077],[78.76,72.163],[78.459,72.315],[78.1,72.343],[77.88,72.303],[77.738,72.2],[77.398,72.101],[77.533,72.053],[77.906,72.103],[78.189,72.02],[78.129,71.878],[77.796,71.811],[77.459,71.849],[77.32,71.918],[76.806,72.051],[76.338,71.994],[76.037,71.905],[76.304,71.563],[76.719,71.453],[77.07,71.415],[77.26,71.33],[77.916,71.239],[78.312,71.229],[78.268,71.078],[78.51,70.913],[77.936,70.969],[77.847,71.104],[77.438,71.165],[77.225,71.158],[76.629,71.197],[76.271,71.196],[75.751,71.236],[75.296,71.332],[75.508,71.523],[75.481,71.647],[75.214,71.791],[75.373,71.945],[75.56,72.22],[75.701,72.25],[75.489,72.496],[75.645,72.533],[75.304,72.694],[75.437,72.751],[75.001,72.87],[74.766,72.804],[75.003,72.603],[75.073,72.26],[74.992,72.163],[74.598,72.013],[73.605,71.829],[73.393,71.577],[73.016,71.385],[73.538,71.227],[73.752,71.022],[73.903,70.962],[73.919,70.84],[74.218,70.699],[74.303,70.519],[74.225,70.427],[73.676,70.114],[73.784,70.062],[73.668,69.833],[73.532,69.741],[73.66,69.598],[73.852,69.49],[73.904,69.352],[73.781,69.164],[73.874,69.077],[74.216,69.123],[74.528,69.127],[74.802,69.074],[75.103,69.108],[75.456,69.239],[76.022,69.244],[76.379,69.155],[76.666,69.137],[76.937,69.004],[77.247,68.97],[77.367,68.912],[77.688,68.869],[77.744,68.71],[77.705,68.607],[77.92,68.514],[77.955,68.374],[78.117,68.234],[77.693,68.198],[77.528,68.12],[77.459,67.77],[77.547,67.722],[77.936,67.714],[78.069,67.641],[78.533,67.668],[78.878,67.598],[78.691,67.503],[78.537,67.549],[78.061,67.537],[77.618,67.607],[77.076,67.77],[77.294,67.885],[77.192,67.95],[77.199,68.098],[77.337,68.226],[77.162,68.246],[77.292,68.364],[77.29,68.492],[77.178,68.568],[76.653,68.744],[76.7,68.847],[76.598,68.964],[76.206,68.976],[75.628,68.897],[75.46,68.895],[74.565,68.738],[74.444,68.658],[74.471,68.503],[74.316,68.36],[74.626,68.209],[74.794,68.028],[74.792,67.762],[74.636,67.628],[74.108,67.426],[73.925,67.298],[73.955,67.198],[73.877,67],[73.625,66.931],[73.562,66.854],[73.007,66.721],[72.878,66.633],[72.472,66.589],[72.36,66.446],[72.412,66.35],[72.138,66.243],[71.802,66.237],[71.627,66.317],[71.196,66.352],[70.389,66.326],[69.892,66.403],[69.827,66.452],[69.445,66.484],[69.127,66.613],[69.114,66.771],[68.786,66.755],[68.841,66.867],[69.098,66.905],[69.659,66.806],[69.96,66.85],[70.101,66.738],[70.704,66.758],[70.857,66.818],[71.062,66.81],[71.443,66.958],[71.786,66.946],[71.956,67.035],[71.954,67.113],[72.208,67.14],[72.23,67.331],[72.4,67.317],[72.441,67.481],[72.562,67.605],[72.86,67.633],[73.098,67.724],[73.191,67.932],[73.057,68.036],[73.075,68.203],[73.42,68.369],[73.595,68.492],[73.409,68.603],[72.738,68.823],[72.552,68.95],[72.477,69.139],[72.609,69.267],[72.537,69.385],[72.634,69.503],[72.494,69.639],[72.669,69.758],[72.629,69.883],[72.494,69.983],[72.584,70.112],[72.401,70.247],[72.449,70.306],[72.739,70.397],[72.679,70.58],[72.803,70.843],[72.579,70.986],[72.564,71.132],[72.041,71.286],[71.868,71.417],[71.844,71.522],[72.144,71.598],[72.319,71.703],[72.325,71.857],[72.443,71.878],[72.714,72.208],[72.834,72.254],[72.69,72.595],[72.754,72.712],[71.625,72.889],[70.932,72.872],[70.277,72.881],[69.575,72.856],[69.257,72.797],[69.028,72.693],[68.841,72.414],[68.731,72.163],[68.554,71.879],[68.305,71.653],[67.946,71.519],[67.419,71.361],[66.941,71.274],[66.75,71.101],[66.905,71.015],[66.632,70.861],[66.909,70.777],[67.289,70.816],[67.437,70.714],[67.234,70.517],[67.346,70.443],[67.212,70.36],[67.128,70.217],[67.291,70.176],[67.38,70.02],[66.849,69.899],[66.808,69.704],[66.896,69.613],[67.138,69.66],[67.384,69.604],[67.683,69.583],[67.812,69.501],[68.133,69.512],[68.035,69.344],[68.137,69.208],[68.58,68.937],[68.771,68.903],[69.157,68.947],[68.964,68.649],[68.592,68.357],[68.536,68.256],[68.295,68.179],[68.166,68.231],[68.265,68.316],[68.155,68.395],[67.776,68.458],[67.677,68.545],[67.176,68.702],[67.06,68.814],[66.579,68.892],[66.067,69.029],[65.855,69.11],[65.402,69.169],[65.083,69.259],[64.712,69.08],[64.539,69.029],[64.591,68.861],[64.922,68.872],[65.085,68.811],[65.399,68.779],[65.403,68.682],[65.558,68.593],[65.609,68.489],[65.474,68.418],[65.297,68.252],[65.328,67.996],[65.432,67.91],[65.75,67.918],[65.903,67.961],[66.057,67.879],[66.056,67.783],[66.221,67.685],[65.846,67.668],[65.823,67.539],[66.092,67.514],[66.01,67.409],[65.699,67.381],[65.428,67.209],[65.181,67.143],[65.082,67.04],[65.14,66.909],[64.877,66.835],[64.559,66.799],[64.264,66.646],[63.975,66.633],[63.805,66.533],[63.418,66.467],[62.998,66.181],[62.833,65.997],[62.8,65.858],[62.468,65.823],[62,65.718],[62.265,65.632],[62.455,65.339],[62.872,65.291],[62.824,65.055],[62.695,64.873],[62.807,64.841],[62.812,64.736],[62.59,64.64],[62.558,64.559],[62.914,64.467],[63.247,64.52],[63.478,64.456],[63.611,64.271],[63.913,64.288],[64.043,64.359],[64.482,64.371],[64.604,64.443],[65.177,64.468],[65.376,64.556],[65.933,64.555],[66.199,64.591],[66.456,64.527],[66.711,64.554],[66.971,64.509],[66.99,64.452],[66.828,64.291],[66.867,64.203],[67.2,64.149],[67.468,64.078],[67.834,64.047],[68.452,64.288],[68.89,64.222],[69.036,64.323],[68.858,64.439],[69.282,64.474],[69.397,64.387],[69.725,64.396],[69.889,64.322],[70.292,64.343],[70.449,64.249],[70.663,64.239],[70.766,64.112],[70.559,64.015],[70.688,63.942],[70.923,63.703],[71.456,63.683],[71.563,63.571],[71.536,63.469],[71.645,63.193],[72.128,63.297],[72.663,63.282],[73.054,63.427],[73.263,63.335],[73.364,63.232],[73.498,63.188],[74.253,63.173],[74.524,63.036],[74.942,63.025],[75.317,63.098],[75.893,63.106],[76.267,63.013],[76.34,62.951],[76.667,63.035],[77.026,62.972],[77.137,62.811],[77.378,62.708],[77.87,62.576],[78.093,62.464],[78.406,62.56],[78.739,62.602],[79.843,62.609],[79.908,62.785],[80.093,62.818],[80.589,63.01],[80.588,63.078],[80.922,63.157],[81.15,62.969],[81.32,62.91],[81.396,62.816],[81.639,62.779],[81.841,62.696],[82.159,62.813],[82.291,62.766],[82.762,62.749],[82.759,62.66],[83.049,62.589],[83.023,62.526],[83.324,62.458],[83.814,62.57],[83.999,62.415],[84.239,62.381],[84.297,62.271],[84.441,62.196]]],[[[67.218,69.569],[67.032,69.481],[67.222,69.432],[67.371,69.502],[67.218,69.569]]],[[[69.99,73.125],[70.194,73.023],[70.466,73.018],[70.911,73.104],[71.37,73.155],[71.683,73.157],[71.457,73.292],[71.148,73.287],[71.043,73.457],[70.543,73.454],[70.099,73.308],[69.99,73.125]]],[[[77.867,72.332],[78.336,72.46],[78.131,72.565],[77.623,72.601],[77.317,72.506],[77.216,72.425],[76.866,72.304],[77.816,72.289],[77.867,72.332]]],[[[74.336,73.106],[74.114,72.993],[74.652,72.835],[74.625,72.942],[74.756,73.076],[74.336,73.106]]],[[[70.313,66.584],[70.59,66.511],[70.942,66.549],[70.749,66.657],[70.595,66.677],[70.298,66.634],[70.313,66.584]]],[[[71.016,66.759],[71.346,66.626],[71.495,66.702],[71.32,66.728],[71.273,66.725],[71.213,66.726],[71.16,66.755],[71.016,66.759]]],[[[71.016,66.796],[70.931,66.8],[70.897,66.757],[71.114,66.764],[71.166,66.756],[71.233,66.727],[71.33,66.732],[71.533,66.77],[71.404,66.866],[71.016,66.796]]]]},"properties":{"name":"Yamalo-Nenets Autonomous Okrug","iso3":"RUS","isoCode":"RU-YAN","id":"RUS-yamalo-nenets-autonomous-okrug"}},
{"type":"Feature","geometry":{"type":"Polygon","coordinates":[[[84.08,50.64],[84.249,50.516],[84.204,50.469],[84.326,50.229],[84.447,50.246],[84.628,50.211],[84.851,50.094],[85.039,50.048],[84.985,49.907],[85.06,49.885],[85.199,49.737],[85.21,49.627],[85.584,49.614],[85.678,49.55],[85.884,49.567],[85.969,49.487],[86.113,49.524],[86.202,49.466],[86.272,49.583],[86.371,49.594],[86.582,49.724],[86.59,49.807],[86.747,49.787],[86.618,49.57],[86.824,49.547],[86.926,49.349],[87.025,49.257],[87.269,49.233],[87.298,49.147],[87.454,49.086],[87.493,49.139],[87.695,49.176],[87.988,49.183],[88.17,49.294],[88.119,49.391],[88.222,49.48],[88.591,49.501],[88.733,49.452],[88.985,49.464],[89.195,49.52],[89.241,49.645],[89.36,49.584],[89.456,49.662],[89.661,49.7],[89.712,49.79],[89.594,49.912],[89.588,50.085],[89.517,50.193],[89.367,50.182],[89.344,50.264],[89.41,50.336],[89.707,50.384],[89.865,50.47],[89.851,50.525],[89.664,50.57],[89.379,50.861],[89.054,51.047],[89.05,51.16],[88.96,51.248],[89.009,51.394],[88.792,51.554],[88.662,51.531],[88.701,51.391],[88.445,51.285],[88.288,51.348],[88.156,51.348],[88.132,51.417],[87.98,51.466],[87.934,51.526],[88.004,51.642],[88.107,51.709],[87.891,51.813],[88.088,52],[88.252,52.046],[88.377,52.178],[88.448,52.426],[88.321,52.464],[88.252,52.4],[87.925,52.536],[87.653,52.422],[87.54,52.483],[87.372,52.499],[87.375,52.571],[87.127,52.615],[87.053,52.66],[86.782,52.604],[86.669,52.515],[86.642,52.403],[86.694,52.295],[86.781,52.295],[86.726,52.139],[86.649,52.106],[86.456,52.128],[86.403,52.036],[86.169,52.04],[85.919,52.106],[85.818,51.971],[85.854,51.891],[85.703,51.732],[85.503,51.701],[85.444,51.563],[85.244,51.499],[84.996,51.514],[84.898,51.438],[84.734,51.426],[84.634,51.347],[84.196,51.25],[84.121,51.071],[84.222,50.987],[84.491,50.948],[84.437,50.86],[84.58,50.83],[84.474,50.687],[84.289,50.687],[84.08,50.64]]]},"properties":{"name":"Altai Republic","iso3":"RUS","isoCode":"RU-AL","id":"RUS-altai-republic"}},
{"type":"Feature","geometry":{"type":"Polygon","coordinates":[[[40.43,57.286],[40.263,57.286],[40.193,57.204],[39.846,57.171],[39.648,57.077],[39.374,56.82],[39.402,56.771],[39.686,56.809],[39.901,56.77],[39.862,56.595],[40.026,56.48],[40.226,56.44],[40.458,56.535],[40.491,56.584],[40.767,56.594],[40.918,56.503],[41.035,56.489],[41.492,56.491],[41.555,56.475],[41.924,56.519],[41.979,56.374],[42.117,56.369],[42.218,56.44],[42.403,56.447],[42.614,56.407],[42.651,56.468],[42.897,56.47],[42.853,56.553],[42.898,56.646],[42.797,56.692],[42.871,56.809],[43.117,56.834],[43.251,56.895],[43.092,57.113],[43.11,57.208],[43.303,57.429],[42.896,57.371],[42.824,57.425],[42.884,57.655],[42.704,57.618],[42.466,57.622],[42.216,57.562],[42.023,57.589],[41.896,57.693],[41.604,57.739],[41.62,57.567],[41.567,57.453],[41.139,57.409],[41.018,57.318],[40.849,57.352],[40.635,57.292],[40.43,57.286]]]},"properties":{"name":"Ivanovo Oblast","iso3":"RUS","isoCode":"RU-IVA","id":"RUS-ivanovo-oblast"}},
{"type":"Feature","geometry":{"type":"Polygon","coordinates":[[[130.621,48.881],[130.6,48.758],[130.585,48.596],[130.607,48.566],[130.663,48.492],[130.817,48.285],[130.81,48.273],[130.805,48.265],[130.688,48.07],[130.791,47.977],[130.878,47.9],[130.957,47.724],[131.223,47.725],[131.285,47.732],[131.413,47.74],[131.553,47.716],[131.67,47.696],[131.776,47.678],[131.878,47.679],[131.914,47.681],[131.986,47.686],[132.483,47.717],[132.668,47.909],[132.758,47.934],[132.833,47.956],[133.167,48.108],[133.311,48.099],[133.464,48.109],[133.665,48.186],[133.725,48.214],[133.75,48.238],[133.958,48.29],[134.196,48.358],[134.307,48.374],[134.401,48.362],[134.456,48.372],[134.666,48.335],[134.72,48.308],[134.766,48.364],[134.838,48.389],[134.996,48.533],[134.977,48.603],[134.858,48.614],[134.736,48.57],[134.559,48.614],[134.408,48.746],[134.273,48.676],[134.096,48.634],[133.927,48.647],[133.786,48.733],[133.589,48.73],[133.478,48.822],[133.281,48.848],[133.224,48.961],[133.274,49.037],[133.055,49.215],[132.811,49.236],[132.783,49.33],[132.488,49.265],[132.408,49.37],[132.241,49.489],[132.111,49.494],[131.974,49.308],[131.668,49.312],[131.557,49.248],[131.42,49.255],[131.111,49.233],[131.016,49.037],[130.781,48.978],[130.63,48.881],[130.621,48.881]]]},"properties":{"name":"Jewish Autonomous Oblast","iso3":"RUS","isoCode":"RU-YEV","id":"RUS-jewish-autonomous-oblast"}},
{"type":"Feature","geometry":{"type":"Polygon","coordinates":[[[43.711,47.474],[43.793,47.268],[43.94,47.259],[43.964,47.4],[44.133,47.414],[44.135,47.545],[44.234,47.549],[44.312,47.478],[44.324,47.142],[44.248,46.89],[44.157,46.823],[43.912,46.714],[43.882,46.623],[43.931,46.535],[43.924,46.387],[43.751,46.361],[43.63,46.175],[43.333,46.169],[42.932,46.447],[42.598,46.384],[42.397,46.511],[42.2,46.558],[42.063,46.544],[42.101,46.374],[42.17,46.298],[41.962,46.298],[41.863,46.144],[41.697,46.215],[41.641,46.157],[41.714,45.982],[42.083,45.966],[42.171,46.11],[42.33,46.135],[42.318,45.97],[42.557,46.008],[42.738,46.091],[42.932,46.236],[43.002,46.169],[43.31,46.09],[43.47,45.989],[43.723,45.983],[43.919,45.944],[44.091,45.796],[44.181,45.635],[44.452,45.507],[44.793,45.429],[45.59,45.126],[45.705,44.977],[46.224,44.973],[46.512,44.93],[46.629,44.866],[46.895,44.812],[46.967,44.916],[47.069,44.839],[47.282,45.172],[47.381,45.41],[47.527,45.517],[47.538,45.618],[47.52,45.661],[47.296,45.677],[47.153,45.61],[46.969,45.619],[46.814,45.565],[46.694,45.648],[46.478,45.7],[46.55,45.798],[46.412,45.816],[46.295,45.914],[46.455,45.965],[46.449,46.178],[46.501,46.281],[46.663,46.441],[46.865,46.457],[46.95,46.524],[46.866,46.62],[46.957,46.715],[46.962,46.974],[46.817,46.992],[46.739,47.074],[46.536,47.403],[46.669,47.482],[46.873,47.549],[46.685,47.602],[46.399,47.413],[46.267,47.421],[46.008,47.565],[45.74,47.83],[45.699,48.032],[45.55,47.994],[45.379,48.1],[45.266,48.105],[45.168,48.222],[44.961,48.271],[44.926,48.12],[44.81,48.051],[44.541,48.05],[44.544,48.188],[44.326,48.239],[44.325,48.041],[44.423,47.956],[44.359,47.852],[44.083,47.899],[43.946,47.753],[43.715,47.718],[43.668,47.549],[43.711,47.474]]]},"properties":{"name":"Kalmykia","iso3":"RUS","isoCode":"RU-KL","id":"RUS-kalmykia"}},
{"type":"Feature","geometry":{"type":"MultiPolygon","coordinates":[[[[162.466,61.665],[162.577,61.643],[162.836,61.715],[162.942,61.642],[163.118,61.617],[163.343,61.702],[162.981,61.791],[163.024,61.917],[163.137,62.034],[163.083,62.221],[163.22,62.275],[163.196,62.442],[163.246,62.511],[164.005,62.643],[164.378,62.694],[164.611,62.682],[164.721,62.577],[165.033,62.508],[164.944,62.407],[164.735,62.456],[164.527,62.437],[164.438,62.359],[164.156,62.274],[164.076,62.096],[164.111,62.021],[164.051,61.687],[163.871,61.651],[163.75,61.464],[163.957,61.426],[164.029,61.356],[163.936,61.222],[163.766,61.177],[163.489,61.005],[163.773,60.917],[163.729,60.871],[163.389,60.802],[163.01,60.776],[162.776,60.638],[162.55,60.611],[162.401,60.539],[162.195,60.52],[162.004,60.426],[161.904,60.327],[161.95,60.256],[161.834,60.155],[161.462,60.008],[161.252,59.838],[161.051,59.745],[160.846,59.607],[160.488,59.549],[160.428,59.42],[159.858,59.128],[159.724,58.987],[159.738,58.876],[159.332,58.604],[159.22,58.556],[159.033,58.407],[158.665,58.261],[158.337,58.076],[158.101,57.994],[157.878,57.978],[157.69,58.013],[157.525,57.821],[157.309,57.766],[157.118,57.783],[157.011,57.854],[156.8,57.747],[156.908,57.668],[157,57.492],[156.902,57.291],[156.667,57.059],[156.561,57.1],[156.426,56.927],[156.118,56.81],[155.959,56.633],[155.719,56.087],[155.651,55.966],[155.633,55.72],[155.556,55.364],[155.57,55.123],[155.737,54.427],[155.902,53.979],[156.059,53.347],[156.13,52.913],[156.203,52.724],[156.425,52.286],[156.48,52.042],[156.5,51.828],[156.483,51.541],[156.549,51.285],[156.723,51.174],[156.708,51.089],[156.768,50.995],[156.948,51.052],[157.09,51.152],[157.233,51.209],[157.362,51.341],[157.44,51.348],[157.582,51.512],[157.745,51.546],[157.96,51.686],[158.019,51.775],[158.238,51.942],[158.384,52.208],[158.527,52.273],[158.572,52.381],[158.508,52.617],[158.581,52.708],[158.5,52.782],[158.646,52.845],[158.611,52.921],[158.439,52.893],[158.399,53.005],[158.563,53.064],[158.641,53.027],[158.704,52.885],[158.909,53.026],[159.214,53.148],[159.393,53.155],[159.475,53.228],[159.623,53.257],[160.036,53.098],[160.039,53.214],[159.922,53.38],[159.956,53.575],[159.853,53.689],[159.841,53.778],[159.979,54.118],[160.132,54.228],[160.313,54.302],[160.427,54.388],[160.813,54.551],[161.071,54.593],[161.198,54.583],[161.292,54.486],[161.456,54.511],[161.715,54.505],[161.836,54.6],[162.118,54.749],[162.048,54.951],[161.876,55.07],[161.778,55.234],[161.743,55.374],[161.753,55.545],[161.907,55.768],[162.106,56.102],[162.25,56.16],[162.618,56.228],[162.818,56.061],[163.047,56.01],[163.176,56.132],[163.353,56.198],[163.357,56.313],[163.237,56.603],[163.234,56.739],[163.079,56.741],[162.949,56.693],[162.779,56.773],[162.853,57.037],[162.77,57.243],[162.783,57.35],[162.908,57.435],[163.103,57.49],[163.307,57.72],[163.212,57.819],[163.052,57.819],[162.695,57.94],[162.562,57.934],[162.455,57.782],[162.136,57.847],[161.978,58.011],[162,58.133],[162.129,58.364],[162.336,58.59],[162.533,58.742],[162.751,58.818],[162.854,58.925],[163.01,58.944],[162.904,59.119],[163.079,59.174],[163.092,59.263],[163.338,59.286],[163.334,59.401],[163.19,59.529],[163.423,59.644],[163.371,59.72],[163.505,59.883],[163.695,59.884],[163.83,60.043],[164.153,59.978],[164.321,59.984],[164.315,60.073],[164.484,60.102],[164.708,60],[164.794,59.835],[165.053,59.847],[165.191,59.983],[165.227,60.087],[165.361,60.158],[165.786,60.274],[165.967,60.357],[166.003,60.421],[166.273,60.473],[166.313,60.195],[166.208,60.127],[166.179,59.973],[166.094,59.801],[166.286,59.81],[166.426,59.93],[166.745,60.103],[166.798,60.166],[167.129,60.357],[167.228,60.339],[168.044,60.549],[168.365,60.594],[169.217,60.548],[169.387,60.521],[169.737,60.396],[169.781,60.27],[169.874,60.234],[169.975,60.065],[170.295,59.926],[170.421,59.969],[170.481,60.193],[170.643,60.41],[170.788,60.418],[170.876,60.489],[171.213,60.558],[171.342,60.61],[171.754,60.844],[172.042,60.838],[172.411,61.085],[172.508,61.174],[172.969,61.303],[172.741,61.398],[172.911,61.464],[173.072,61.383],[173.305,61.45],[173.304,61.509],[173.507,61.556],[173.491,61.707],[173.646,61.739],[173.873,61.663],[174.215,61.798],[174.475,61.808],[174.452,62.024],[174.271,62.093],[174.055,62.288],[174.159,62.423],[173.955,62.437],[173.672,62.547],[173.115,62.422],[173.07,62.383],[172.768,62.402],[172.561,62.445],[172.267,62.381],[172.218,62.453],[171.979,62.416],[171.511,62.303],[171.192,62.346],[171.045,62.275],[170.78,62.253],[170.409,62.313],[170.194,62.295],[170.007,62.676],[169.833,62.659],[169.679,62.705],[169.578,62.793],[169.156,62.974],[168.93,62.944],[168.48,63.072],[168.745,63.18],[168.827,63.305],[168.951,63.342],[169.315,63.535],[169.48,63.565],[169.609,63.663],[169.572,63.808],[169.387,63.862],[169.387,63.94],[169.083,63.938],[168.652,64.194],[168.483,64.317],[168.038,64.265],[167.787,64.333],[167.587,64.429],[167.387,64.478],[167.232,64.623],[166.999,64.538],[166.592,64.522],[166.408,64.59],[166.135,64.607],[166.041,64.549],[165.845,64.55],[165.684,64.737],[165.403,64.744],[165.287,64.828],[165.024,64.838],[165.007,64.683],[164.671,64.805],[164.218,64.937],[163.917,64.849],[163.609,64.923],[163.355,64.815],[163.133,64.787],[163.265,64.693],[163.177,64.619],[163.235,64.512],[163.414,64.446],[163.18,64.157],[162.991,64.186],[162.802,64.103],[162.823,64.009],[162.954,63.923],[162.724,63.82],[162.744,63.742],[162.996,63.624],[162.971,63.48],[162.749,63.385],[162.756,63.166],[162.304,63.065],[162.28,62.903],[162.565,62.83],[162.61,62.713],[162.827,62.661],[162.681,62.571],[162.781,62.451],[162.786,62.312],[162.69,62.253],[162.398,62.239],[162.168,62.149],[162.524,62.083],[162.491,61.955],[162.294,61.942],[162.467,61.804],[162.466,61.665]]],[[[167.52,54.842],[167.458,54.815],[167.686,54.701],[167.729,54.758],[167.52,54.842]]],[[[165.985,55.195],[166.179,54.956],[166.307,54.869],[166.671,54.679],[166.651,54.848],[166.445,54.963],[166.241,55.201],[166.277,55.317],[165.982,55.364],[165.786,55.284],[165.985,55.195]]],[[[164.115,59.062],[163.87,58.967],[163.773,58.885],[163.668,58.592],[163.86,58.697],[164.209,58.816],[164.692,58.907],[164.733,59.038],[164.637,59.175],[164.538,59.226],[164.31,59.112],[164.115,59.062]]]]},"properties":{"name":"Kamchatka Krai","iso3":"RUS","isoCode":"RU-KAM","id":"RUS-kamchatka-krai"}},
{"type":"Feature","geometry":{"type":"Polygon","coordinates":[[[42.678,43.81],[42.66,43.937],[42.585,44.026],[42.376,43.972],[42.335,44.133],[42.552,44.224],[42.609,44.312],[42.347,44.311],[42.215,44.351],[42.03,44.353],[41.921,44.41],[41.925,44.496],[41.736,44.474],[41.634,44.378],[41.744,44.268],[41.699,44.171],[41.555,44.099],[41.545,44.042],[41.393,43.986],[41.25,44.022],[41.264,44.095],[41.085,44.095],[40.894,44.14],[40.935,44.017],[40.803,43.918],[40.682,43.719],[40.741,43.593],[40.713,43.532],[40.877,43.485],[40.95,43.42],[41.219,43.381],[41.562,43.249],[41.804,43.202],[41.903,43.229],[42.048,43.187],[42.199,43.228],[42.336,43.219],[42.414,43.257],[42.403,43.393],[42.474,43.53],[42.456,43.621],[42.597,43.654],[42.681,43.716],[42.678,43.81]]]},"properties":{"name":"Karachay-Cherkessia","iso3":"RUS","isoCode":"RU-KC","id":"RUS-karachay-cherkessia"}},
{"type":"Feature","geometry":{"type":"Polygon","coordinates":[[[87.127,52.615],[87.375,52.571],[87.372,52.499],[87.54,52.483],[87.653,52.422],[87.925,52.536],[88.252,52.4],[88.321,52.464],[88.448,52.426],[88.377,52.178],[88.474,52.17],[88.666,52.253],[88.676,52.334],[88.777,52.408],[88.987,52.496],[89.093,52.626],[89.221,52.857],[89.075,52.958],[88.918,52.992],[89.076,53.154],[89.036,53.28],[88.911,53.392],[88.838,53.595],[88.934,53.612],[89.052,53.793],[89.239,53.819],[89.012,53.998],[89.042,54.109],[89.127,54.118],[89.217,54.25],[89.16,54.341],[89.03,54.331],[88.906,54.403],[88.594,54.286],[88.524,54.416],[88.592,54.541],[88.578,54.617],[88.647,54.766],[88.754,54.791],[88.539,55.036],[88.558,55.116],[88.433,55.282],[88.601,55.427],[88.671,55.518],[88.892,55.63],[89.337,55.767],[89.401,55.856],[89.242,55.995],[89.268,56.071],[89.04,56.3],[88.861,56.373],[88.695,56.366],[88.593,56.431],[88.501,56.622],[88.663,56.62],[88.598,56.802],[88.424,56.834],[88.142,56.709],[87.702,56.552],[87.597,56.664],[87.15,56.623],[87.118,56.536],[86.849,56.556],[86.678,56.643],[86.383,56.548],[86.339,56.636],[85.804,56.412],[85.802,56.34],[85.562,56.281],[85.685,56.212],[85.202,56.217],[85.003,56.109],[84.897,56.163],[84.448,56.042],[84.571,56.005],[84.54,55.718],[84.742,55.642],[84.784,55.524],[84.694,55.373],[84.859,55.375],[84.927,55.164],[84.837,54.997],[84.972,54.945],[85.088,54.816],[84.902,54.727],[85.004,54.68],[84.931,54.609],[85.116,54.438],[85.16,54.453],[85.418,54.186],[85.538,54.225],[85.749,54.164],[85.871,54.038],[86.124,53.981],[86.184,53.812],[86.3,53.83],[86.356,53.661],[86.539,53.528],[86.863,53.439],[86.874,53.36],[86.644,53.18],[87.055,53.041],[87.008,52.899],[86.912,52.847],[87.127,52.615]]]},"properties":{"name":"Kemerovo Oblast","iso3":"RUS","isoCode":"RU-KEM","id":"RUS-kemerovo-oblast"}},
{"type":"Feature","geometry":{"type":"MultiPolygon","coordinates":[[[[131.42,49.255],[131.557,49.248],[131.668,49.312],[131.974,49.308],[132.111,49.494],[132.241,49.489],[132.408,49.37],[132.488,49.265],[132.783,49.33],[132.811,49.236],[133.055,49.215],[133.274,49.037],[133.224,48.961],[133.281,48.848],[133.478,48.822],[133.589,48.73],[133.786,48.733],[133.927,48.647],[134.096,48.634],[134.273,48.676],[134.408,48.746],[134.559,48.614],[134.736,48.57],[134.858,48.614],[134.977,48.603],[134.996,48.533],[134.838,48.389],[134.766,48.364],[134.72,48.308],[134.674,48.252],[134.669,48.2],[134.617,48.09],[134.56,47.97],[134.545,47.939],[134.725,47.671],[134.68,47.598],[134.486,47.443],[134.311,47.433],[134.169,47.318],[134.19,47.219],[134.156,47.095],[134.056,46.975],[134.006,46.655],[134.009,46.65],[134.388,46.675],[134.473,46.772],[134.407,46.861],[134.577,46.994],[134.662,47.124],[134.84,47.168],[135.02,47.144],[135.085,47.213],[135.422,47.056],[135.344,46.93],[135.584,46.977],[135.753,46.965],[135.837,46.829],[135.987,46.796],[136.054,46.867],[136.154,46.803],[136.337,46.775],[136.419,46.825],[136.553,46.81],[136.704,46.843],[136.978,47.025],[136.949,47.168],[137.081,47.304],[137.245,47.284],[137.393,47.202],[137.465,47.209],[137.593,47.314],[137.747,47.331],[138.078,47.512],[138.054,47.67],[137.876,47.751],[137.786,47.702],[137.482,47.857],[137.611,47.898],[137.516,47.976],[137.322,48.066],[137.451,48.203],[137.664,48.253],[137.715,48.212],[137.931,48.23],[138.099,48.328],[138.236,48.443],[138.397,48.444],[138.5,48.38],[138.463,48.319],[138.522,48.214],[138.727,48.155],[138.575,48.048],[138.773,47.883],[138.738,47.77],[138.507,47.677],[138.631,47.603],[138.537,47.482],[138.725,47.441],[138.861,47.47],[139.033,47.396],[139.107,47.563],[139.193,47.652],[139.264,47.802],[139.403,47.924],[139.539,47.991],[139.721,48.163],[139.924,48.301],[140.033,48.33],[140.166,48.441],[140.175,48.674],[140.235,48.843],[140.361,48.92],[140.269,49.015],[140.346,49.129],[140.311,49.202],[140.412,49.321],[140.423,49.414],[140.547,49.565],[140.499,49.679],[140.529,49.786],[140.399,49.872],[140.483,49.996],[140.657,50.061],[140.502,50.165],[140.483,50.459],[140.413,50.542],[140.492,50.629],[140.429,50.716],[140.5,50.87],[140.651,50.961],[140.643,51.12],[140.677,51.331],[140.818,51.348],[140.794,51.485],[140.978,51.671],[141.106,51.682],[141.168,51.828],[141.397,51.941],[141.348,52.101],[141.509,52.161],[141.119,52.401],[141.259,52.601],[141.246,52.738],[141.163,52.793],[141.237,52.868],[141.202,53.001],[141.244,53.081],[141.443,53.165],[141.38,53.253],[140.952,53.428],[140.946,53.499],[140.591,53.624],[140.52,53.712],[140.347,53.78],[140.256,53.871],[140.328,53.956],[140.196,54.056],[139.95,54.127],[139.792,54.203],[139.787,54.291],[139.445,54.194],[139.19,54.185],[138.929,54.239],[138.729,54.306],[138.769,53.978],[138.692,53.904],[138.66,53.707],[138.49,53.536],[138.393,53.508],[138.267,53.556],[138.586,53.805],[138.582,53.995],[138.371,53.902],[138.326,53.759],[138.182,53.673],[137.95,53.581],[137.688,53.548],[137.314,53.533],[137.218,53.585],[137.364,53.666],[137.494,53.669],[137.663,53.87],[137.606,53.953],[137.431,54.039],[137.491,54.133],[137.716,54.293],[137.451,54.313],[137.114,54.165],[137.159,54.036],[137.298,54.043],[137.194,53.848],[136.943,53.848],[136.724,53.788],[136.675,53.952],[136.816,54.134],[136.77,54.191],[136.811,54.302],[136.755,54.427],[136.876,54.569],[136.813,54.633],[136.515,54.588],[136.101,54.603],[135.973,54.569],[135.708,54.578],[135.69,54.645],[135.261,54.738],[135.175,54.817],[135.204,54.89],[135.522,55.083],[135.698,55.114],[135.961,55.242],[136.131,55.289],[136.352,55.523],[136.539,55.583],[137.064,55.828],[137.554,56.108],[137.688,56.123],[137.906,56.354],[138.232,56.451],[138.111,56.523],[138.136,56.601],[138.562,56.846],[138.611,56.955],[138.924,57.063],[139.183,57.272],[139.417,57.301],[139.602,57.46],[139.788,57.484],[139.994,57.698],[140.285,57.766],[140.489,57.843],[140.671,58.194],[140.777,58.304],[141.034,58.441],[141.327,58.516],[141.681,58.681],[141.997,58.974],[142.172,59.082],[142.423,59.188],[143.056,59.323],[143.203,59.382],[143.481,59.319],[143.764,59.387],[144.127,59.396],[144.409,59.369],[144.777,59.383],[144.98,59.367],[145.3,59.415],[145.358,59.388],[145.674,59.415],[145.948,59.348],[145.827,59.245],[146.04,59.143],[146.201,59.209],[146.31,59.184],[146.312,59.402],[146.439,59.461],[146.678,59.433],[146.701,59.39],[146.942,59.368],[147.103,59.47],[147.217,59.734],[147.116,59.889],[146.942,59.952],[146.801,59.905],[146.702,59.972],[146.689,60.087],[146.5,60.123],[146.35,60.249],[146.218,60.21],[145.857,60.17],[145.637,60.265],[145.53,60.422],[145.531,60.496],[145.714,60.595],[145.896,60.617],[146.082,60.736],[146.336,60.653],[146.444,60.671],[146.501,60.79],[146.479,60.915],[146.703,60.949],[146.757,61.21],[146.698,61.305],[146.74,61.468],[146.348,61.841],[145.965,62.004],[145.746,62.041],[145.553,61.955],[145.294,62.003],[145.211,61.964],[144.988,62.052],[144.736,62.045],[144.516,61.845],[144.252,61.741],[143.96,61.756],[143.999,61.895],[143.936,61.973],[143.64,61.903],[143.609,62.036],[143.4,62.028],[143.136,62.104],[143.006,61.915],[142.765,61.966],[142.569,61.928],[142.266,61.966],[142.149,62.076],[141.904,62.035],[141.559,62.156],[141.493,62.287],[141.28,62.401],[141.128,62.405],[140.831,62.531],[140.666,62.416],[140.422,62.416],[140.284,62.245],[140.334,62.186],[140.276,62.038],[139.953,61.937],[139.927,61.795],[139.692,61.662],[139.554,61.474],[139.389,61.487],[139.28,61.428],[139.091,61.435],[139.04,61.346],[138.649,61.297],[138.66,61.205],[138.397,61.099],[138.344,60.978],[138.207,60.857],[138.313,60.738],[138.429,60.704],[138.318,60.493],[138.307,60.313],[138.213,60.278],[138.262,60.069],[138.176,59.827],[138.218,59.654],[138.047,59.646],[138.081,59.749],[137.974,59.772],[137.632,59.751],[137.187,59.446],[137.005,59.435],[136.66,59.348],[136.317,59.424],[136.12,59.415],[135.826,59.526],[135.613,59.488],[135.349,59.335],[135.248,59.139],[135.149,59.113],[134.931,59.169],[134.749,59.153],[134.565,59.204],[134.366,59.202],[134.077,59.256],[133.744,59.228],[133.572,59.251],[133.486,59.31],[133.272,59.227],[133.058,59.198],[132.934,59.105],[132.777,58.887],[132.592,58.893],[132.535,58.821],[132.546,58.659],[132.387,58.561],[132.175,58.49],[132.229,58.332],[132.111,58.278],[131.998,58.15],[131.705,58.201],[131.495,58.17],[131.581,58.039],[131.799,57.934],[131.879,57.815],[132.071,57.687],[131.942,57.617],[131.725,57.566],[131.728,57.501],[131.605,57.427],[131.614,57.313],[131.509,57.268],[131.255,57.299],[131.123,57.252],[131.43,57.138],[131.476,57.056],[131.812,56.82],[131.803,56.723],[131.681,56.673],[131.686,56.53],[131.564,56.552],[131.222,56.521],[131.097,56.384],[131.14,56.291],[131.006,56.179],[130.86,55.917],[130.958,55.816],[130.953,55.712],[131.147,55.649],[131.335,55.651],[131.484,55.697],[131.967,55.71],[132.151,55.686],[132.235,55.729],[132.441,55.743],[132.558,55.71],[132.688,55.585],[132.763,55.456],[132.965,55.42],[132.774,55.348],[132.611,55.235],[132.372,55.248],[132.402,55.08],[132.086,55.062],[132.011,54.933],[131.63,54.79],[131.395,54.737],[131.287,54.659],[131.134,54.367],[131.035,54.291],[130.939,54.339],[130.669,54.257],[130.506,54.11],[130.496,53.987],[130.588,53.878],[131.345,53.783],[131.484,53.609],[131.451,53.51],[131.533,53.334],[131.442,53.221],[131.855,53.232],[131.829,53.163],[131.979,53.139],[132.063,53.221],[132.345,53.247],[132.507,53.215],[132.843,53.234],[132.88,53.293],[133.135,53.303],[133.198,53.432],[133.599,53.551],[133.707,53.467],[133.924,53.448],[134.195,53.482],[134.257,53.54],[134.533,53.622],[134.879,53.441],[134.797,53.331],[134.909,53.252],[134.772,53.07],[134.595,52.901],[134.594,52.857],[134.752,52.68],[134.598,52.539],[134.644,52.459],[134.306,52.458],[133.999,52.54],[133.87,52.514],[133.587,52.616],[133.262,52.682],[133.229,52.617],[133.301,52.529],[133.237,52.45],[133.431,52.258],[133.301,52.19],[133.093,52.153],[132.818,52.163],[132.649,52.115],[132.412,51.986],[132.451,51.886],[132.296,51.807],[132.219,51.84],[131.78,51.7],[131.463,51.689],[131.387,51.626],[131.468,51.486],[131.487,51.352],[131.361,51.389],[131.256,51.365],[131.162,51.25],[131.043,51.239],[130.929,51.028],[130.765,50.993],[130.86,50.894],[130.674,50.746],[130.764,50.656],[130.907,50.67],[131.028,50.579],[130.876,50.451],[130.94,50.373],[131.131,50.432],[131.17,50.371],[131.394,50.272],[131.428,50.063],[131.387,49.974],[131.524,49.902],[131.479,49.78],[131.37,49.72],[131.51,49.615],[131.528,49.428],[131.42,49.255]]],[[[137.268,54.844],[137.474,54.868],[137.73,54.644],[138.011,54.808],[137.995,54.916],[138.078,54.981],[137.958,55.104],[137.557,55.183],[137.492,55.047],[137.303,54.906],[137.268,54.844]]],[[[136.778,54.894],[136.9,54.961],[137.059,54.969],[137.192,55.103],[137.014,55.106],[136.682,54.951],[136.778,54.894]]]]},"properties":{"name":"Khabarovsk Krai","iso3":"RUS","isoCode":"RU-KHA","id":"RUS-khabarovsk-krai"}},
{"type":"Feature","geometry":{"type":"MultiPolygon","coordinates":[[[[158.543,66.335],[158.783,66.266],[159.216,66.216],[159.26,66.164],[159.028,65.988],[158.898,65.814],[158.952,65.727],[160.093,65.502],[160.241,65.433],[160.209,65.362],[160.512,65.203],[160.675,65.149],[161.019,65.178],[161.318,65.148],[161.476,65.063],[161.692,65.015],[161.848,64.825],[162.319,64.744],[162.65,64.741],[162.752,64.662],[162.962,64.657],[163.265,64.693],[163.133,64.787],[163.355,64.815],[163.609,64.923],[163.917,64.849],[164.218,64.937],[164.671,64.805],[165.007,64.683],[165.024,64.838],[165.287,64.828],[165.403,64.744],[165.684,64.737],[165.845,64.55],[166.041,64.549],[166.135,64.607],[166.408,64.59],[166.592,64.522],[166.999,64.538],[167.232,64.623],[167.387,64.478],[167.587,64.429],[167.787,64.333],[168.038,64.265],[168.483,64.317],[168.652,64.194],[169.083,63.938],[169.387,63.94],[169.387,63.862],[169.572,63.808],[169.609,63.663],[169.48,63.565],[169.315,63.535],[168.951,63.342],[168.827,63.305],[168.745,63.18],[168.48,63.072],[168.93,62.944],[169.156,62.974],[169.578,62.793],[169.679,62.705],[169.833,62.659],[170.007,62.676],[170.194,62.295],[170.409,62.313],[170.78,62.253],[171.045,62.275],[171.192,62.346],[171.511,62.303],[171.979,62.416],[172.218,62.453],[172.267,62.381],[172.561,62.445],[172.768,62.402],[173.07,62.383],[173.115,62.422],[173.672,62.547],[173.955,62.437],[174.159,62.423],[174.055,62.288],[174.271,62.093],[174.452,62.024],[174.475,61.808],[174.726,61.857],[174.834,61.922],[175.23,62.014],[175.566,62.153],[175.981,62.25],[176.279,62.292],[176.545,62.416],[177.125,62.541],[177.619,62.56],[178.089,62.531],[178.324,62.459],[179.039,62.334],[179.216,62.493],[179.364,62.477],[179.443,62.576],[179.633,62.688],[179.581,62.82],[179.328,62.897],[179.281,62.981],[179.453,63.116],[179.344,63.187],[179.047,63.299],[178.827,63.534],[178.783,63.74],[178.687,63.974],[178.333,64.325],[178.121,64.229],[177.857,64.233],[177.481,64.413],[177.413,64.515],[177.539,64.733],[177.356,64.751],[177.086,64.705],[176.788,64.541],[176.642,64.638],[176.432,64.683],[176.248,64.821],[176.553,64.799],[176.684,64.855],[176.916,64.837],[177.172,64.765],[177.282,64.825],[177.272,64.917],[177.47,64.918],[177.671,64.698],[178.18,64.666],[178.362,64.636],[178.897,64.668],[179.14,64.76],[179.512,64.796],[179.859,65.002],[180,65.038],[180,65.311],[180,65.324],[180,65.33],[180,65.36],[180,65.383],[180,65.386],[180,65.445],[180,65.454],[180,65.479],[180,65.803],[180,65.864],[180,65.866],[180,66.641],[180,66.894],[180,66.914],[180,66.93],[180,67.168],[180,67.552],[180,67.927],[180,68.356],[180,68.513],[180,68.55],[180,68.91],[180,68.925],[180,68.93],[180,68.959],[180,68.97],[179.701,69.001],[179.548,69.16],[179.204,69.289],[178.869,69.379],[178.446,69.456],[177.957,69.477],[177.506,69.587],[176.893,69.644],[176.434,69.736],[176.138,69.87],[175.796,69.877],[175.114,69.837],[174.434,69.848],[174.125,69.876],[173.873,69.843],[173.467,69.933],[173.276,69.911],[173.219,69.832],[172.793,69.915],[172,69.978],[171.426,70.052],[170.986,70.088],[170.584,70.037],[170.523,69.908],[170.61,69.753],[170.215,69.68],[170.156,69.593],[170.588,69.592],[170.76,69.375],[170.931,69.273],[170.889,69.164],[171.022,69.045],[170.809,68.949],[170.423,68.829],[169.68,68.764],[169.457,68.814],[169.401,69.047],[169.13,69.083],[168.716,69.198],[168.35,69.205],[168.23,69.302],[168.284,69.543],[167.963,69.643],[168.065,69.711],[167.747,69.767],[167.239,69.562],[166.907,69.463],[166.237,69.506],[165.807,69.57],[165.212,69.588],[164.868,69.559],[164.555,69.584],[164.266,69.665],[164.132,69.747],[163.87,69.694],[163.489,69.674],[163.316,69.705],[162.764,69.634],[162.47,69.656],[162.322,69.529],[162.543,69.374],[162.514,69.329],[162.794,69.171],[162.532,69.106],[162.58,68.961],[162.774,68.903],[162.799,68.823],[162.592,68.778],[162.603,68.685],[162.752,68.584],[162.564,68.483],[162.548,68.333],[162.395,68.274],[162.195,68.335],[161.644,68.376],[161.333,68.37],[161.029,68.284],[160.393,68.239],[160.073,68.267],[159.367,68.188],[159.245,68.19],[158.898,68.102],[158.647,68.127],[158.398,68.081],[158.104,67.914],[158.359,67.736],[157.937,67.718],[157.81,67.675],[157.731,67.517],[157.909,67.419],[157.811,67.308],[158.336,67.128],[158.714,67.037],[158.935,66.769],[158.712,66.688],[158.504,66.463],[158.369,66.43],[158.543,66.335]]],[[[-172.591,64.687],[-172.35,64.702],[-172.093,64.775],[-172.277,64.827],[-172.504,64.81],[-172.591,64.687]]],[[[-180,65.038],[-179.671,65.14],[-179.549,65.235],[-179.488,65.411],[-179.272,65.527],[-179.274,65.63],[-179.443,65.662],[-179.696,65.783],[-179.795,65.94],[-179.75,66.097],[-179.285,66.133],[-179.16,66.264],[-178.962,66.161],[-178.731,66.192],[-178.536,66.348],[-178.451,66.228],[-178.652,66.025],[-178.844,65.974],[-178.813,65.881],[-178.604,65.741],[-178.405,65.703],[-178.484,65.543],[-178.431,65.467],[-177.774,65.449],[-177.321,65.487],[-176.996,65.633],[-176.775,65.575],[-175.919,65.412],[-175.891,65.258],[-175.733,65.134],[-175.86,64.99],[-175.374,64.847],[-175.346,64.789],[-175.047,64.762],[-174.934,64.788],[-174.042,64.531],[-173.992,64.416],[-173.621,64.325],[-173.39,64.387],[-173.315,64.289],[-173.105,64.243],[-172.837,64.3],[-172.725,64.398],[-172.593,64.372],[-172.234,64.408],[-172.412,64.536],[-172.715,64.604],[-172.906,64.614],[-172.669,64.871],[-172.264,64.965],[-172.096,65.064],[-172.208,65.225],[-172.214,65.335],[-172.378,65.575],[-172.656,65.641],[-172.43,65.685],[-172.21,65.585],[-171.968,65.521],[-171.25,65.523],[-171.079,65.469],[-170.971,65.553],[-171.165,65.703],[-170.654,65.602],[-170.493,65.677],[-170.502,65.87],[-170.155,66.008],[-169.998,66.041],[-169.72,66.005],[-169.725,66.153],[-170.112,66.207],[-170.212,66.285],[-170.57,66.349],[-170.665,66.419],[-171.36,66.674],[-171.334,66.746],[-171.608,66.823],[-171.668,66.94],[-172.046,66.946],[-172.608,66.995],[-173.608,67.103],[-173.74,67.074],[-174.201,67.054],[-174.041,66.971],[-173.921,66.678],[-174.22,66.574],[-173.83,66.509],[-173.69,66.426],[-173.794,66.306],[-173.962,66.448],[-174.455,66.305],[-174.442,66.532],[-174.864,66.623],[-174.918,66.69],[-174.701,66.771],[-174.757,66.908],[-174.905,67.043],[-174.815,67.383],[-175.244,67.557],[-175.321,67.671],[-175.871,67.841],[-176.201,67.911],[-177.379,68.24],[-178.001,68.448],[-178.456,68.579],[-178.873,68.763],[-179.487,68.92],[-179.679,68.899],[-180,68.977],[-180,68.976],[-180,68.97],[-180,68.959],[-180,68.93],[-180,68.925],[-180,68.55],[-180,68.513],[-180,68.356],[-180,67.927],[-180,67.552],[-180,67.168],[-180,66.93],[-180,66.914],[-180,66.894],[-180,66.641],[-180,65.866],[-180,65.864],[-180,65.803],[-180,65.479],[-180,65.454],[-180,65.445],[-180,65.432],[-180,65.408],[-180,65.386],[-180,65.383],[-180,65.36],[-180,65.33],[-180,65.324],[-180,65.311],[-180,65.038]]],[[[180,71.534],[179.506,71.418],[179.217,71.279],[178.906,71.22],[178.628,71.072],[178.635,71.007],[178.862,70.796],[179.25,70.873],[179.605,70.87],[180,70.976],[180,71.025],[180,71.534]]],[[[-180,70.976],[-179.462,70.896],[-179.18,70.892],[-178.708,70.961],[-177.906,71.024],[-177.584,71.103],[-177.444,71.236],[-177.763,71.311],[-178.074,71.468],[-178.287,71.52],[-178.773,71.577],[-179.191,71.538],[-180,71.534],[-180,71.025],[-180,70.976]]],[[[168.75,69.574],[169.183,69.554],[169.43,69.857],[168.806,69.959],[168.467,70.034],[168.181,70.002],[167.928,69.912],[167.792,69.817],[168.099,69.748],[168.352,69.641],[168.75,69.574]]]]},"properties":{"name":"Chukotka Autonomous Okrug","iso3":"RUS","isoCode":"RU-CHU","id":"RUS-chukotka-autonomous-okrug"}},
{"type":"Feature","geometry":{"type":"Polygon","coordinates":[[[45.774,42.488],[45.735,42.378],[45.608,42.232],[45.786,42.102],[45.897,42.106],[46.104,41.99],[46.257,42.006],[46.282,41.945],[46.399,41.941],[46.552,41.867],[46.585,41.803],[46.766,41.801],[47.173,41.53],[47.29,41.325],[47.375,41.273],[47.576,41.217],[47.701,41.226],[47.782,41.186],[47.886,41.219],[47.95,41.351],[48.065,41.492],[48.203,41.512],[48.377,41.591],[48.592,41.842],[48.361,41.957],[48.285,42.106],[48.111,42.318],[48.012,42.391],[47.887,42.581],[47.793,42.608],[47.72,42.702],[47.711,42.832],[47.574,42.954],[47.469,43.005],[47.482,43.152],[47.548,43.257],[47.481,43.324],[47.488,43.409],[47.605,43.749],[47.698,43.89],[47.453,43.83],[47.37,44.009],[47.239,44.202],[47.081,44.245],[47.005,44.366],[46.775,44.37],[46.68,44.468],[46.705,44.656],[46.866,44.744],[46.895,44.812],[46.629,44.866],[46.512,44.93],[46.224,44.973],[45.705,44.977],[45.613,44.874],[45.656,44.804],[45.412,44.594],[45.261,44.589],[45.227,44.468],[45.429,44.429],[45.372,44.29],[45.137,44.254],[45.103,44.191],[45.503,44.176],[45.491,44.008],[45.711,43.962],[46.071,43.931],[46.095,43.861],[46.216,43.859],[46.321,44.009],[46.44,44.002],[46.451,43.875],[46.587,43.873],[46.655,43.794],[46.555,43.759],[46.455,43.663],[46.411,43.51],[46.328,43.45],[46.424,43.279],[46.386,43.148],[46.534,42.923],[46.374,42.854],[46.337,42.894],[46.182,42.873],[46.115,42.802],[46.172,42.732],[46.015,42.675],[46.022,42.619],[45.774,42.488]]]},"properties":{"name":"Dagestan","iso3":"RUS","isoCode":"RU-DA","id":"RUS-dagestan"}},
{"type":"Feature","geometry":{"type":"Polygon","coordinates":[[[20.954,55.281],[20.68,55.058],[20.398,54.942],[19.977,54.96],[19.931,54.902],[19.958,54.756],[20.287,54.632],[19.804,54.442],[20.818,54.36],[21.496,54.324],[22.319,54.341],[22.792,54.363],[22.701,54.454],[22.686,54.591],[22.742,54.728],[22.885,54.816],[22.846,54.897],[22.603,55.013],[22.291,55.065],[22.073,55.026],[21.515,55.185],[21.385,55.293],[21.179,55.197],[21.225,54.997],[21.208,54.919],[20.997,54.891],[20.792,54.946],[20.542,54.945],[20.864,55.153],[20.954,55.281]]]},"properties":{"name":"Kaliningrad","iso3":"RUS","isoCode":"RU-KGD","id":"RUS-kaliningrad"}},
{"type":"Feature","geometry":{"type":"Polygon","coordinates":[[[50.768,51.773],[50.894,51.681],[51.38,51.641],[51.432,51.475],[51.64,51.538],[51.656,51.449],[51.814,51.497],[51.771,51.582],[51.894,51.683],[52.09,51.658],[52.335,51.743],[52.45,51.623],[52.51,51.502],[52.62,51.455],[52.844,51.505],[52.943,51.458],[53.141,51.517],[53.394,51.49],[53.584,51.412],[53.661,51.231],[53.808,51.215],[54.137,51.108],[54.195,50.967],[54.29,50.901],[54.534,50.849],[54.414,50.621],[54.544,50.527],[54.731,50.619],[54.68,50.718],[54.698,50.893],[54.567,50.915],[54.568,51.019],[54.735,51.025],[54.894,50.921],[55.13,50.879],[55.147,50.797],[55.385,50.655],[55.661,50.56],[56.054,50.694],[56.136,50.753],[56.181,50.938],[56.362,50.901],[56.46,50.965],[56.51,51.079],[56.634,50.985],[56.7,51.075],[56.888,51.06],[57.145,51.088],[57.324,50.943],[57.507,50.876],[57.559,50.936],[57.736,50.928],[57.771,51.138],[57.869,51.099],[58.178,51.067],[58.293,51.152],[58.384,51.075],[58.522,51.084],[58.637,50.985],[58.592,50.869],[58.774,50.816],[58.875,50.7],[59.417,50.637],[59.517,50.528],[59.814,50.536],[59.998,50.675],[60.015,50.822],[60.183,50.778],[60.326,50.67],[60.809,50.656],[61.449,50.806],[61.568,51.238],[61.505,51.407],[61.203,51.461],[60.999,51.468],[60.911,51.553],[60.936,51.615],[60.538,51.618],[60.422,51.647],[60.429,51.798],[60.162,51.892],[60.033,51.914],[60.002,51.993],[59.908,52.04],[59.965,52.152],[60.174,52.26],[60.163,52.4],[59.918,52.422],[59.824,52.48],[59.678,52.409],[59.288,52.481],[59.166,52.277],[58.855,52.426],[58.945,52.34],[58.885,52.244],[58.743,52.259],[58.617,52.137],[58.653,52.079],[58.656,51.893],[58.575,51.772],[58.329,51.77],[58.186,51.735],[58.11,51.792],[57.912,51.836],[57.611,51.785],[57.574,51.726],[57.407,51.691],[57.306,51.607],[57.161,51.576],[56.997,51.721],[56.773,51.673],[56.635,51.898],[56.705,52.06],[56.615,52.13],[56.471,52.169],[56.268,52.122],[56.238,52.219],[56.455,52.298],[56.441,52.407],[56.351,52.497],[56.074,52.621],[55.848,52.47],[55.882,52.396],[55.77,52.347],[55.496,52.417],[55.464,52.625],[55.339,52.769],[55.348,52.853],[55.19,52.838],[55.064,52.948],[54.927,53.212],[54.802,53.25],[54.658,53.214],[54.552,53.263],[54.548,53.355],[54.317,53.404],[54.254,53.362],[54.061,53.455],[53.851,53.684],[53.65,53.751],[53.501,54.056],[53.347,54.001],[53.287,54.087],[53.133,54.077],[52.955,54.235],[52.934,54.308],[52.696,54.361],[52.568,54.34],[52.345,54.294],[52.419,53.941],[52.28,53.744],[52.189,53.556],[52.091,53.471],[52.212,53.381],[52.127,53.233],[52.162,53.088],[52.05,53.091],[52.042,52.965],[51.887,52.95],[51.767,52.8],[51.724,52.653],[51.617,52.646],[51.452,52.569],[51.549,52.464],[51.384,52.358],[51.391,52.069],[51.127,51.926],[51.033,51.923],[50.768,51.773]]]},"properties":{"name":"Orenburg Oblast","iso3":"RUS","isoCode":"RU-ORE","id":"RUS-orenburg-oblast"}},
{"type":"Feature","geometry":{"type":"Polygon","coordinates":[[[134.009,46.65],[133.921,46.426],[133.905,46.367],[133.894,46.325],[133.874,46.25],[133.87,46.238],[133.868,46.229],[133.729,46.082],[133.632,45.944],[133.611,45.907],[133.606,45.898],[133.479,45.676],[133.467,45.656],[133.454,45.633],[133.449,45.623],[133.381,45.504],[133.141,45.376],[133.141,45.375],[133.104,45.239],[133.103,45.235],[133.103,45.234],[133.101,45.229],[133.065,45.095],[133.062,45.084],[132.942,44.966],[132.796,44.996],[132.63,44.816],[132.605,44.677],[132.32,44.539],[132.242,44.573],[132.24,44.666],[132.08,44.704],[132.038,44.796],[132.121,44.876],[132.108,45.023],[131.993,45.057],[131.992,45.184],[131.901,45.264],[131.484,44.939],[131.078,44.858],[131.058,44.782],[131.062,44.765],[131.066,44.754],[131.067,44.753],[131.068,44.75],[131.148,44.562],[131.365,44.05],[131.246,43.538],[131.322,43.452],[131.308,43.412],[131.306,43.406],[131.305,43.405],[131.298,43.386],[131.209,43.148],[131.207,43.141],[131.11,43.001],[130.951,42.865],[130.91,42.831],[130.552,42.767],[130.52,42.701],[130.569,42.556],[130.564,42.55],[130.697,42.295],[130.778,42.465],[130.773,42.684],[131.13,42.621],[131.242,42.676],[131.256,42.766],[131.34,42.79],[131.695,43.165],[131.778,43.18],[131.757,43.332],[132.055,43.285],[131.921,43.204],[131.855,43.095],[131.963,43.075],[132.258,43.268],[132.342,43.129],[132.297,42.998],[132.54,42.851],[132.7,42.855],[132.807,42.761],[132.894,42.761],[132.965,42.838],[133.149,42.685],[133.232,42.751],[133.431,42.779],[133.618,42.857],[133.712,42.824],[134.05,42.973],[134.187,43.072],[134.417,43.147],[134.624,43.244],[134.898,43.415],[135.141,43.505],[135.174,43.609],[135.436,43.765],[135.503,43.866],[135.467,43.956],[135.636,44.045],[135.648,44.176],[135.796,44.266],[135.883,44.413],[136.036,44.447],[136.193,44.535],[136.227,44.656],[136.414,44.78],[136.635,45.027],[136.765,45.093],[136.802,45.199],[137.139,45.375],[137.298,45.522],[137.359,45.613],[137.489,45.673],[137.694,45.82],[137.77,45.945],[138.104,46.24],[138.121,46.354],[138.189,46.459],[138.343,46.54],[138.348,46.692],[138.493,46.874],[138.604,47.075],[138.837,47.275],[139.033,47.396],[138.861,47.47],[138.725,47.441],[138.537,47.482],[138.631,47.603],[138.507,47.677],[138.738,47.77],[138.773,47.883],[138.575,48.048],[138.727,48.155],[138.522,48.214],[138.463,48.319],[138.5,48.38],[138.397,48.444],[138.236,48.443],[138.099,48.328],[137.931,48.23],[137.715,48.212],[137.664,48.253],[137.451,48.203],[137.322,48.066],[137.516,47.976],[137.611,47.898],[137.482,47.857],[137.786,47.702],[137.876,47.751],[138.054,47.67],[138.078,47.512],[137.747,47.331],[137.593,47.314],[137.465,47.209],[137.393,47.202],[137.245,47.284],[137.081,47.304],[136.949,47.168],[136.978,47.025],[136.704,46.843],[136.553,46.81],[136.419,46.825],[136.337,46.775],[136.154,46.803],[136.054,46.867],[135.987,46.796],[135.837,46.829],[135.753,46.965],[135.584,46.977],[135.344,46.93],[135.422,47.056],[135.085,47.213],[135.02,47.144],[134.84,47.168],[134.662,47.124],[134.577,46.994],[134.407,46.861],[134.473,46.772],[134.388,46.675],[134.009,46.65]]]},"properties":{"name":"Primorsky Krai","iso3":"RUS","isoCode":"RU-PRI","id":"RUS-primorsky-krai"}},
{"type":"Feature","geometry":{"type":"Polygon","coordinates":[[[57.406,56.343],[57.285,56.305],[57.21,56.178],[56.921,56.104],[56.783,56.164],[56.406,56.405],[56.267,56.306],[56.079,56.295],[55.909,56.456],[55.522,56.381],[55.46,56.332],[55.15,56.307],[55.027,56.326],[54.671,56.498],[54.54,56.511],[54.486,56.411],[54.378,56.379],[54.398,56.264],[54.2,56.201],[54.036,56.022],[53.845,56.045],[53.697,55.926],[53.865,55.887],[54.209,55.703],[53.862,55.366],[53.602,55.263],[53.427,55.23],[53.319,55.162],[53.158,55.166],[53.475,54.951],[53.626,54.8],[53.615,54.695],[53.435,54.572],[53.382,54.374],[53.501,54.056],[53.65,53.751],[53.851,53.684],[54.061,53.455],[54.254,53.362],[54.317,53.404],[54.548,53.355],[54.552,53.263],[54.658,53.214],[54.802,53.25],[54.927,53.212],[55.064,52.948],[55.19,52.838],[55.348,52.853],[55.339,52.769],[55.464,52.625],[55.496,52.417],[55.77,52.347],[55.882,52.396],[55.848,52.47],[56.074,52.621],[56.351,52.497],[56.441,52.407],[56.455,52.298],[56.238,52.219],[56.268,52.122],[56.471,52.169],[56.615,52.13],[56.705,52.06],[56.635,51.898],[56.773,51.673],[56.997,51.721],[57.161,51.576],[57.306,51.607],[57.407,51.691],[57.574,51.726],[57.611,51.785],[57.912,51.836],[58.11,51.792],[58.186,51.735],[58.329,51.77],[58.575,51.772],[58.656,51.893],[58.653,52.079],[58.617,52.137],[58.743,52.259],[58.885,52.244],[58.945,52.34],[58.855,52.426],[58.751,52.611],[58.805,52.695],[58.761,52.85],[58.839,53.024],[58.913,53.056],[58.9,53.277],[58.908,53.863],[59,53.952],[59.188,54.004],[59.326,54.188],[59.705,54.18],[59.789,54.244],[59.682,54.522],[59.854,54.609],[59.947,54.77],[59.812,54.849],[59.618,54.906],[59.523,54.78],[59.289,54.658],[59.065,54.65],[58.954,54.584],[58.739,54.537],[58.587,54.464],[58.436,54.544],[58.169,54.503],[58.012,54.397],[57.753,54.502],[57.746,54.582],[57.592,54.679],[57.245,54.772],[57.157,54.87],[57.251,54.941],[57.131,55.085],[57.394,55.317],[57.883,55.302],[58.127,55.218],[57.992,55.092],[58.005,54.906],[58.132,54.952],[58.128,55.017],[58.263,55.172],[58.362,55.142],[58.422,55.018],[58.598,54.956],[58.806,55.029],[58.733,55.12],[58.773,55.213],[58.725,55.29],[59.16,55.342],[59.201,55.465],[59.579,55.517],[59.336,55.632],[59.319,55.758],[59.225,55.85],[59.319,56.129],[59.042,56.172],[58.961,56.065],[58.712,56.094],[58.511,56.171],[58.385,56.082],[58.165,56.141],[57.919,56.106],[57.686,56.137],[57.466,56.127],[57.498,56.21],[57.406,56.343]]]},"properties":{"name":"Bashkortostan","iso3":"RUS","isoCode":"RU-BA","id":"RUS-bashkortostan"}},
{"type":"Feature","geometry":{"type":"MultiPolygon","coordinates":[[[[79.808,11.836],[79.841,11.956],[79.749,11.922],[79.808,11.836]]],[[[79.841,10.828],[79.854,10.983],[79.747,11.003],[79.725,10.929],[79.823,10.884],[79.841,10.828]]]]},"properties":{"name":"Puducherry","iso3":"IND","isoCode":"IN-PY","id":"IND-puducherry"}},
{"type":"Feature","geometry":{"type":"Polygon","coordinates":[[[80.273,18.723],[80.35,18.848],[80.273,18.993],[80.483,19.338],[80.563,19.399],[80.623,19.306],[80.711,19.282],[80.853,19.364],[80.895,19.52],[80.715,19.617],[80.676,19.699],[80.469,19.827],[80.452,19.957],[80.539,19.952],[80.552,20.118],[80.389,20.165],[80.398,20.244],[80.626,20.336],[80.626,20.578],[80.58,20.673],[80.535,20.934],[80.464,20.929],[80.426,21.006],[80.464,21.175],[80.615,21.227],[80.66,21.334],[80.621,21.32],[80.422,21.44],[80.376,21.523],[80.27,21.616],[80.193,21.635],[80.072,21.557],[79.863,21.531],[79.742,21.603],[79.581,21.541],[79.512,21.584],[79.496,21.674],[79.221,21.693],[79.076,21.605],[78.917,21.591],[78.899,21.5],[78.585,21.487],[78.44,21.502],[78.407,21.609],[78.223,21.553],[78.082,21.445],[77.907,21.378],[77.822,21.407],[77.695,21.378],[77.49,21.378],[77.455,21.554],[77.582,21.554],[77.562,21.666],[77.503,21.746],[77.324,21.753],[77.21,21.69],[77.13,21.722],[77.005,21.678],[76.897,21.596],[76.784,21.574],[76.796,21.489],[76.74,21.411],[76.621,21.332],[76.663,21.28],[76.623,21.185],[76.492,21.194],[76.437,21.1],[76.37,21.073],[76.192,21.087],[76.159,21.253],[76.096,21.371],[75.366,21.396],[75.207,21.413],[75.108,21.462],[75.052,21.566],[74.91,21.615],[74.819,21.609],[74.582,21.665],[74.505,21.726],[74.509,21.921],[74.39,22.022],[74.281,21.933],[74.147,21.953],[73.875,21.843],[73.824,21.761],[73.884,21.653],[73.812,21.603],[73.853,21.497],[73.983,21.54],[74.176,21.569],[74.321,21.529],[74.209,21.462],[74.062,21.464],[73.952,21.395],[73.942,21.299],[73.823,21.265],[73.816,21.174],[73.705,21.108],[73.892,20.979],[73.942,20.742],[73.874,20.73],[73.838,20.621],[73.67,20.563],[73.6,20.637],[73.448,20.692],[73.468,20.496],[73.399,20.384],[73.428,20.28],[73.265,20.14],[73.211,20.12],[73.056,20.099],[72.962,20.209],[72.87,20.228],[72.811,20.151],[72.737,20.135],[72.722,19.989],[72.664,19.934],[72.724,19.541],[72.76,19.372],[72.8,19.33],[72.776,19.225],[72.827,19.092],[72.811,18.894],[72.868,18.8],[72.866,18.652],[72.922,18.556],[72.895,18.463],[72.934,18.351],[73.009,18.245],[72.971,18.132],[73.124,17.753],[73.143,17.545],[73.223,17.355],[73.296,16.984],[73.28,16.898],[73.307,16.733],[73.351,16.613],[73.314,16.545],[73.387,16.357],[73.51,15.942],[73.589,15.91],[73.675,15.727],[73.939,15.743],[73.991,15.611],[74.118,15.652],[74.126,15.724],[74.202,15.759],[74.308,15.749],[74.345,15.85],[74.431,15.957],[74.491,16.104],[74.503,16.225],[74.351,16.275],[74.318,16.353],[74.333,16.455],[74.302,16.529],[74.489,16.63],[74.569,16.554],[74.688,16.618],[74.689,16.686],[74.772,16.751],[74.92,16.772],[74.923,16.939],[75.062,16.942],[75.182,16.843],[75.265,16.863],[75.28,16.957],[75.466,16.988],[75.489,16.944],[75.677,17.065],[75.604,17.306],[75.633,17.477],[75.78,17.376],[75.894,17.401],[75.934,17.323],[76.119,17.371],[76.272,17.361],[76.383,17.315],[76.365,17.515],[76.487,17.658],[76.531,17.758],[76.628,17.751],[76.691,17.686],[76.775,17.878],[76.884,17.894],[76.921,17.942],[76.952,18.188],[77.14,18.208],[77.242,18.413],[77.354,18.448],[77.414,18.393],[77.448,18.27],[77.551,18.292],[77.526,18.373],[77.6,18.527],[77.739,18.557],[77.73,18.667],[77.79,18.695],[77.84,18.805],[77.843,18.909],[77.8,19.051],[77.875,19.259],[77.945,19.342],[78.056,19.237],[78.175,19.238],[78.192,19.407],[78.304,19.456],[78.276,19.692],[78.343,19.713],[78.423,19.818],[78.552,19.824],[78.84,19.756],[78.86,19.689],[78.956,19.656],[78.998,19.54],[79.204,19.494],[79.273,19.599],[79.498,19.506],[79.603,19.515],[79.629,19.574],[79.735,19.605],[79.816,19.574],[79.945,19.47],[79.98,19.389],[79.931,19.251],[79.946,19.17],[79.874,19.124],[79.932,19.048],[79.962,18.867],[80.019,18.77],[80.124,18.681],[80.273,18.723]]]},"properties":{"name":"Mahārāshtra","iso3":"IND","isoCode":"IN-MH","id":"IND-maharashtra"}},
{"type":"Feature","geometry":{"type":"Polygon","coordinates":[[[95.234,26.682],[95.23,26.884],[95.195,27.031],[95.017,26.921],[94.866,26.909],[94.8,26.8],[94.653,26.719],[94.597,26.735],[94.403,26.611],[94.395,26.534],[94.172,26.43],[94.172,26.338],[94.048,26.249],[93.989,26.128],[93.954,25.969],[93.979,25.917],[93.787,25.816],[93.702,25.852],[93.586,25.766],[93.482,25.645],[93.401,25.611],[93.355,25.525],[93.455,25.434],[93.454,25.325],[93.605,25.199],[93.637,25.264],[93.889,25.565],[94.048,25.576],[94.222,25.491],[94.417,25.537],[94.425,25.587],[94.556,25.591],[94.554,25.503],[94.675,25.446],[94.806,25.492],[94.935,25.667],[95.041,25.742],[95.009,25.867],[95.186,26.073],[95.118,26.101],[95.132,26.378],[95.062,26.45],[95.234,26.682]]]},"properties":{"name":"Nāgāland","iso3":"IND","isoCode":"IN-NL","id":"IND-nagaland"}},
{"type":"Feature","geometry":{"type":"Polygon","coordinates":[[[73.049,8.266],[73.056,8.282],[73.04,8.272],[73.049,8.266]]]},"properties":{"name":"Lakshadweep","iso3":"IND","isoCode":"IN-LD","id":"IND-lakshadweep"}},
{"type":"Feature","geometry":{"type":"Polygon","coordinates":[[[77.576,30.397],[77.586,30.38],[77.587,30.315],[77.405,30.089],[77.285,30.042],[77.147,29.772],[77.096,29.52],[77.133,29.483],[77.133,29.224],[77.164,29.079],[77.233,28.919],[77.21,28.858],[77.199,28.798],[77.325,28.709],[77.298,28.58],[77.345,28.513],[77.478,28.419],[77.519,28.242],[77.501,28.059],[77.545,27.954],[77.284,27.801],[77.341,27.703],[77.34,27.527],[77.438,27.456],[77.681,27.194],[77.526,27.078],[77.602,27.023],[77.583,26.924],[77.398,26.83],[77.467,26.774],[77.723,26.874],[77.775,26.932],[77.878,26.902],[78.096,26.894],[78.125,26.949],[78.272,26.921],[78.223,26.831],[78.37,26.866],[78.395,26.817],[78.572,26.751],[78.722,26.796],[78.872,26.698],[78.993,26.677],[78.988,26.593],[79.068,26.497],[79.123,26.347],[78.994,26.146],[79.012,26.083],[78.887,25.883],[78.763,25.72],[78.812,25.621],[78.658,25.56],[78.493,25.579],[78.308,25.381],[78.427,25.146],[78.339,25.087],[78.334,24.995],[78.173,24.879],[78.277,24.663],[78.27,24.447],[78.366,24.386],[78.392,24.263],[78.502,24.39],[78.789,24.177],[78.888,24.227],[78.994,24.423],[78.915,24.458],[78.946,24.557],[78.877,24.642],[78.752,24.6],[78.79,24.811],[78.632,24.962],[78.653,25.051],[78.533,25.301],[78.608,25.415],[78.706,25.42],[78.842,25.513],[78.922,25.516],[78.953,25.4],[78.88,25.386],[79.126,25.161],[79.159,25.108],[79.314,25.136],[79.271,25.31],[79.447,25.245],[79.384,25.143],[79.492,25.08],[79.6,25.128],[79.866,25.141],[79.851,25.227],[80.005,25.267],[80.033,25.342],[80.131,25.334],[80.196,25.402],[80.315,25.389],[80.348,25.278],[80.432,25.178],[80.358,25.143],[80.392,25.064],[80.503,25.045],[80.624,25.089],[80.766,25.053],[80.838,24.928],[80.947,24.966],[80.996,24.928],[81.168,24.955],[81.335,25.169],[81.438,25.131],[81.579,25.191],[81.621,25.09],[81.793,25.004],[81.908,24.98],[81.904,24.899],[82.255,24.748],[82.364,24.598],[82.406,24.681],[82.539,24.648],[82.671,24.697],[82.769,24.604],[82.713,24.38],[82.773,24.308],[82.733,24.079],[82.81,23.963],[82.948,23.871],[83.141,23.885],[83.216,23.938],[83.33,24.102],[83.449,24.37],[83.402,24.503],[83.503,24.525],[83.52,24.678],[83.392,24.79],[83.343,24.963],[83.354,25.189],[83.642,25.34],[83.808,25.409],[83.921,25.552],[84.081,25.636],[84.154,25.727],[84.223,25.662],[84.324,25.67],[84.365,25.742],[84.52,25.675],[84.625,25.792],[84.511,25.871],[84.312,25.944],[84.056,26.1],[84.08,26.222],[84.177,26.265],[84.176,26.373],[83.911,26.45],[83.907,26.509],[84.048,26.536],[84.159,26.636],[84.285,26.6],[84.33,26.684],[84.22,26.872],[84.182,26.834],[84.052,26.906],[84.047,27.046],[83.948,27.113],[83.987,27.198],[83.864,27.344],[83.615,27.469],[83.388,27.479],[83.405,27.419],[83.338,27.334],[83.162,27.457],[83.035,27.449],[82.929,27.501],[82.735,27.503],[82.754,27.586],[82.709,27.718],[82.449,27.68],[82.07,27.923],[81.968,27.929],[81.9,27.854],[81.699,27.988],[81.644,27.993],[81.366,28.141],[81.233,28.289],[81.211,28.361],[81.123,28.376],[80.905,28.466],[80.714,28.569],[80.54,28.69],[80.378,28.629],[80.119,28.828],[80.065,28.837],[80.03,28.749],[79.954,28.723],[79.846,28.874],[79.707,28.841],[79.584,28.879],[79.426,28.866],[79.407,28.952],[79.307,28.967],[79.143,29.067],[79.051,29.157],[78.927,29.118],[78.876,29.225],[78.79,29.248],[78.795,29.325],[78.925,29.434],[78.8,29.465],[78.618,29.558],[78.541,29.627],[78.517,29.719],[78.336,29.797],[78.204,29.737],[78.131,29.653],[77.973,29.58],[77.97,29.666],[77.83,29.668],[77.723,29.855],[77.733,29.956],[77.8,30.087],[77.866,30.119],[77.944,30.239],[77.722,30.33],[77.648,30.405],[77.576,30.397]]]},"properties":{"name":"Uttar Pradesh","iso3":"IND","isoCode":"IN-UP","id":"IND-uttar-pradesh"}},
{"type":"Feature","geometry":{"type":"Polygon","coordinates":[[[79.807,11.834],[79.808,11.836],[79.749,11.922],[79.841,11.956],[79.857,12.007],[79.874,12.043],[80.057,12.326],[80.138,12.411],[80.255,12.781],[80.261,12.944],[80.347,13.313],[80.326,13.445],[80.268,13.564],[80.226,13.485],[80.028,13.539],[79.94,13.425],[79.938,13.356],[79.735,13.276],[79.606,13.288],[79.537,13.339],[79.432,13.337],[79.36,13.124],[79.234,13.105],[79.163,13.02],[78.982,13.086],[78.896,13.095],[78.621,12.991],[78.633,12.932],[78.592,12.783],[78.472,12.632],[78.379,12.625],[78.245,12.706],[78.231,12.761],[78.134,12.782],[78.077,12.84],[77.99,12.822],[77.836,12.87],[77.74,12.673],[77.599,12.667],[77.587,12.515],[77.635,12.488],[77.613,12.361],[77.472,12.208],[77.728,12.182],[77.774,12.121],[77.669,11.949],[77.493,11.941],[77.428,11.767],[77.294,11.809],[77.111,11.774],[76.908,11.795],[76.823,11.608],[76.567,11.619],[76.512,11.705],[76.431,11.666],[76.378,11.602],[76.233,11.568],[76.265,11.481],[76.369,11.456],[76.548,11.359],[76.534,11.186],[76.707,11.238],[76.747,11.133],[76.662,10.93],[76.831,10.871],[76.904,10.762],[76.839,10.596],[76.83,10.303],[76.984,10.222],[77.176,10.359],[77.288,10.232],[77.275,10.131],[77.204,10.088],[77.273,9.964],[77.218,9.905],[77.228,9.765],[77.198,9.614],[77.304,9.599],[77.399,9.496],[77.283,9.292],[77.268,9.153],[77.173,8.991],[77.264,8.842],[77.177,8.725],[77.275,8.538],[77.098,8.292],[77.331,8.127],[77.555,8.077],[77.583,8.137],[77.794,8.162],[77.891,8.27],[78.064,8.412],[78.143,8.502],[78.139,8.68],[78.195,8.752],[78.172,8.883],[78.227,8.973],[78.407,9.11],[78.578,9.13],[78.647,9.184],[78.876,9.257],[79.067,9.298],[78.903,9.463],[78.927,9.585],[78.98,9.69],[79.244,10.027],[79.228,10.147],[79.267,10.229],[79.381,10.316],[79.485,10.315],[79.768,10.272],[79.868,10.287],[79.841,10.828],[79.823,10.884],[79.725,10.929],[79.747,11.003],[79.854,10.983],[79.857,11.171],[79.803,11.455],[79.757,11.558],[79.796,11.785],[79.807,11.834]]]},"properties":{"name":"Tamil Nādu","iso3":"IND","isoCode":"IN-TN","id":"IND-tamil-nadu"}},
{"type":"Feature","geometry":{"type":"Polygon","coordinates":[[[80.273,18.723],[80.346,18.595],[80.455,18.63],[80.6,18.553],[80.732,18.401],[80.792,18.251],[80.737,18.177],[80.956,18.132],[81.008,17.798],[81.086,17.798],[81.168,17.856],[81.265,17.811],[81.396,17.82],[81.483,17.977],[81.537,18.269],[81.659,18.347],[81.75,18.354],[81.77,18.419],[81.951,18.57],[81.971,18.699],[82.157,18.786],[82.176,18.903],[82.246,18.919],[82.218,19.097],[82.167,19.136],[82.158,19.265],[82.186,19.427],[82.127,19.431],[82.047,19.534],[82.06,19.796],[81.852,19.923],[81.865,20.027],[81.946,20.105],[82.018,20.049],[82.269,19.975],[82.345,19.836],[82.418,19.904],[82.704,19.832],[82.718,19.989],[82.591,19.992],[82.401,20.055],[82.391,20.162],[82.438,20.434],[82.337,20.554],[82.377,20.632],[82.34,20.847],[82.56,20.947],[82.629,21.038],[82.64,21.155],[82.879,21.158],[83.131,21.106],[83.198,21.145],[83.274,21.377],[83.399,21.405],[83.338,21.502],[83.383,21.62],[83.443,21.655],[83.606,21.914],[83.537,21.978],[83.544,22.057],[83.627,22.204],[83.758,22.24],[83.864,22.343],[84.006,22.374],[84.047,22.469],[84.009,22.526],[84.024,22.592],[84.238,22.692],[84.382,22.968],[84.147,22.991],[84.133,23.083],[84.032,23.161],[84.075,23.333],[83.969,23.367],[83.938,23.569],[83.772,23.611],[83.723,23.689],[83.738,23.761],[83.667,23.844],[83.553,23.898],[83.514,23.996],[83.434,24.084],[83.33,24.102],[83.216,23.938],[83.141,23.885],[82.948,23.871],[82.81,23.963],[82.699,23.925],[82.635,23.838],[82.479,23.806],[82.082,23.816],[82.008,23.862],[81.773,23.816],[81.658,23.916],[81.609,23.903],[81.645,23.77],[81.696,23.721],[81.62,23.651],[81.61,23.555],[81.7,23.522],[81.923,23.533],[81.991,23.419],[82.114,23.384],[82.199,23.313],[82.126,23.104],[81.927,23.058],[81.95,22.983],[81.862,22.889],[81.776,22.874],[81.794,22.766],[81.729,22.676],[81.57,22.551],[81.428,22.48],[81.281,22.503],[81.173,22.488],[81.111,22.438],[81.119,22.291],[81.024,22.229],[81.022,22.133],[80.908,22.11],[80.843,21.946],[80.85,21.858],[80.804,21.745],[80.716,21.675],[80.735,21.46],[80.66,21.334],[80.615,21.227],[80.464,21.175],[80.426,21.006],[80.464,20.929],[80.535,20.934],[80.58,20.673],[80.626,20.578],[80.626,20.336],[80.398,20.244],[80.389,20.165],[80.552,20.118],[80.539,19.952],[80.452,19.957],[80.469,19.827],[80.676,19.699],[80.715,19.617],[80.895,19.52],[80.853,19.364],[80.711,19.282],[80.623,19.306],[80.563,19.399],[80.483,19.338],[80.273,18.993],[80.35,18.848],[80.273,18.723]]]},"properties":{"name":"Chhattīsgarh","iso3":"IND","isoCode":"IN-CT","id":"IND-chhattisgarh"}},
{"type":"Feature","geometry":{"type":"MultiPolygon","coordinates":[[[[72.962,20.209],[72.931,20.295],[73.078,20.323],[73.098,20.228],[73.211,20.12],[73.265,20.14],[73.428,20.28],[73.399,20.384],[73.468,20.496],[73.448,20.692],[73.6,20.637],[73.67,20.563],[73.838,20.621],[73.874,20.73],[73.942,20.742],[73.892,20.979],[73.705,21.108],[73.816,21.174],[73.823,21.265],[73.942,21.299],[73.952,21.395],[74.062,21.464],[74.209,21.462],[74.321,21.529],[74.176,21.569],[73.983,21.54],[73.853,21.497],[73.812,21.603],[73.884,21.653],[73.824,21.761],[73.875,21.843],[74.147,21.953],[74.099,21.999],[74.122,22.212],[74.052,22.294],[74.192,22.347],[74.215,22.441],[74.074,22.478],[74.21,22.565],[74.277,22.646],[74.384,22.646],[74.465,22.816],[74.459,22.911],[74.378,22.907],[74.324,23.061],[74.273,23.16],[74.128,23.176],[74.139,23.266],[74.029,23.332],[73.919,23.335],[73.83,23.426],[73.714,23.414],[73.633,23.47],[73.656,23.621],[73.569,23.653],[73.445,23.755],[73.372,23.77],[73.354,23.853],[73.413,23.939],[73.405,24.041],[73.325,24.077],[73.243,24.002],[73.067,24.195],[73.167,24.299],[73.001,24.469],[72.911,24.337],[72.85,24.372],[72.731,24.364],[72.656,24.462],[72.541,24.519],[72.457,24.415],[72.354,24.564],[72.29,24.55],[72.234,24.64],[72.165,24.621],[72.061,24.712],[71.984,24.686],[71.708,24.662],[71.478,24.68],[71.288,24.616],[71.097,24.689],[70.986,24.595],[70.986,24.365],[70.806,24.221],[70.571,24.251],[70.573,24.422],[70.11,24.295],[70.025,24.171],[69.732,24.171],[69.594,24.293],[69.505,24.269],[69.313,24.281],[69.194,24.236],[69.095,24.274],[69.003,24.223],[68.946,24.303],[68.857,24.214],[68.769,24.264],[68.753,23.971],[68.345,23.972],[68.208,23.875],[68.202,23.766],[68.119,23.616],[68.31,23.579],[68.326,23.496],[68.661,23.148],[69.196,22.838],[69.468,22.798],[69.713,22.806],[70.108,22.978],[70.298,23.21],[70.407,23.218],[70.505,23.177],[70.718,23.189],[70.689,23.117],[70.593,23.055],[70.46,22.85],[70.376,22.908],[70.292,22.766],[70.249,22.747],[70.175,22.593],[70.038,22.561],[69.861,22.462],[69.695,22.443],[69.649,22.357],[69.544,22.377],[69.364,22.317],[69.157,22.195],[69.181,22.379],[69.073,22.387],[69.007,22.44],[68.937,22.305],[68.954,22.245],[69.282,21.896],[69.706,21.537],[70.002,21.205],[70.257,20.974],[70.426,20.863],[70.586,20.782],[70.803,20.701],[70.92,20.743],[71.007,20.737],[71.149,20.758],[71.321,20.847],[71.462,20.881],[71.511,20.945],[71.762,21.022],[71.842,21.089],[72.112,21.199],[72.083,21.245],[72.211,21.421],[72.309,21.639],[72.235,21.697],[72.177,21.804],[72.203,21.913],[72.339,22.177],[72.373,22.316],[72.737,22.275],[72.567,22.182],[72.509,21.944],[72.522,21.88],[72.624,21.88],[72.612,21.585],[72.673,21.426],[72.6,21.29],[72.638,21.211],[72.627,21.085],[72.702,21.096],[72.747,20.956],[72.843,20.777],[72.898,20.583],[72.856,20.467],[72.821,20.368],[72.74,20.243],[72.737,20.135],[72.811,20.151],[72.87,20.228],[72.962,20.209]]],[[[72.343,22.023],[72.293,21.965],[72.323,21.818],[72.389,21.819],[72.439,21.93],[72.431,21.999],[72.343,22.023]]]]},"properties":{"name":"Gujarāt","iso3":"IND","isoCode":"IN-GJ","id":"IND-gujarat"}},
{"type":"Feature","geometry":{"type":"Polygon","coordinates":[[[77.21,28.858],[77.061,28.871],[76.946,28.798],[76.968,28.7],[76.842,28.556],[76.88,28.505],[77.014,28.54],[77.121,28.496],[77.174,28.405],[77.249,28.424],[77.345,28.513],[77.298,28.58],[77.325,28.709],[77.199,28.798],[77.21,28.858]]]},"properties":{"name":"Delhi","iso3":"IND","isoCode":"IN-DL","id":"IND-delhi"}},
{"type":"Feature","geometry":{"type":"Polygon","coordinates":[[[88.015,27.212],[88.154,27.11],[88.317,27.126],[88.431,27.079],[88.589,27.189],[88.746,27.142],[88.803,27.248],[88.915,27.331],[88.806,27.407],[88.777,27.469],[88.815,27.646],[88.865,27.742],[88.883,27.891],[88.843,27.976],[88.691,28.069],[88.136,27.88],[88.196,27.854],[88.143,27.663],[88.045,27.478],[88.068,27.335],[88.015,27.212]]]},"properties":{"name":"Sikkim","iso3":"IND","isoCode":"IN-SK","id":"IND-sikkim"}},
{"type":"Feature","geometry":{"type":"Polygon","coordinates":[[[92.212,24.504],[92.168,24.425],[92.082,24.375],[92.001,24.395],[91.922,24.338],[91.942,24.263],[91.911,24.131],[91.822,24.211],[91.757,24.145],[91.683,24.162],[91.54,24.073],[91.415,24.108],[91.373,24.002],[91.28,23.982],[91.219,23.879],[91.231,23.765],[91.167,23.75],[91.161,23.595],[91.255,23.487],[91.324,23.238],[91.449,23.26],[91.575,22.969],[91.712,22.984],[91.818,23.102],[91.764,23.31],[91.976,23.497],[91.937,23.689],[92.069,23.645],[92.118,23.73],[92.265,23.725],[92.257,23.813],[92.324,23.905],[92.308,23.968],[92.332,24.152],[92.292,24.25],[92.212,24.504]]]},"properties":{"name":"Tripura","iso3":"IND","isoCode":"IN-TR","id":"IND-tripura"}},
{"type":"Feature","geometry":{"type":"MultiPolygon","coordinates":[[[[88.015,27.212],[87.992,27.108],[88.121,26.95],[88.187,26.771],[88.163,26.646],[88.105,26.551],[88.226,26.48],[88.286,26.332],[88.158,26.256],[87.857,26.025],[87.831,25.871],[87.913,25.852],[87.908,25.774],[88.05,25.702],[88.022,25.596],[87.927,25.539],[87.765,25.384],[87.853,25.29],[87.818,25.242],[87.763,25.266],[87.711,25.258],[87.779,25.251],[87.779,25.144],[87.796,25.087],[87.958,24.971],[87.854,24.762],[87.903,24.714],[87.909,24.586],[87.803,24.562],[87.803,24.411],[87.685,24.246],[87.684,24.143],[87.582,24.154],[87.512,24.036],[87.439,23.982],[87.337,24.034],[87.234,24.032],[87.291,23.893],[87.123,23.796],[86.986,23.86],[86.889,23.844],[86.799,23.689],[86.705,23.697],[86.491,23.638],[86.368,23.541],[86.31,23.412],[86.148,23.465],[86.159,23.559],[86.042,23.586],[86.032,23.483],[85.876,23.481],[85.884,23.35],[85.82,23.268],[85.894,23.155],[86.024,23.145],[86.133,23.084],[86.223,22.995],[86.497,22.993],[86.422,22.811],[86.503,22.717],[86.641,22.658],[86.659,22.576],[86.766,22.576],[86.846,22.4],[86.792,22.222],[86.727,22.217],[86.852,22.103],[86.96,22.088],[87.028,22.038],[87.002,21.914],[87.236,21.957],[87.275,21.817],[87.444,21.768],[87.486,21.61],[87.694,21.658],[87.806,21.709],[87.982,21.864],[88.06,22.018],[88.148,21.961],[88.212,21.783],[88.236,21.645],[88.302,21.679],[88.256,21.801],[88.312,21.86],[88.445,21.917],[88.52,21.856],[88.705,21.99],[88.859,21.922],[88.933,21.943],[89.008,21.903],[89.066,21.942],[89.042,22.092],[89.069,22.194],[88.985,22.326],[88.996,22.472],[88.926,22.65],[88.912,22.759],[88.964,22.82],[88.897,22.897],[88.861,23.077],[88.981,23.192],[88.815,23.251],[88.749,23.321],[88.753,23.478],[88.593,23.617],[88.565,23.712],[88.585,23.87],[88.65,23.867],[88.769,23.983],[88.714,24.123],[88.741,24.254],[88.683,24.324],[88.559,24.308],[88.124,24.517],[88.024,24.688],[88.163,24.851],[88.137,24.936],[88.226,24.96],[88.268,24.891],[88.395,24.97],[88.448,25.041],[88.442,25.199],[88.712,25.208],[88.921,25.165],[88.985,25.305],[88.84,25.363],[88.8,25.524],[88.646,25.478],[88.541,25.511],[88.375,25.712],[88.267,25.782],[88.151,25.776],[88.093,25.93],[88.177,26.021],[88.177,26.148],[88.32,26.203],[88.368,26.305],[88.511,26.388],[88.459,26.467],[88.331,26.492],[88.378,26.597],[88.564,26.455],[88.698,26.388],[88.699,26.331],[89.059,26.254],[88.975,26.351],[89.075,26.396],[89.132,26.298],[89.155,26.139],[89.341,26.015],[89.48,25.996],[89.631,26.063],[89.607,26.179],[89.72,26.166],[89.72,26.257],[89.841,26.379],[89.869,26.454],[89.852,26.697],[89.764,26.699],[89.64,26.777],[89.37,26.857],[89.256,26.808],[89.129,26.807],[89.089,26.889],[88.975,26.913],[88.866,27.109],[88.746,27.142],[88.589,27.189],[88.431,27.079],[88.317,27.126],[88.154,27.11],[88.015,27.212]]],[[[88.144,21.654],[88.103,21.785],[88.033,21.688],[88.144,21.654]]],[[[88.789,21.667],[88.817,21.823],[88.714,21.902],[88.693,21.741],[88.789,21.667]]],[[[88.914,21.932],[88.851,21.915],[88.901,21.762],[88.965,21.807],[88.914,21.932]]]]},"properties":{"name":"West Bengal","iso3":"IND","isoCode":"IN-WB","id":"IND-west-bengal"}},
{"type":"Feature","geometry":{"type":"Polygon","coordinates":[[[81.396,17.82],[81.617,17.823],[81.808,17.956],[81.962,18.001],[82.006,18.057],[82.342,18.059],[82.343,18.281],[82.391,18.327],[82.38,18.433],[82.48,18.541],[82.541,18.422],[82.621,18.36],[82.59,18.281],[82.769,18.338],[82.814,18.452],[82.965,18.36],[83.046,18.544],[82.999,18.609],[83.137,18.786],[83.216,18.747],[83.402,18.844],[83.308,18.997],[83.478,19.009],[83.609,19.097],[83.7,19.025],[83.793,19.019],[83.851,18.859],[84.076,18.766],[84.319,18.788],[84.436,18.922],[84.429,18.97],[84.581,19.069],[84.605,19.13],[84.765,19.077],[84.817,19.165],[84.984,19.318],[85.307,19.562],[85.679,19.745],[86.058,19.85],[86.355,19.948],[86.513,20.159],[86.784,20.333],[86.73,20.442],[86.775,20.521],[87.056,20.715],[86.972,20.794],[86.977,20.861],[86.852,21.097],[86.863,21.223],[86.945,21.353],[87.148,21.509],[87.236,21.538],[87.396,21.54],[87.486,21.61],[87.444,21.768],[87.275,21.817],[87.236,21.957],[87.002,21.914],[87.028,22.038],[86.96,22.088],[86.852,22.103],[86.727,22.217],[86.488,22.345],[86.368,22.344],[86.269,22.442],[86.124,22.489],[86.069,22.556],[85.973,22.506],[86.029,22.334],[85.974,22.247],[86.031,22.19],[86.009,22.118],[85.912,21.989],[85.826,21.975],[85.757,22.078],[85.545,22.09],[85.371,22.161],[85.214,22.049],[85.03,22.162],[85.1,22.293],[85.057,22.486],[84.909,22.423],[84.759,22.447],[84.475,22.408],[84.4,22.346],[84.197,22.378],[84.143,22.472],[84.009,22.526],[84.047,22.469],[84.006,22.374],[83.864,22.343],[83.758,22.24],[83.627,22.204],[83.544,22.057],[83.537,21.978],[83.606,21.914],[83.443,21.655],[83.383,21.62],[83.338,21.502],[83.399,21.405],[83.274,21.377],[83.198,21.145],[83.131,21.106],[82.879,21.158],[82.64,21.155],[82.629,21.038],[82.56,20.947],[82.34,20.847],[82.377,20.632],[82.337,20.554],[82.438,20.434],[82.391,20.162],[82.401,20.055],[82.591,19.992],[82.718,19.989],[82.704,19.832],[82.418,19.904],[82.345,19.836],[82.269,19.975],[82.018,20.049],[81.946,20.105],[81.865,20.027],[81.852,19.923],[82.06,19.796],[82.047,19.534],[82.127,19.431],[82.186,19.427],[82.158,19.265],[82.167,19.136],[82.218,19.097],[82.246,18.919],[82.176,18.903],[82.157,18.786],[81.971,18.699],[81.951,18.57],[81.77,18.419],[81.75,18.354],[81.659,18.347],[81.537,18.269],[81.483,17.977],[81.396,17.82]]]},"properties":{"name":"Odisha","iso3":"IND","isoCode":"IN-OR","id":"IND-odisha"}},
{"type":"Feature","geometry":{"type":"Polygon","coordinates":[[[83.503,24.525],[83.719,24.503],[83.933,24.547],[83.998,24.638],[84.108,24.477],[84.259,24.534],[84.342,24.393],[84.502,24.288],[84.535,24.364],[84.749,24.496],[84.833,24.47],[84.917,24.373],[85.028,24.415],[85.089,24.372],[85.322,24.52],[85.491,24.548],[85.676,24.616],[85.737,24.821],[85.855,24.808],[85.92,24.745],[86.055,24.78],[86.129,24.699],[86.125,24.611],[86.285,24.588],[86.276,24.466],[86.467,24.381],[86.517,24.535],[86.603,24.602],[86.669,24.566],[86.787,24.616],[86.86,24.556],[86.933,24.631],[87.051,24.609],[87.079,24.778],[87.157,24.881],[87.146,25.019],[87.318,25.195],[87.473,25.238],[87.543,25.294],[87.692,25.312],[87.711,25.258],[87.763,25.266],[87.818,25.242],[87.853,25.29],[87.765,25.384],[87.927,25.539],[88.022,25.596],[88.05,25.702],[87.908,25.774],[87.913,25.852],[87.831,25.871],[87.857,26.025],[88.158,26.256],[88.286,26.332],[88.226,26.48],[88.105,26.551],[88.068,26.415],[87.992,26.393],[87.9,26.478],[87.767,26.411],[87.584,26.393],[87.464,26.44],[87.34,26.348],[87.235,26.415],[87.162,26.405],[87.016,26.532],[86.893,26.462],[86.747,26.429],[86.57,26.497],[86.542,26.538],[86.307,26.62],[86.218,26.589],[86.027,26.666],[85.859,26.569],[85.724,26.674],[85.735,26.796],[85.624,26.874],[85.495,26.797],[85.334,26.742],[85.197,26.77],[85.191,26.87],[84.969,26.916],[84.966,26.958],[84.643,27.046],[84.69,27.222],[84.62,27.339],[84.284,27.395],[84.259,27.451],[84.129,27.512],[84.046,27.446],[83.832,27.431],[83.864,27.344],[83.987,27.198],[83.948,27.113],[84.047,27.046],[84.052,26.906],[84.182,26.834],[84.22,26.872],[84.33,26.684],[84.285,26.6],[84.159,26.636],[84.048,26.536],[83.907,26.509],[83.911,26.45],[84.176,26.373],[84.177,26.265],[84.08,26.222],[84.056,26.1],[84.312,25.944],[84.511,25.871],[84.625,25.792],[84.52,25.675],[84.365,25.742],[84.324,25.67],[84.223,25.662],[84.154,25.727],[84.081,25.636],[83.921,25.552],[83.808,25.409],[83.642,25.34],[83.354,25.189],[83.343,24.963],[83.392,24.79],[83.52,24.678],[83.503,24.525]]]},"properties":{"name":"Bihār","iso3":"IND","isoCode":"IN-BR","id":"IND-bihar"}},
{"type":"Feature","geometry":{"type":"Polygon","coordinates":[[[74.133,35.107],[74.253,35.037],[74.515,35.095],[74.605,34.915],[74.73,34.837],[74.958,34.79],[75.103,34.897],[75.245,34.79],[75.254,34.603],[75.363,34.538],[75.404,34.285],[75.515,34.227],[75.69,34.194],[75.738,34.057],[75.89,33.969],[76.027,33.971],[76.263,33.749],[76.302,33.567],[76.507,33.51],[76.771,33.25],[76.972,33],[77.15,32.978],[77.164,32.919],[77.323,32.851],[77.469,32.858],[77.713,32.983],[77.811,32.907],[77.792,32.856],[77.934,32.761],[77.919,32.691],[78.016,32.62],[78.143,32.682],[78.219,32.665],[78.388,32.757],[78.399,32.526],[78.452,32.474],[78.433,32.52],[78.458,32.532],[78.672,32.619],[78.77,32.613],[78.78,32.578],[78.815,32.468],[78.968,32.355],[78.991,32.343],[79.087,32.387],[79.121,32.406],[79.304,32.564],[79.299,32.721],[79.164,33.056],[79.241,33.165],[79.067,33.255],[78.989,33.332],[78.988,33.333],[78.888,33.432],[78.872,33.716],[78.737,34.049],[78.975,34.13],[79.029,34.224],[78.984,34.356],[78.807,34.388],[78.651,34.523],[78.436,34.557],[78.283,34.631],[77.985,35.245],[78.047,35.531],[77.963,35.483],[77.949,35.475],[77.909,35.451],[77.472,35.475],[77.371,35.484],[77.26,35.494],[76.685,35.677],[76.518,35.83],[76.212,35.83],[75.95,36.115],[75.977,36.303],[75.908,36.508],[75.747,36.588],[75.581,36.77],[75.475,36.743],[75.351,36.946],[75.182,37.002],[74.933,36.985],[74.841,37.009],[74.769,37.027],[74.721,37.039],[74.654,37.056],[74.531,36.986],[74.429,36.989],[74.26,36.886],[74.051,36.806],[73.937,36.873],[73.71,36.912],[73.722,36.835],[73.861,36.788],[73.906,36.731],[73.7,36.684],[73.435,36.744],[73.314,36.706],[73.193,36.72],[73.084,36.682],[73.112,36.609],[72.991,36.457],[72.778,36.309],[72.596,36.264],[72.53,36.074],[72.595,36.027],[72.533,35.917],[72.694,35.833],[72.901,35.881],[73.153,35.841],[73.139,35.718],[73.402,35.566],[73.642,35.568],[73.784,35.525],[73.794,35.46],[73.699,35.323],[73.777,35.243],[73.916,35.212],[74.133,35.107]]]},"properties":{"name":"Ladākh","iso3":"IND","isoCode":"IN-LA","id":"IND-ladakh"}},
{"type":"Feature","geometry":{"type":"Polygon","coordinates":[[[77.284,27.801],[77.108,27.786],[76.898,27.678],[76.943,27.854],[76.931,27.994],[76.971,28.138],[76.875,28.218],[76.716,28.128],[76.605,28.004],[76.529,28.04],[76.476,28.149],[76.357,28.144],[76.357,28.067],[76.178,28.046],[76.168,27.903],[75.971,27.852],[75.938,27.914],[76.016,28.03],[75.946,28.107],[76.071,28.165],[75.93,28.359],[75.816,28.41],[75.561,28.613],[75.497,28.857],[75.52,29.004],[75.391,29.063],[75.412,29.243],[75.341,29.281],[75.21,29.235],[75.076,29.23],[74.961,29.281],[74.938,29.362],[74.851,29.404],[74.788,29.361],[74.607,29.356],[74.576,29.56],[74.616,29.752],[74.477,29.745],[74.561,29.87],[74.527,29.943],[73.895,29.974],[73.971,30.125],[73.973,30.198],[73.806,30.068],[73.597,30.019],[73.397,29.946],[73.282,29.572],[73.085,29.236],[73.004,29.153],[72.945,29.028],[72.732,28.948],[72.404,28.783],[72.299,28.67],[72.206,28.394],[72.016,28.228],[71.928,28.122],[71.898,27.962],[71.666,27.878],[71.383,27.872],[71.205,27.835],[70.906,27.71],[70.759,27.721],[70.684,27.828],[70.677,27.922],[70.589,28.01],[70.505,28.037],[70.372,28.012],[70.226,27.901],[70.123,27.788],[70.026,27.563],[69.863,27.402],[69.587,27.184],[69.513,27.01],[69.484,26.805],[69.51,26.744],[69.886,26.579],[70.056,26.601],[70.174,26.551],[70.175,26.251],[70.083,26.083],[70.1,25.938],[70.268,25.714],[70.387,25.674],[70.609,25.715],[70.674,25.676],[70.665,25.397],[70.751,25.278],[70.888,25.148],[70.937,24.939],[71.097,24.689],[71.288,24.616],[71.478,24.68],[71.708,24.662],[71.984,24.686],[72.061,24.712],[72.165,24.621],[72.234,24.64],[72.29,24.55],[72.354,24.564],[72.457,24.415],[72.541,24.519],[72.656,24.462],[72.731,24.364],[72.85,24.372],[72.911,24.337],[73.001,24.469],[73.167,24.299],[73.067,24.195],[73.243,24.002],[73.325,24.077],[73.405,24.041],[73.413,23.939],[73.354,23.853],[73.372,23.77],[73.445,23.755],[73.569,23.653],[73.656,23.621],[73.633,23.47],[73.714,23.414],[73.83,23.426],[73.919,23.335],[74.029,23.332],[74.139,23.266],[74.128,23.176],[74.273,23.16],[74.324,23.061],[74.386,23.111],[74.464,23.082],[74.649,23.175],[74.627,23.259],[74.515,23.316],[74.575,23.423],[74.701,23.504],[74.84,23.55],[74.937,23.629],[74.94,23.765],[74.902,23.873],[74.939,24.054],[74.868,24.243],[74.775,24.239],[74.781,24.338],[74.856,24.429],[74.744,24.469],[74.787,24.586],[74.992,24.693],[74.982,24.764],[74.861,24.799],[74.826,24.901],[75.048,24.85],[75.119,24.882],[75.114,24.967],[75.193,25.033],[75.334,25.041],[75.335,24.944],[75.216,24.802],[75.228,24.718],[75.455,24.681],[75.534,24.712],[75.646,24.685],[75.757,24.762],[75.915,24.572],[75.909,24.455],[75.74,24.377],[75.818,24.239],[75.752,24.148],[75.793,24.092],[75.765,23.993],[75.521,24.025],[75.459,23.921],[75.566,23.853],[75.584,23.795],[75.722,23.812],[75.766,23.851],[75.987,23.941],[75.963,24.019],[76.127,24.088],[76.117,24.194],[76.286,24.21],[76.34,24.244],[76.505,24.203],[76.616,24.258],[76.802,24.117],[76.901,24.127],[76.912,24.238],[76.841,24.323],[76.846,24.486],[76.978,24.461],[77.055,24.526],[77.065,24.644],[76.964,24.757],[76.856,24.742],[76.803,24.809],[76.94,24.857],[76.862,24.961],[76.876,25.042],[76.989,25.072],[77.082,25.058],[77.175,25.112],[77.376,25.105],[77.414,25.22],[77.332,25.427],[77.234,25.379],[77.209,25.306],[77.084,25.337],[77.031,25.295],[76.857,25.333],[76.778,25.315],[76.623,25.377],[76.516,25.528],[76.504,25.664],[76.53,25.811],[76.642,25.908],[76.791,25.943],[76.901,26.093],[77.204,26.23],[77.438,26.403],[77.524,26.407],[77.676,26.503],[77.833,26.561],[78.001,26.695],[78.096,26.681],[78.168,26.814],[78.223,26.831],[78.272,26.921],[78.125,26.949],[78.096,26.894],[77.878,26.902],[77.775,26.932],[77.723,26.874],[77.467,26.774],[77.398,26.83],[77.583,26.924],[77.602,27.023],[77.526,27.078],[77.681,27.194],[77.438,27.456],[77.34,27.527],[77.341,27.703],[77.284,27.801]]]},"properties":{"name":"Rājasthān","iso3":"IND","isoCode":"IN-RJ","id":"IND-rajasthan"}},
{"type":"Feature","geometry":{"type":"Polygon","coordinates":[[[77.551,18.292],[77.597,18.087],[77.649,17.999],[77.619,17.904],[77.452,17.695],[77.443,17.584],[77.662,17.523],[77.513,17.431],[77.378,17.14],[77.465,17.108],[77.502,17.009],[77.456,16.9],[77.467,16.78],[77.419,16.669],[77.468,16.61],[77.417,16.517],[77.265,16.473],[77.288,16.409],[77.421,16.366],[77.49,16.385],[77.595,16.318],[77.49,16.255],[77.513,15.927],[77.659,15.886],[77.804,15.874],[77.888,15.906],[78.099,15.836],[78.175,15.858],[78.299,16.012],[78.408,16.075],[78.558,16.045],[78.65,16.079],[78.736,16.008],[78.837,16.07],[78.833,16.137],[79.01,16.24],[79.172,16.21],[79.223,16.242],[79.208,16.385],[79.252,16.559],[79.419,16.58],[79.599,16.673],[79.793,16.726],[79.894,16.65],[79.963,16.644],[80.055,16.745],[80.073,16.817],[80.004,16.862],[80.055,16.971],[80.187,17.02],[80.283,17.008],[80.341,16.86],[80.464,16.795],[80.563,16.833],[80.602,16.919],[80.371,16.976],[80.465,17.03],[80.58,17.153],[80.699,17.084],[80.876,17.075],[80.919,17.22],[80.998,17.191],[81.159,17.231],[81.19,17.325],[81.274,17.317],[81.312,17.409],[81.203,17.434],[81.122,17.526],[81.015,17.522],[80.911,17.638],[80.886,17.736],[81.041,17.748],[81.086,17.798],[81.008,17.798],[80.956,18.132],[80.737,18.177],[80.792,18.251],[80.732,18.401],[80.6,18.553],[80.455,18.63],[80.346,18.595],[80.273,18.723],[80.124,18.681],[80.019,18.77],[79.962,18.867],[79.932,19.048],[79.874,19.124],[79.946,19.17],[79.931,19.251],[79.98,19.389],[79.945,19.47],[79.816,19.574],[79.735,19.605],[79.629,19.574],[79.603,19.515],[79.498,19.506],[79.273,19.599],[79.204,19.494],[78.998,19.54],[78.956,19.656],[78.86,19.689],[78.84,19.756],[78.552,19.824],[78.423,19.818],[78.343,19.713],[78.276,19.692],[78.304,19.456],[78.192,19.407],[78.175,19.238],[78.056,19.237],[77.945,19.342],[77.875,19.259],[77.8,19.051],[77.843,18.909],[77.84,18.805],[77.79,18.695],[77.73,18.667],[77.739,18.557],[77.6,18.527],[77.526,18.373],[77.551,18.292]]]},"properties":{"name":"Telangāna","iso3":"IND","isoCode":"IN-TG","id":"IND-telangana"}},
{"type":"Feature","geometry":{"type":"Polygon","coordinates":[[[80.268,13.564],[80.235,13.706],[80.255,13.776],[80.143,14.055],[80.131,14.229],[80.167,14.344],[80.196,14.587],[80.111,14.744],[80.047,15.081],[80.123,15.368],[80.206,15.473],[80.238,15.602],[80.346,15.752],[80.497,15.836],[80.64,15.878],[80.782,15.863],[80.844,15.707],[81.009,15.755],[81.001,15.832],[81.148,15.974],[81.214,16.208],[81.342,16.322],[81.511,16.355],[81.721,16.307],[81.973,16.41],[82.233,16.542],[82.312,16.562],[82.348,16.855],[82.248,16.905],[82.288,17.013],[82.422,17.156],[82.549,17.254],[82.726,17.355],[83.162,17.56],[83.347,17.726],[83.424,17.86],[83.569,18.01],[83.75,18.129],[84.072,18.277],[84.148,18.374],[84.355,18.555],[84.47,18.714],[84.551,18.791],[84.604,18.89],[84.765,19.077],[84.605,19.13],[84.581,19.069],[84.429,18.97],[84.436,18.922],[84.319,18.788],[84.076,18.766],[83.851,18.859],[83.793,19.019],[83.7,19.025],[83.609,19.097],[83.478,19.009],[83.308,18.997],[83.402,18.844],[83.216,18.747],[83.137,18.786],[82.999,18.609],[83.046,18.544],[82.965,18.36],[82.814,18.452],[82.769,18.338],[82.59,18.281],[82.621,18.36],[82.541,18.422],[82.48,18.541],[82.38,18.433],[82.391,18.327],[82.343,18.281],[82.342,18.059],[82.006,18.057],[81.962,18.001],[81.808,17.956],[81.617,17.823],[81.396,17.82],[81.265,17.811],[81.168,17.856],[81.086,17.798],[81.041,17.748],[80.886,17.736],[80.911,17.638],[81.015,17.522],[81.122,17.526],[81.203,17.434],[81.312,17.409],[81.274,17.317],[81.19,17.325],[81.159,17.231],[80.998,17.191],[80.919,17.22],[80.876,17.075],[80.699,17.084],[80.58,17.153],[80.465,17.03],[80.371,16.976],[80.602,16.919],[80.563,16.833],[80.464,16.795],[80.341,16.86],[80.283,17.008],[80.187,17.02],[80.055,16.971],[80.004,16.862],[80.073,16.817],[80.055,16.745],[79.963,16.644],[79.894,16.65],[79.793,16.726],[79.599,16.673],[79.419,16.58],[79.252,16.559],[79.208,16.385],[79.223,16.242],[79.172,16.21],[79.01,16.24],[78.833,16.137],[78.837,16.07],[78.736,16.008],[78.65,16.079],[78.558,16.045],[78.408,16.075],[78.299,16.012],[78.175,15.858],[78.099,15.836],[77.888,15.906],[77.804,15.874],[77.659,15.886],[77.513,15.927],[77.43,15.949],[77.185,15.957],[77.071,15.909],[77.03,15.635],[77.045,15.356],[77.152,15.276],[77.156,15.123],[77.113,15.034],[76.878,15.035],[76.8,15.096],[76.767,14.976],[76.867,14.97],[76.851,14.809],[76.803,14.742],[76.765,14.602],[76.806,14.531],[76.901,14.489],[76.948,14.413],[76.94,14.245],[77.11,14.268],[77.136,14.337],[77.393,14.336],[77.504,14.264],[77.504,14.157],[77.398,14.11],[77.332,14.031],[77.141,14.004],[77.032,14.057],[77.042,13.933],[76.976,13.817],[77.065,13.744],[77.173,13.762],[77.169,13.865],[77.362,13.854],[77.456,13.789],[77.492,13.69],[77.651,13.784],[77.789,13.823],[77.896,13.941],[77.927,13.905],[78.115,13.863],[78.114,13.657],[78.19,13.59],[78.385,13.592],[78.369,13.373],[78.554,13.283],[78.566,13.192],[78.462,13.043],[78.467,12.975],[78.356,12.941],[78.252,12.861],[78.231,12.761],[78.245,12.706],[78.379,12.625],[78.472,12.632],[78.592,12.783],[78.633,12.932],[78.621,12.991],[78.896,13.095],[78.982,13.086],[79.163,13.02],[79.234,13.105],[79.36,13.124],[79.432,13.337],[79.537,13.339],[79.606,13.288],[79.735,13.276],[79.938,13.356],[79.94,13.425],[80.028,13.539],[80.226,13.485],[80.268,13.564]]]},"properties":{"name":"Andhra Pradesh","iso3":"IND","isoCode":"IN-AP","id":"IND-andhra-pradesh"}},
{"type":"Feature","geometry":{"type":"Polygon","coordinates":[[[92.265,23.725],[92.33,23.447],[92.4,23.236],[92.351,23.232],[92.392,23.057],[92.376,22.929],[92.464,22.854],[92.508,22.737],[92.528,22.557],[92.584,22.299],[92.575,22.115],[92.598,22.009],[92.68,22.012],[92.727,22.149],[92.915,21.98],[92.994,22.031],[93.043,22.2],[93.161,22.197],[93.199,22.256],[93.185,22.428],[93.109,22.525],[93.138,22.584],[93.091,22.705],[93.094,22.806],[93.15,22.908],[93.127,23.044],[93.241,23.007],[93.32,23.029],[93.377,23.133],[93.365,23.306],[93.429,23.687],[93.395,23.749],[93.395,23.924],[93.326,24.049],[93.225,24.085],[93.167,24.051],[92.991,24.116],[93.04,24.341],[93.009,24.412],[92.845,24.38],[92.763,24.521],[92.69,24.354],[92.524,24.172],[92.436,24.153],[92.422,24.255],[92.292,24.25],[92.332,24.152],[92.308,23.968],[92.324,23.905],[92.257,23.813],[92.265,23.725]]]},"properties":{"name":"Mizoram","iso3":"IND","isoCode":"IN-MZ","id":"IND-mizoram"}},
{"type":"Feature","geometry":{"type":"MultiPolygon","coordinates":[[[[95.234,26.682],[95.303,26.651],[95.431,26.7],[95.543,26.835],[95.601,26.811],[95.667,26.903],[95.745,26.896],[95.796,26.998],[95.946,27.051],[96.023,27.18],[96.112,27.232],[96.307,27.294],[96.524,27.286],[96.606,27.366],[96.797,27.346],[96.886,27.227],[97.044,27.108],[97.163,27.143],[96.998,27.319],[96.903,27.453],[96.89,27.606],[97.022,27.742],[97.131,27.8],[96.93,27.87],[96.605,28.076],[96.345,28.176],[96.084,28.181],[95.868,28.286],[95.543,28.157],[95.337,28.047],[95.136,27.87],[94.886,27.739],[95.309,27.868],[95.379,27.839],[95.52,27.881],[95.605,27.955],[95.824,27.972],[95.971,27.963],[95.776,27.754],[95.795,27.598],[95.877,27.544],[95.842,27.427],[95.941,27.437],[96.018,27.37],[95.947,27.304],[95.587,27.223],[95.457,27.209],[95.453,27.13],[95.195,27.031],[95.23,26.884],[95.234,26.682]]],[[[94.85,27.721],[94.573,27.669],[94.334,27.584],[94.462,27.555],[94.85,27.721]]],[[[93.707,27.006],[93.451,26.948],[93.66,26.967],[93.707,27.006]]],[[[92.131,26.89],[92.114,26.922],[92.112,26.892],[92.131,26.89]]],[[[92.037,27.139],[92.121,27.286],[92.071,27.277],[92.037,27.139]]],[[[92.022,27.446],[92.06,27.703],[91.946,27.728],[91.858,27.747],[91.631,27.796],[91.626,27.706],[91.564,27.584],[91.655,27.483],[91.851,27.482],[92.022,27.446]]]]},"properties":{"name":"Arunāchal Pradesh","iso3":"IND","isoCode":"IN-AR","id":"IND-arunachal-pradesh"}},
{"type":"Feature","geometry":{"type":"Polygon","coordinates":[[[92.425,25.03],[92.525,25.135],[92.628,25.138],[92.776,25.2],[92.792,25.283],[92.724,25.379],[92.574,25.491],[92.643,25.535],[92.506,25.616],[92.444,25.72],[92.217,25.705],[92.151,25.817],[92.215,25.895],[92.164,25.97],[92.208,26.071],[91.934,26.01],[91.82,26.117],[91.731,26.059],[91.72,25.954],[91.571,26.026],[91.499,25.896],[91.322,25.822],[91.222,25.723],[91.204,25.843],[91.001,25.825],[90.957,25.935],[90.708,25.952],[90.632,25.92],[90.476,26.01],[90.187,25.95],[90.025,25.896],[89.955,25.767],[89.894,25.735],[90.003,25.586],[89.878,25.55],[89.854,25.467],[89.814,25.37],[89.908,25.308],[90.112,25.224],[90.332,25.192],[90.445,25.144],[90.51,25.168],[90.869,25.16],[91.082,25.202],[91.265,25.207],[91.493,25.135],[91.603,25.174],[91.642,25.124],[91.747,25.172],[92.081,25.184],[92.229,25.097],[92.425,25.03]]]},"properties":{"name":"Meghālaya","iso3":"IND","isoCode":"IN-ML","id":"IND-meghalaya"}},
{"type":"Feature","geometry":{"type":"Polygon","coordinates":[[[83.33,24.102],[83.434,24.084],[83.514,23.996],[83.553,23.898],[83.667,23.844],[83.738,23.761],[83.723,23.689],[83.772,23.611],[83.938,23.569],[83.969,23.367],[84.075,23.333],[84.032,23.161],[84.133,23.083],[84.147,22.991],[84.382,22.968],[84.238,22.692],[84.024,22.592],[84.009,22.526],[84.143,22.472],[84.197,22.378],[84.4,22.346],[84.475,22.408],[84.759,22.447],[84.909,22.423],[85.057,22.486],[85.1,22.293],[85.03,22.162],[85.214,22.049],[85.371,22.161],[85.545,22.09],[85.757,22.078],[85.826,21.975],[85.912,21.989],[86.009,22.118],[86.031,22.19],[85.974,22.247],[86.029,22.334],[85.973,22.506],[86.069,22.556],[86.124,22.489],[86.269,22.442],[86.368,22.344],[86.488,22.345],[86.727,22.217],[86.792,22.222],[86.846,22.4],[86.766,22.576],[86.659,22.576],[86.641,22.658],[86.503,22.717],[86.422,22.811],[86.497,22.993],[86.223,22.995],[86.133,23.084],[86.024,23.145],[85.894,23.155],[85.82,23.268],[85.884,23.35],[85.876,23.481],[86.032,23.483],[86.042,23.586],[86.159,23.559],[86.148,23.465],[86.31,23.412],[86.368,23.541],[86.491,23.638],[86.705,23.697],[86.799,23.689],[86.889,23.844],[86.986,23.86],[87.123,23.796],[87.291,23.893],[87.234,24.032],[87.337,24.034],[87.439,23.982],[87.512,24.036],[87.582,24.154],[87.684,24.143],[87.685,24.246],[87.803,24.411],[87.803,24.562],[87.909,24.586],[87.903,24.714],[87.854,24.762],[87.958,24.971],[87.796,25.087],[87.779,25.144],[87.779,25.251],[87.711,25.258],[87.692,25.312],[87.543,25.294],[87.473,25.238],[87.318,25.195],[87.146,25.019],[87.157,24.881],[87.079,24.778],[87.051,24.609],[86.933,24.631],[86.86,24.556],[86.787,24.616],[86.669,24.566],[86.603,24.602],[86.517,24.535],[86.467,24.381],[86.276,24.466],[86.285,24.588],[86.125,24.611],[86.129,24.699],[86.055,24.78],[85.92,24.745],[85.855,24.808],[85.737,24.821],[85.676,24.616],[85.491,24.548],[85.322,24.52],[85.089,24.372],[85.028,24.415],[84.917,24.373],[84.833,24.47],[84.749,24.496],[84.535,24.364],[84.502,24.288],[84.342,24.393],[84.259,24.534],[84.108,24.477],[83.998,24.638],[83.933,24.547],[83.719,24.503],[83.503,24.525],[83.402,24.503],[83.449,24.37],[83.33,24.102]]]},"properties":{"name":"Jhārkhand","iso3":"IND","isoCode":"IN-JH","id":"IND-jharkhand"}},
{"type":"Feature","geometry":{"type":"Polygon","coordinates":[[[95.195,27.031],[95.453,27.13],[95.457,27.209],[95.587,27.223],[95.947,27.304],[96.018,27.37],[95.941,27.437],[95.842,27.427],[95.877,27.544],[95.795,27.598],[95.776,27.754],[95.971,27.963],[95.824,27.972],[95.605,27.955],[95.52,27.881],[95.379,27.839],[95.309,27.868],[94.886,27.739],[94.85,27.721],[94.462,27.555],[94.334,27.584],[94.257,27.557],[94.191,27.493],[94.159,27.462],[94.158,27.461],[94.155,27.458],[94.15,27.454],[94.072,27.38],[94.04,27.352],[93.81,27.123],[93.745,27.029],[93.707,27.006],[93.66,26.967],[93.451,26.948],[93.089,26.904],[93.025,26.914],[93.019,26.915],[92.787,26.953],[92.286,26.904],[92.274,26.903],[92.212,26.896],[92.162,26.891],[92.131,26.89],[92.112,26.892],[92.056,26.847],[91.893,26.919],[91.721,26.812],[91.495,26.791],[91.408,26.84],[91.337,26.781],[91.098,26.822],[90.992,26.791],[90.693,26.771],[90.546,26.817],[90.418,26.904],[90.195,26.774],[89.852,26.697],[89.869,26.454],[89.841,26.379],[89.72,26.257],[89.72,26.166],[89.784,26.105],[89.848,25.943],[89.835,25.716],[89.882,25.617],[89.854,25.467],[89.878,25.55],[90.003,25.586],[89.894,25.735],[89.955,25.767],[90.025,25.896],[90.187,25.95],[90.476,26.01],[90.632,25.92],[90.708,25.952],[90.957,25.935],[91.001,25.825],[91.204,25.843],[91.222,25.723],[91.322,25.822],[91.499,25.896],[91.571,26.026],[91.72,25.954],[91.731,26.059],[91.82,26.117],[91.934,26.01],[92.208,26.071],[92.164,25.97],[92.215,25.895],[92.151,25.817],[92.217,25.705],[92.444,25.72],[92.506,25.616],[92.643,25.535],[92.574,25.491],[92.724,25.379],[92.792,25.283],[92.776,25.2],[92.628,25.138],[92.525,25.135],[92.425,25.03],[92.497,24.902],[92.386,24.852],[92.249,24.909],[92.296,24.737],[92.212,24.504],[92.292,24.25],[92.422,24.255],[92.436,24.153],[92.524,24.172],[92.69,24.354],[92.763,24.521],[92.845,24.38],[93.009,24.412],[93.089,24.573],[93.082,24.702],[93.111,24.801],[93.249,24.915],[93.247,25.018],[93.332,25.093],[93.351,25.183],[93.454,25.325],[93.455,25.434],[93.355,25.525],[93.401,25.611],[93.482,25.645],[93.586,25.766],[93.702,25.852],[93.787,25.816],[93.979,25.917],[93.954,25.969],[93.989,26.128],[94.048,26.249],[94.172,26.338],[94.172,26.43],[94.395,26.534],[94.403,26.611],[94.597,26.735],[94.653,26.719],[94.8,26.8],[94.866,26.909],[95.017,26.921],[95.195,27.031]]]},"properties":{"name":"Assam","iso3":"IND","isoCode":"IN-AS","id":"IND-assam"}},
{"type":"Feature","geometry":{"type":"Polygon","coordinates":[[[93.454,25.325],[93.351,25.183],[93.332,25.093],[93.247,25.018],[93.249,24.915],[93.111,24.801],[93.082,24.702],[93.089,24.573],[93.009,24.412],[93.04,24.341],[92.991,24.116],[93.167,24.051],[93.225,24.085],[93.326,24.049],[93.422,24.064],[93.471,23.965],[93.585,23.96],[93.617,24.007],[93.754,24.006],[93.82,23.924],[93.893,23.953],[94.017,23.927],[94.157,23.848],[94.237,24.035],[94.26,24.165],[94.408,24.44],[94.455,24.566],[94.628,24.756],[94.632,24.84],[94.714,24.935],[94.736,25.135],[94.592,25.192],[94.585,25.267],[94.675,25.446],[94.554,25.503],[94.556,25.591],[94.425,25.587],[94.417,25.537],[94.222,25.491],[94.048,25.576],[93.889,25.565],[93.637,25.264],[93.605,25.199],[93.454,25.325]]]},"properties":{"name":"Manipur","iso3":"IND","isoCode":"IN-MN","id":"IND-manipur"}},
{"type":"Feature","geometry":{"type":"Polygon","coordinates":[[[74.118,15.652],[74.236,15.669],[74.264,15.616],[74.283,15.383],[74.323,15.368],[74.317,15.184],[74.273,15.098],[74.252,14.959],[74.086,14.901],[74.118,14.786],[74.283,14.675],[74.28,14.61],[74.364,14.494],[74.47,14.188],[74.515,13.987],[74.61,13.86],[74.681,13.553],[74.698,13.347],[74.752,13.174],[74.825,12.848],[74.87,12.761],[75.161,12.673],[75.22,12.568],[75.372,12.477],[75.436,12.295],[75.505,12.271],[75.577,12.157],[75.801,12.037],[75.88,11.949],[76.003,11.931],[76.112,11.979],[76.115,11.867],[76.187,11.872],[76.34,11.739],[76.412,11.759],[76.431,11.666],[76.512,11.705],[76.567,11.619],[76.823,11.608],[76.908,11.795],[77.111,11.774],[77.294,11.809],[77.428,11.767],[77.493,11.941],[77.669,11.949],[77.774,12.121],[77.728,12.182],[77.472,12.208],[77.613,12.361],[77.635,12.488],[77.587,12.515],[77.599,12.667],[77.74,12.673],[77.836,12.87],[77.99,12.822],[78.077,12.84],[78.134,12.782],[78.231,12.761],[78.252,12.861],[78.356,12.941],[78.467,12.975],[78.462,13.043],[78.566,13.192],[78.554,13.283],[78.369,13.373],[78.385,13.592],[78.19,13.59],[78.114,13.657],[78.115,13.863],[77.927,13.905],[77.896,13.941],[77.789,13.823],[77.651,13.784],[77.492,13.69],[77.456,13.789],[77.362,13.854],[77.169,13.865],[77.173,13.762],[77.065,13.744],[76.976,13.817],[77.042,13.933],[77.032,14.057],[77.141,14.004],[77.332,14.031],[77.398,14.11],[77.504,14.157],[77.504,14.264],[77.393,14.336],[77.136,14.337],[77.11,14.268],[76.94,14.245],[76.948,14.413],[76.901,14.489],[76.806,14.531],[76.765,14.602],[76.803,14.742],[76.851,14.809],[76.867,14.97],[76.767,14.976],[76.8,15.096],[76.878,15.035],[77.113,15.034],[77.156,15.123],[77.152,15.276],[77.045,15.356],[77.03,15.635],[77.071,15.909],[77.185,15.957],[77.43,15.949],[77.513,15.927],[77.49,16.255],[77.595,16.318],[77.49,16.385],[77.421,16.366],[77.288,16.409],[77.265,16.473],[77.417,16.517],[77.468,16.61],[77.419,16.669],[77.467,16.78],[77.456,16.9],[77.502,17.009],[77.465,17.108],[77.378,17.14],[77.513,17.431],[77.662,17.523],[77.443,17.584],[77.452,17.695],[77.619,17.904],[77.649,17.999],[77.597,18.087],[77.551,18.292],[77.448,18.27],[77.414,18.393],[77.354,18.448],[77.242,18.413],[77.14,18.208],[76.952,18.188],[76.921,17.942],[76.884,17.894],[76.775,17.878],[76.691,17.686],[76.628,17.751],[76.531,17.758],[76.487,17.658],[76.365,17.515],[76.383,17.315],[76.272,17.361],[76.119,17.371],[75.934,17.323],[75.894,17.401],[75.78,17.376],[75.633,17.477],[75.604,17.306],[75.677,17.065],[75.489,16.944],[75.466,16.988],[75.28,16.957],[75.265,16.863],[75.182,16.843],[75.062,16.942],[74.923,16.939],[74.92,16.772],[74.772,16.751],[74.689,16.686],[74.688,16.618],[74.569,16.554],[74.489,16.63],[74.302,16.529],[74.333,16.455],[74.318,16.353],[74.351,16.275],[74.503,16.225],[74.491,16.104],[74.431,15.957],[74.345,15.85],[74.308,15.749],[74.202,15.759],[74.126,15.724],[74.118,15.652]]]},"properties":{"name":"Karnātaka","iso3":"IND","isoCode":"IN-KA","id":"IND-karnataka"}},
{"type":"Feature","geometry":{"type":"Polygon","coordinates":[[[80.065,28.837],[80.059,28.916],[80.127,29.006],[80.145,29.103],[80.259,29.188],[80.318,29.313],[80.245,29.448],[80.409,29.598],[80.368,29.724],[80.407,29.794],[80.554,29.849],[80.602,29.957],[80.675,29.957],[80.878,30.134],[81.016,30.196],[80.672,30.384],[80.353,30.523],[80.335,30.533],[80.271,30.568],[80.213,30.599],[80.117,30.78],[80.085,30.8],[79.864,30.9],[79.59,30.888],[79.362,31.025],[79.081,31.001],[78.986,31.108],[78.891,31.097],[78.797,31.196],[78.662,31.189],[78.578,31.225],[78.484,31.199],[78.37,31.286],[78.16,31.226],[78.03,31.164],[77.909,31.154],[77.754,30.965],[77.748,30.822],[77.704,30.765],[77.787,30.656],[77.743,30.594],[77.819,30.508],[77.576,30.397],[77.648,30.405],[77.722,30.33],[77.944,30.239],[77.866,30.119],[77.8,30.087],[77.733,29.956],[77.723,29.855],[77.83,29.668],[77.97,29.666],[77.973,29.58],[78.131,29.653],[78.204,29.737],[78.336,29.797],[78.517,29.719],[78.541,29.627],[78.618,29.558],[78.8,29.465],[78.925,29.434],[78.795,29.325],[78.79,29.248],[78.876,29.225],[78.927,29.118],[79.051,29.157],[79.143,29.067],[79.307,28.967],[79.407,28.952],[79.426,28.866],[79.584,28.879],[79.707,28.841],[79.846,28.874],[79.954,28.723],[80.03,28.749],[80.065,28.837]]]},"properties":{"name":"Uttarākhand","iso3":"IND","isoCode":"IN-UT","id":"IND-uttarakhand"}},
{"type":"Feature","geometry":{"type":"Polygon","coordinates":[[[73.211,20.12],[73.098,20.228],[73.078,20.323],[72.931,20.295],[72.962,20.209],[73.056,20.099],[73.211,20.12]]]},"properties":{"name":"Dādra and Nagar Haveli and Damān and Diu","iso3":"IND","isoCode":"IN-DH","id":"IND-dadra-and-nagar-haveli-and-daman-and-diu"}},
{"type":"Feature","geometry":{"type":"Polygon","coordinates":[[[80.66,21.334],[80.735,21.46],[80.716,21.675],[80.804,21.745],[80.85,21.858],[80.843,21.946],[80.908,22.11],[81.022,22.133],[81.024,22.229],[81.119,22.291],[81.111,22.438],[81.173,22.488],[81.281,22.503],[81.428,22.48],[81.57,22.551],[81.729,22.676],[81.794,22.766],[81.776,22.874],[81.862,22.889],[81.95,22.983],[81.927,23.058],[82.126,23.104],[82.199,23.313],[82.114,23.384],[81.991,23.419],[81.923,23.533],[81.7,23.522],[81.61,23.555],[81.62,23.651],[81.696,23.721],[81.645,23.77],[81.609,23.903],[81.658,23.916],[81.773,23.816],[82.008,23.862],[82.082,23.816],[82.479,23.806],[82.635,23.838],[82.699,23.925],[82.81,23.963],[82.733,24.079],[82.773,24.308],[82.713,24.38],[82.769,24.604],[82.671,24.697],[82.539,24.648],[82.406,24.681],[82.364,24.598],[82.255,24.748],[81.904,24.899],[81.908,24.98],[81.793,25.004],[81.621,25.09],[81.579,25.191],[81.438,25.131],[81.335,25.169],[81.168,24.955],[80.996,24.928],[80.947,24.966],[80.838,24.928],[80.766,25.053],[80.624,25.089],[80.503,25.045],[80.392,25.064],[80.358,25.143],[80.432,25.178],[80.348,25.278],[80.315,25.389],[80.196,25.402],[80.131,25.334],[80.033,25.342],[80.005,25.267],[79.851,25.227],[79.866,25.141],[79.6,25.128],[79.492,25.08],[79.384,25.143],[79.447,25.245],[79.271,25.31],[79.314,25.136],[79.159,25.108],[79.126,25.161],[78.88,25.386],[78.953,25.4],[78.922,25.516],[78.842,25.513],[78.706,25.42],[78.608,25.415],[78.533,25.301],[78.653,25.051],[78.632,24.962],[78.79,24.811],[78.752,24.6],[78.877,24.642],[78.946,24.557],[78.915,24.458],[78.994,24.423],[78.888,24.227],[78.789,24.177],[78.502,24.39],[78.392,24.263],[78.366,24.386],[78.27,24.447],[78.277,24.663],[78.173,24.879],[78.334,24.995],[78.339,25.087],[78.427,25.146],[78.308,25.381],[78.493,25.579],[78.658,25.56],[78.812,25.621],[78.763,25.72],[78.887,25.883],[79.012,26.083],[78.994,26.146],[79.123,26.347],[79.068,26.497],[78.988,26.593],[78.993,26.677],[78.872,26.698],[78.722,26.796],[78.572,26.751],[78.395,26.817],[78.37,26.866],[78.223,26.831],[78.168,26.814],[78.096,26.681],[78.001,26.695],[77.833,26.561],[77.676,26.503],[77.524,26.407],[77.438,26.403],[77.204,26.23],[76.901,26.093],[76.791,25.943],[76.642,25.908],[76.53,25.811],[76.504,25.664],[76.516,25.528],[76.623,25.377],[76.778,25.315],[76.857,25.333],[77.031,25.295],[77.084,25.337],[77.209,25.306],[77.234,25.379],[77.332,25.427],[77.414,25.22],[77.376,25.105],[77.175,25.112],[77.082,25.058],[76.989,25.072],[76.876,25.042],[76.862,24.961],[76.94,24.857],[76.803,24.809],[76.856,24.742],[76.964,24.757],[77.065,24.644],[77.055,24.526],[76.978,24.461],[76.846,24.486],[76.841,24.323],[76.912,24.238],[76.901,24.127],[76.802,24.117],[76.616,24.258],[76.505,24.203],[76.34,24.244],[76.286,24.21],[76.117,24.194],[76.127,24.088],[75.963,24.019],[75.987,23.941],[75.766,23.851],[75.722,23.812],[75.584,23.795],[75.566,23.853],[75.459,23.921],[75.521,24.025],[75.765,23.993],[75.793,24.092],[75.752,24.148],[75.818,24.239],[75.74,24.377],[75.909,24.455],[75.915,24.572],[75.757,24.762],[75.646,24.685],[75.534,24.712],[75.455,24.681],[75.228,24.718],[75.216,24.802],[75.335,24.944],[75.334,25.041],[75.193,25.033],[75.114,24.967],[75.119,24.882],[75.048,24.85],[74.826,24.901],[74.861,24.799],[74.982,24.764],[74.992,24.693],[74.787,24.586],[74.744,24.469],[74.856,24.429],[74.781,24.338],[74.775,24.239],[74.868,24.243],[74.939,24.054],[74.902,23.873],[74.94,23.765],[74.937,23.629],[74.84,23.55],[74.701,23.504],[74.575,23.423],[74.515,23.316],[74.627,23.259],[74.649,23.175],[74.464,23.082],[74.386,23.111],[74.324,23.061],[74.378,22.907],[74.459,22.911],[74.465,22.816],[74.384,22.646],[74.277,22.646],[74.21,22.565],[74.074,22.478],[74.215,22.441],[74.192,22.347],[74.052,22.294],[74.122,22.212],[74.099,21.999],[74.147,21.953],[74.281,21.933],[74.39,22.022],[74.509,21.921],[74.505,21.726],[74.582,21.665],[74.819,21.609],[74.91,21.615],[75.052,21.566],[75.108,21.462],[75.207,21.413],[75.366,21.396],[76.096,21.371],[76.159,21.253],[76.192,21.087],[76.37,21.073],[76.437,21.1],[76.492,21.194],[76.623,21.185],[76.663,21.28],[76.621,21.332],[76.74,21.411],[76.796,21.489],[76.784,21.574],[76.897,21.596],[77.005,21.678],[77.13,21.722],[77.21,21.69],[77.324,21.753],[77.503,21.746],[77.562,21.666],[77.582,21.554],[77.455,21.554],[77.49,21.378],[77.695,21.378],[77.822,21.407],[77.907,21.378],[78.082,21.445],[78.223,21.553],[78.407,21.609],[78.44,21.502],[78.585,21.487],[78.899,21.5],[78.917,21.591],[79.076,21.605],[79.221,21.693],[79.496,21.674],[79.512,21.584],[79.581,21.541],[79.742,21.603],[79.863,21.531],[80.072,21.557],[80.193,21.635],[80.27,21.616],[80.376,21.523],[80.422,21.44],[80.621,21.32],[80.66,21.334]]]},"properties":{"name":"Madhya Pradesh","iso3":"IND","isoCode":"IN-MP","id":"IND-madhya-pradesh"}},
{"type":"Feature","geometry":{"type":"Polygon","coordinates":[[[73.675,15.727],[73.768,15.501],[73.849,15.452],[73.982,15.053],[74.086,14.901],[74.252,14.959],[74.273,15.098],[74.317,15.184],[74.323,15.368],[74.283,15.383],[74.264,15.616],[74.236,15.669],[74.118,15.652],[73.991,15.611],[73.939,15.743],[73.675,15.727]]]},"properties":{"name":"Goa","iso3":"IND","isoCode":"IN-GA","id":"IND-goa"}},
{"type":"Feature","geometry":{"type":"Polygon","coordinates":[[[75.537,11.694],[75.619,11.487],[75.681,11.451],[75.83,11.117],[75.91,10.793],[76.117,10.334],[76.261,9.881],[76.308,9.542],[76.34,9.41],[76.517,9.018],[76.548,8.903],[76.699,8.739],[77.004,8.369],[77.098,8.292],[77.275,8.538],[77.177,8.725],[77.264,8.842],[77.173,8.991],[77.268,9.153],[77.283,9.292],[77.399,9.496],[77.304,9.599],[77.198,9.614],[77.228,9.765],[77.218,9.905],[77.273,9.964],[77.204,10.088],[77.275,10.131],[77.288,10.232],[77.176,10.359],[76.984,10.222],[76.83,10.303],[76.839,10.596],[76.904,10.762],[76.831,10.871],[76.662,10.93],[76.747,11.133],[76.707,11.238],[76.534,11.186],[76.548,11.359],[76.369,11.456],[76.265,11.481],[76.233,11.568],[76.378,11.602],[76.431,11.666],[76.412,11.759],[76.34,11.739],[76.187,11.872],[76.115,11.867],[76.112,11.979],[76.003,11.931],[75.88,11.949],[75.801,12.037],[75.577,12.157],[75.505,12.271],[75.436,12.295],[75.372,12.477],[75.22,12.568],[75.161,12.673],[74.87,12.761],[74.974,12.501],[75.042,12.389],[75.202,12.01],[75.25,12.01],[75.531,11.704],[75.537,11.694]]]},"properties":{"name":"Kerala","iso3":"IND","isoCode":"IN-KL","id":"IND-kerala"}},
{"type":"Feature","geometry":{"type":"Polygon","coordinates":[[[76.838,30.755],[76.712,30.762],[76.777,30.67],[76.829,30.681],[76.838,30.755]]]},"properties":{"name":"Chandīgarh","iso3":"IND","isoCode":"IN-CH","id":"IND-chandigarh"}},
{"type":"Feature","geometry":{"type":"MultiPolygon","coordinates":[[[[93.89,6.903],[93.932,7.012],[93.88,7.09],[93.869,7.198],[93.82,7.237],[93.662,7.178],[93.657,7.047],[93.741,6.956],[93.765,6.865],[93.892,6.807],[93.89,6.903]]],[[[93.309,7.937],[93.369,7.884],[93.452,7.937],[93.318,8.004],[93.309,7.937]]],[[[92.802,9.229],[92.72,9.219],[92.728,9.127],[92.8,9.123],[92.802,9.229]]],[[[92.865,12.197],[92.869,12.299],[92.766,12.268],[92.763,12.064],[92.865,12.197]]],[[[92.464,10.536],[92.531,10.52],[92.55,10.638],[92.598,10.705],[92.559,10.863],[92.462,10.861],[92.382,10.764],[92.383,10.671],[92.464,10.536]]],[[[92.756,12.022],[92.698,12.239],[92.619,12.086],[92.608,11.896],[92.535,11.912],[92.551,11.72],[92.646,11.522],[92.711,11.488],[92.751,11.609],[92.786,11.926],[92.756,12.022]]],[[[92.84,12.403],[92.974,12.541],[92.943,12.626],[92.967,12.72],[92.924,12.884],[92.722,12.826],[92.743,12.672],[92.718,12.638],[92.699,12.328],[92.847,12.308],[92.84,12.403]]],[[[92.922,13.536],[92.826,13.329],[92.794,13.09],[92.793,12.914],[92.841,12.877],[92.919,13.059],[93.033,13.082],[93.055,13.233],[92.997,13.315],[93.049,13.404],[93.042,13.505],[92.922,13.536]]]]},"properties":{"name":"Andaman and Nicobar Islands","iso3":"IND","isoCode":"IN-AN","id":"IND-andaman-and-nicobar-islands"}},
{"type":"Feature","geometry":{"type":"Polygon","coordinates":[[[77.576,30.397],[77.819,30.508],[77.743,30.594],[77.787,30.656],[77.704,30.765],[77.748,30.822],[77.754,30.965],[77.909,31.154],[78.03,31.164],[78.16,31.226],[78.37,31.286],[78.484,31.199],[78.578,31.225],[78.662,31.189],[78.797,31.196],[78.891,31.097],[78.986,31.108],[78.839,31.295],[78.792,31.435],[78.795,31.445],[78.833,31.595],[78.814,31.638],[78.799,31.671],[78.794,31.68],[78.744,31.897],[78.519,32.039],[78.527,32.245],[78.477,32.333],[78.497,32.364],[78.516,32.394],[78.505,32.421],[78.433,32.52],[78.452,32.474],[78.399,32.526],[78.388,32.757],[78.219,32.665],[78.143,32.682],[78.016,32.62],[77.919,32.691],[77.934,32.761],[77.792,32.856],[77.811,32.907],[77.713,32.983],[77.469,32.858],[77.323,32.851],[77.164,32.919],[77.15,32.978],[76.972,33],[76.771,33.25],[76.747,33.179],[76.567,33.21],[76.41,33.186],[76.292,33.103],[76.247,33.022],[76.099,32.966],[75.954,32.873],[75.805,32.886],[75.925,32.748],[75.916,32.613],[75.834,32.512],[75.921,32.429],[75.773,32.29],[75.638,32.252],[75.673,32.159],[75.601,32.093],[75.892,31.962],[76.005,31.675],[76.214,31.299],[76.432,31.327],[76.583,31.276],[76.645,31.209],[76.602,31.124],[76.625,30.999],[76.777,30.904],[76.915,30.892],[77.021,30.74],[77.161,30.691],[77.208,30.474],[77.272,30.48],[77.405,30.409],[77.586,30.38],[77.576,30.397]]]},"properties":{"name":"Himāchal Pradesh","iso3":"IND","isoCode":"IN-HP","id":"IND-himachal-pradesh"}},
{"type":"Feature","geometry":{"type":"Polygon","coordinates":[[[74.133,35.107],[74.066,35.048],[74.073,34.939],[73.964,34.841],[73.731,34.771],[73.618,34.586],[73.442,34.565],[73.408,34.386],[73.492,34.22],[73.516,34],[73.589,33.884],[73.562,33.675],[73.62,33.574],[73.558,33.368],[73.657,33.208],[73.625,33.112],[73.822,33.005],[73.957,32.987],[73.992,32.933],[74.177,32.883],[74.354,32.763],[74.46,32.789],[74.517,32.744],[74.622,32.76],[74.638,32.615],[74.688,32.486],[74.952,32.446],[75.019,32.468],[75.289,32.37],[75.332,32.327],[75.482,32.32],[75.687,32.391],[75.834,32.512],[75.916,32.613],[75.925,32.748],[75.805,32.886],[75.954,32.873],[76.099,32.966],[76.247,33.022],[76.292,33.103],[76.41,33.186],[76.567,33.21],[76.747,33.179],[76.771,33.25],[76.507,33.51],[76.302,33.567],[76.263,33.749],[76.027,33.971],[75.89,33.969],[75.738,34.057],[75.69,34.194],[75.515,34.227],[75.404,34.285],[75.363,34.538],[75.254,34.603],[75.245,34.79],[75.103,34.897],[74.958,34.79],[74.73,34.837],[74.605,34.915],[74.515,35.095],[74.253,35.037],[74.133,35.107]]]},"properties":{"name":"Jammu and Kashmīr","iso3":"IND","isoCode":"IN-JK","id":"IND-jammu-and-kashmir"}},
{"type":"Feature","geometry":{"type":"Polygon","coordinates":[[[74.527,29.943],[74.597,29.912],[74.806,29.992],[74.923,29.952],[74.991,29.868],[75.191,29.841],[75.183,29.628],[75.309,29.561],[75.346,29.696],[75.456,29.784],[75.634,29.755],[75.721,29.814],[75.835,29.809],[75.87,29.749],[76.043,29.743],[76.186,29.892],[76.254,30.122],[76.4,30.117],[76.538,30.075],[76.639,30.152],[76.621,30.265],[76.769,30.431],[76.886,30.43],[76.931,30.501],[76.926,30.61],[76.829,30.681],[76.777,30.67],[76.712,30.762],[76.838,30.755],[76.847,30.834],[76.777,30.904],[76.625,30.999],[76.602,31.124],[76.645,31.209],[76.583,31.276],[76.432,31.327],[76.214,31.299],[76.005,31.675],[75.892,31.962],[75.601,32.093],[75.673,32.159],[75.638,32.252],[75.773,32.29],[75.921,32.429],[75.834,32.512],[75.687,32.391],[75.482,32.32],[75.332,32.327],[75.37,32.258],[75.245,32.1],[75.012,32.036],[74.879,32.054],[74.819,31.959],[74.616,31.889],[74.571,31.837],[74.535,31.678],[74.637,31.485],[74.554,31.367],[74.51,31.132],[74.548,31.032],[74.371,30.895],[74.219,30.693],[74.05,30.537],[73.964,30.485],[73.884,30.367],[73.973,30.198],[73.971,30.125],[73.895,29.974],[74.527,29.943]]]},"properties":{"name":"Punjab","iso3":"IND","isoCode":"IN-PB","id":"IND-punjab"}},
{"type":"Feature","geometry":{"type":"Polygon","coordinates":[[[77.345,28.513],[77.249,28.424],[77.174,28.405],[77.121,28.496],[77.014,28.54],[76.88,28.505],[76.842,28.556],[76.968,28.7],[76.946,28.798],[77.061,28.871],[77.21,28.858],[77.233,28.919],[77.164,29.079],[77.133,29.224],[77.133,29.483],[77.096,29.52],[77.147,29.772],[77.285,30.042],[77.405,30.089],[77.587,30.315],[77.586,30.38],[77.405,30.409],[77.272,30.48],[77.208,30.474],[77.161,30.691],[77.021,30.74],[76.915,30.892],[76.777,30.904],[76.847,30.834],[76.838,30.755],[76.829,30.681],[76.926,30.61],[76.931,30.501],[76.886,30.43],[76.769,30.431],[76.621,30.265],[76.639,30.152],[76.538,30.075],[76.4,30.117],[76.254,30.122],[76.186,29.892],[76.043,29.743],[75.87,29.749],[75.835,29.809],[75.721,29.814],[75.634,29.755],[75.456,29.784],[75.346,29.696],[75.309,29.561],[75.183,29.628],[75.191,29.841],[74.991,29.868],[74.923,29.952],[74.806,29.992],[74.597,29.912],[74.527,29.943],[74.561,29.87],[74.477,29.745],[74.616,29.752],[74.576,29.56],[74.607,29.356],[74.788,29.361],[74.851,29.404],[74.938,29.362],[74.961,29.281],[75.076,29.23],[75.21,29.235],[75.341,29.281],[75.412,29.243],[75.391,29.063],[75.52,29.004],[75.497,28.857],[75.561,28.613],[75.816,28.41],[75.93,28.359],[76.071,28.165],[75.946,28.107],[76.016,28.03],[75.938,27.914],[75.971,27.852],[76.168,27.903],[76.178,28.046],[76.357,28.067],[76.357,28.144],[76.476,28.149],[76.529,28.04],[76.605,28.004],[76.716,28.128],[76.875,28.218],[76.971,28.138],[76.931,27.994],[76.943,27.854],[76.898,27.678],[77.108,27.786],[77.284,27.801],[77.545,27.954],[77.501,28.059],[77.519,28.242],[77.478,28.419],[77.345,28.513]]]},"properties":{"name":"Haryāna","iso3":"IND","isoCode":"IN-HR","id":"IND-haryana"}},
{"type":"Feature","geometry":{"type":"Polygon","coordinates":[[[110.925,20],[110.922,20.16],[110.833,20.153],[110.596,20.079],[110.107,20.049],[110.013,19.955],[109.656,20.02],[109.552,19.984],[109.393,19.877],[109.257,19.89],[109.174,19.841],[109.174,19.746],[109.25,19.723],[109.205,19.632],[109.056,19.589],[108.647,19.344],[108.637,19.19],[108.598,19.089],[108.605,18.8],[108.668,18.646],[108.664,18.504],[109.105,18.277],[109.438,18.251],[109.476,18.172],[109.698,18.195],[109.705,18.35],[110.034,18.38],[110.024,18.462],[110.204,18.649],[110.346,18.626],[110.46,18.721],[110.558,19.19],[110.786,19.485],[110.984,19.648],[110.984,19.818],[110.925,20]]]},"properties":{"name":"Hainan Province","iso3":"CHN","isoCode":null,"id":"CHN-hainan-province"}},
{"type":"Feature","geometry":{"type":"Polygon","coordinates":[[[121.733,25.162],[121.619,25.281],[121.504,25.275],[121.41,25.165],[121.407,25.106],[121.279,25.115],[121.137,25.077],[121.043,25.008],[120.908,24.861],[120.854,24.698],[120.712,24.593],[120.652,24.457],[120.467,24.152],[120.232,23.852],[120.169,23.669],[120.027,23.163],[120.162,22.892],[120.266,22.551],[120.525,22.401],[120.625,22.296],[120.667,22.058],[120.723,21.902],[120.82,21.906],[120.882,22.027],[120.88,22.294],[120.976,22.547],[121.143,22.7],[121.379,23.115],[121.674,24.201],[121.809,24.407],[121.844,24.624],[121.816,24.794],[121.948,25.005],[121.924,25.106],[121.733,25.162]]]},"properties":{"name":"Taiwan Province","iso3":"CHN","isoCode":null,"id":"CHN-taiwan-province"}},
{"type":"Feature","geometry":{"type":"Polygon","coordinates":[[[112.001,24.857],[111.698,24.886],[111.627,24.8],[111.524,24.765],[111.511,25.133],[111.454,25.212],[111.317,25.226],[111.105,25.055],[111.052,25.146],[111.067,25.24],[111.209,25.361],[111.256,25.468],[111.378,25.545],[111.406,25.748],[111.497,25.908],[111.513,26.004],[111.355,26.025],[111.3,26.106],[111.317,26.375],[111.13,26.469],[110.933,26.407],[110.72,26.439],[110.38,26.113],[110.207,26.124],[110.187,26.287],[110.116,26.35],[110.033,26.336],[109.935,26.11],[109.856,26.043],[109.737,26.043],[109.67,26.117],[109.538,26.126],[109.524,26.079],[109.314,25.881],[109.128,25.921],[109.044,25.848],[109.084,25.751],[109.015,25.675],[108.801,25.663],[108.643,25.508],[108.494,25.588],[108.323,25.621],[108.187,25.44],[108.121,25.318],[107.843,25.286],[107.686,25.405],[107.542,25.404],[107.425,25.499],[107.394,25.607],[107.308,25.621],[107.16,25.565],[107.127,25.472],[106.997,25.318],[106.741,25.268],[106.592,25.173],[106.39,25.078],[106.256,25.056],[106.184,24.849],[106.035,24.781],[105.81,24.827],[105.781,24.861],[105.526,24.912],[105.481,25],[105.221,25.044],[105.151,25.009],[105.083,24.911],[104.944,24.874],[104.859,24.798],[104.75,24.779],[104.581,24.817],[104.545,24.742],[104.583,24.591],[104.696,24.462],[104.775,24.55],[104.961,24.515],[105.073,24.559],[105.211,24.437],[105.247,24.228],[105.464,24.154],[105.6,24.218],[105.661,24.211],[105.858,24.112],[106.033,24.171],[106.121,24.107],[106.204,23.971],[106.14,23.601],[105.876,23.589],[105.746,23.459],[105.537,23.283],[105.585,23.169],[105.97,22.946],[106.161,23.023],[106.379,22.882],[106.563,22.936],[106.83,22.831],[106.82,22.709],[106.649,22.57],[106.655,22.425],[106.736,22.299],[106.747,22.013],[107.061,21.963],[107.214,21.784],[107.534,21.623],[107.84,21.688],[108.043,21.581],[108.18,21.642],[108.319,21.606],[108.381,21.716],[108.491,21.743],[108.525,21.946],[108.654,21.956],[108.691,21.836],[108.795,21.696],[108.853,21.753],[109.126,21.634],[109.157,21.438],[109.323,21.516],[109.549,21.539],[109.498,21.72],[109.567,21.735],[109.742,21.547],[109.743,21.611],[109.84,21.72],[109.942,21.768],[109.984,21.91],[110.067,21.961],[110.375,21.973],[110.347,22.057],[110.377,22.249],[110.536,22.246],[110.766,22.344],[110.728,22.503],[110.791,22.629],[110.915,22.652],[111.097,22.755],[111.41,22.964],[111.458,23.136],[111.424,23.373],[111.558,23.706],[111.666,23.762],[111.679,23.91],[111.86,23.958],[111.94,24.07],[111.94,24.292],[112.057,24.404],[112.077,24.46],[112.059,24.669],[112.001,24.857]]]},"properties":{"name":"Guangxi Zhuang Autonomous Region","iso3":"CHN","isoCode":null,"id":"CHN-guangxi-zhuang-autonomous-region"}},
{"type":"Feature","geometry":{"type":"MultiPolygon","coordinates":[[[[119.902,25.527],[119.848,25.629],[119.744,25.624],[119.715,25.525],[119.765,25.425],[119.902,25.527]]],[[[120.114,26.656],[120.065,26.789],[119.975,26.677],[119.96,26.604],[120.042,26.576],[120.114,26.656]]],[[[120.541,27.287],[120.412,27.394],[120.239,27.437],[120.011,27.364],[119.898,27.357],[119.694,27.686],[119.611,27.7],[119.507,27.559],[119.298,27.492],[119.048,27.552],[118.939,27.961],[118.846,28.102],[118.896,28.253],[118.821,28.355],[118.591,28.39],[118.489,28.3],[118.452,28.154],[117.876,27.972],[117.853,27.901],[117.725,27.917],[117.659,28.006],[117.556,28.008],[117.396,27.939],[117.364,27.845],[117.263,27.725],[117.192,27.543],[117.237,27.337],[117.033,27.108],[116.659,27],[116.604,26.703],[116.682,26.54],[116.636,26.473],[116.477,26.355],[116.508,26.183],[116.369,26.011],[116.251,25.965],[116.227,25.805],[116.124,25.716],[116.03,25.296],[115.915,25.257],[115.907,25.142],[115.968,24.973],[116.124,24.96],[116.203,24.922],[116.339,24.934],[116.451,24.856],[116.553,24.684],[116.724,24.742],[116.788,24.725],[116.813,24.571],[117.033,24.291],[116.985,24.073],[117.109,23.836],[117.109,23.755],[117.222,23.643],[117.341,23.616],[117.407,23.765],[117.534,23.748],[117.525,23.943],[117.68,23.893],[117.72,24.057],[117.86,24.057],[118.091,24.251],[117.958,24.49],[118.137,24.48],[118.262,24.571],[118.46,24.637],[118.65,24.602],[118.772,24.769],[118.692,24.813],[118.661,24.933],[118.931,24.905],[118.98,24.961],[118.942,25.09],[119.164,25.231],[119.268,25.247],[119.216,25.357],[119.256,25.493],[119.351,25.551],[119.595,25.415],[119.62,25.489],[119.551,25.664],[119.682,25.791],[119.624,25.907],[119.664,26.051],[119.635,26.127],[119.68,26.246],[119.837,26.401],[119.682,26.624],[119.697,26.753],[119.875,26.737],[119.979,26.85],[120.259,26.973],[120.27,27.098],[120.541,27.287]]]]},"properties":{"name":"Fujian Province","iso3":"CHN","isoCode":null,"id":"CHN-fujian-province"}},
{"type":"Feature","geometry":{"type":"Polygon","coordinates":[[[104.581,24.817],[104.628,24.999],[104.708,25.057],[104.76,25.331],[104.652,25.478],[104.497,25.519],[104.356,25.799],[104.564,26.149],[104.587,26.372],[104.709,26.536],[104.588,26.716],[104.492,26.802],[104.381,26.762],[104.207,26.768],[104.063,26.637],[103.851,26.669],[103.843,26.813],[103.797,26.905],[103.837,27.055],[103.692,27.199],[103.813,27.316],[103.902,27.443],[103.994,27.487],[104.109,27.476],[104.236,27.398],[104.356,27.51],[104.451,27.512],[104.55,27.453],[104.917,27.426],[105.054,27.483],[105.217,27.502],[105.248,27.536],[105.369,27.866],[105.342,28.077],[105.208,28.195],[105.054,28.17],[105.027,28.052],[104.822,27.976],[104.585,27.989],[104.506,28.031],[104.459,28.115],[104.49,28.316],[104.356,28.421],[104.344,28.5],[104.407,28.597],[104.4,28.705],[104.301,28.75],[104.19,28.719],[103.918,28.701],[103.875,28.556],[103.938,28.466],[103.91,28.379],[103.618,28.323],[103.555,28.237],[103.583,28.097],[103.573,27.908],[103.414,27.785],[103.199,27.566],[103.022,27.49],[102.962,27.176],[102.95,26.983],[103.07,26.832],[103.06,26.518],[102.924,26.412],[102.719,26.332],[102.636,26.432],[102.558,26.445],[102.424,26.384],[102.146,26.194],[102.055,26.172],[101.863,26.201],[101.793,26.278],[101.682,26.323],[101.651,26.531],[101.523,26.637],[101.53,26.798],[101.419,26.937],[101.273,27.05],[101.243,27.308],[101.157,27.406],[101.05,27.455],[100.979,27.672],[100.632,27.976],[100.51,27.962],[100.182,28.086],[100.124,28.386],[100.205,28.557],[100.071,28.655],[99.937,28.637],[99.816,28.539],[99.659,28.375],[99.505,28.36],[99.392,28.246],[99.268,28.413],[99.215,28.535],[99.21,28.75],[99.164,28.932],[99.162,29.054],[99.121,29.34],[98.981,29.318],[98.931,29.273],[98.936,29.132],[98.83,29.016],[98.674,28.971],[98.697,28.855],[98.655,28.638],[98.674,28.384],[98.506,28.307],[98.369,28.377],[98.154,28.213],[98.176,28.191],[98.176,27.961],[98.436,27.539],[98.56,27.674],[98.761,27.568],[98.755,27.323],[98.826,26.961],[98.782,26.269],[98.612,26.064],[98.756,25.92],[98.655,25.79],[98.57,25.805],[98.401,25.584],[98.214,25.577],[98.148,25.366],[97.891,25.3],[97.759,25.002],[97.818,24.873],[97.631,24.823],[97.583,24.662],[97.645,24.426],[97.773,24.239],[97.655,24.011],[97.645,23.885],[97.766,23.885],[98.044,24.113],[98.332,24.185],[98.56,24.132],[98.862,24.151],[98.748,23.935],[98.883,23.615],[98.952,23.233],[99.139,23.102],[99.504,23.121],[99.542,22.965],[99.403,22.783],[99.42,22.556],[99.284,22.409],[99.219,22.153],[99.994,22.037],[99.992,21.764],[100.147,21.642],[100.24,21.396],[100.395,21.491],[100.629,21.436],[100.833,21.605],[101.103,21.71],[101.303,21.208],[101.662,21.214],[101.782,21.171],[101.813,21.531],[101.795,21.862],[101.594,22.194],[101.601,22.261],[101.712,22.457],[102.206,22.428],[102.448,22.616],[102.495,22.733],[102.615,22.77],[103.03,22.463],[103.405,22.792],[103.582,22.579],[103.675,22.788],[103.995,22.51],[104.108,22.745],[104.25,22.85],[104.37,22.729],[104.905,22.895],[104.909,23.111],[105.302,23.342],[105.362,23.362],[105.537,23.283],[105.746,23.459],[105.876,23.589],[106.14,23.601],[106.204,23.971],[106.121,24.107],[106.033,24.171],[105.858,24.112],[105.661,24.211],[105.6,24.218],[105.464,24.154],[105.247,24.228],[105.211,24.437],[105.073,24.559],[104.961,24.515],[104.775,24.55],[104.696,24.462],[104.583,24.591],[104.545,24.742],[104.581,24.817]]]},"properties":{"name":"Yunnan Province","iso3":"CHN","isoCode":null,"id":"CHN-yunnan-province"}},
{"type":"Feature","geometry":{"type":"Polygon","coordinates":[[[109.538,26.126],[109.529,26.199],[109.423,26.335],[109.357,26.497],[109.484,26.676],[109.405,26.816],[109.575,26.976],[109.592,27.199],[109.509,27.26],[109.213,27.255],[109.036,27.166],[108.965,27.17],[108.913,27.249],[109.018,27.36],[109.217,27.507],[109.351,27.536],[109.524,27.698],[109.544,27.783],[109.438,27.946],[109.41,28.093],[109.453,28.313],[109.438,28.413],[109.337,28.613],[109.251,28.576],[109.185,28.397],[109.132,28.356],[108.95,28.345],[108.874,28.381],[108.85,28.579],[108.702,28.465],[108.65,28.591],[108.675,28.74],[108.499,28.775],[108.441,28.836],[108.439,29.031],[108.363,29.188],[108.095,29.197],[107.981,29.12],[107.924,29.135],[107.85,29.256],[107.62,29.349],[107.543,29.335],[107.514,29.246],[107.562,29.113],[107.493,28.979],[107.407,28.949],[107.163,29.024],[106.985,28.938],[106.88,28.719],[106.814,28.632],[106.71,28.632],[106.651,28.69],[106.654,28.807],[106.562,28.822],[106.513,28.672],[106.372,28.675],[106.161,28.801],[106.024,28.858],[105.959,28.752],[105.762,28.659],[105.767,28.475],[105.987,28.349],[106.287,28.266],[106.325,28.068],[106.388,27.966],[106.33,27.903],[106.178,27.899],[105.772,27.809],[105.615,27.892],[105.369,27.866],[105.248,27.536],[105.217,27.502],[105.054,27.483],[104.917,27.426],[104.55,27.453],[104.451,27.512],[104.356,27.51],[104.236,27.398],[104.109,27.476],[103.994,27.487],[103.902,27.443],[103.813,27.316],[103.692,27.199],[103.837,27.055],[103.797,26.905],[103.843,26.813],[103.851,26.669],[104.063,26.637],[104.207,26.768],[104.381,26.762],[104.492,26.802],[104.588,26.716],[104.709,26.536],[104.587,26.372],[104.564,26.149],[104.356,25.799],[104.497,25.519],[104.652,25.478],[104.76,25.331],[104.708,25.057],[104.628,24.999],[104.581,24.817],[104.75,24.779],[104.859,24.798],[104.944,24.874],[105.083,24.911],[105.151,25.009],[105.221,25.044],[105.481,25],[105.526,24.912],[105.781,24.861],[105.81,24.827],[106.035,24.781],[106.184,24.849],[106.256,25.056],[106.39,25.078],[106.592,25.173],[106.741,25.268],[106.997,25.318],[107.127,25.472],[107.16,25.565],[107.308,25.621],[107.394,25.607],[107.425,25.499],[107.542,25.404],[107.686,25.405],[107.843,25.286],[108.121,25.318],[108.187,25.44],[108.323,25.621],[108.494,25.588],[108.643,25.508],[108.801,25.663],[109.015,25.675],[109.084,25.751],[109.044,25.848],[109.128,25.921],[109.314,25.881],[109.524,26.079],[109.538,26.126]]]},"properties":{"name":"Guizhou Province","iso3":"CHN","isoCode":null,"id":"CHN-guizhou-province"}},
{"type":"Feature","geometry":{"type":"Polygon","coordinates":[[[118.591,28.39],[118.563,28.734],[118.384,28.923],[118.168,29.187],[118.168,29.289],[118.291,29.513],[118.203,29.607],[118.089,29.642],[117.702,29.683],[117.62,29.731],[117.497,29.898],[117.355,29.974],[117.209,29.933],[117.186,29.823],[116.969,29.635],[116.85,29.655],[116.815,29.755],[116.921,29.833],[116.977,30.001],[116.819,30.148],[116.728,30.138],[116.657,30.015],[116.246,29.89],[116.109,29.836],[116.053,29.769],[115.942,29.722],[115.681,29.862],[115.538,29.835],[115.495,29.776],[115.218,29.735],[115.218,29.649],[115.086,29.643],[114.937,29.491],[114.624,29.438],[114.42,29.447],[114.286,29.342],[114.066,29.26],[114.049,29.197],[114.04,29.164],[114.239,28.866],[114.235,28.684],[114.314,28.556],[114.318,28.459],[114.172,28.31],[114.097,28.181],[114.022,28.125],[113.844,28.07],[113.801,27.93],[113.722,27.857],[113.678,27.616],[113.714,27.469],[113.757,27.424],[113.864,27.497],[113.943,27.364],[113.859,27.261],[113.872,27.198],[113.998,27.056],[113.917,26.939],[113.92,26.856],[113.99,26.766],[114.162,26.676],[114.149,26.534],[114.071,26.45],[114.03,26.29],[114.254,26.248],[114.116,26.138],[114.116,25.979],[113.978,25.78],[114.045,25.666],[114.044,25.544],[114.136,25.403],[114.365,25.374],[114.519,25.428],[114.677,25.449],[114.755,25.296],[114.736,25.157],[114.495,25.092],[114.46,24.946],[114.27,24.76],[114.483,24.588],[115.142,24.724],[115.473,24.842],[115.702,24.645],[115.813,24.641],[115.856,24.731],[115.825,24.896],[115.968,24.973],[115.907,25.142],[115.915,25.257],[116.03,25.296],[116.124,25.716],[116.227,25.805],[116.251,25.965],[116.369,26.011],[116.508,26.183],[116.477,26.355],[116.636,26.473],[116.682,26.54],[116.604,26.703],[116.659,27],[117.033,27.108],[117.237,27.337],[117.192,27.543],[117.263,27.725],[117.364,27.845],[117.396,27.939],[117.556,28.008],[117.659,28.006],[117.725,27.917],[117.853,27.901],[117.876,27.972],[118.452,28.154],[118.489,28.3],[118.591,28.39]]]},"properties":{"name":"Jiangxi Province","iso3":"CHN","isoCode":null,"id":"CHN-jiangxi-province"}},
{"type":"Feature","geometry":{"type":"Polygon","coordinates":[[[112.001,24.857],[112.178,24.891],[112.233,24.978],[112.236,25.115],[112.289,25.264],[112.665,25.257],[112.728,25.166],[112.902,25.029],[112.996,25.029],[113.061,25.173],[113.066,25.266],[113.013,25.339],[113.049,25.453],[113.347,25.586],[113.551,25.46],[113.761,25.415],[114.044,25.544],[114.045,25.666],[113.978,25.78],[114.116,25.979],[114.116,26.138],[114.254,26.248],[114.03,26.29],[114.071,26.45],[114.149,26.534],[114.162,26.676],[113.99,26.766],[113.92,26.856],[113.917,26.939],[113.998,27.056],[113.872,27.198],[113.859,27.261],[113.943,27.364],[113.864,27.497],[113.757,27.424],[113.714,27.469],[113.678,27.616],[113.722,27.857],[113.801,27.93],[113.844,28.07],[114.022,28.125],[114.097,28.181],[114.172,28.31],[114.318,28.459],[114.314,28.556],[114.235,28.684],[114.239,28.866],[114.04,29.164],[114.049,29.197],[113.875,29.232],[113.74,29.381],[113.728,29.473],[113.814,29.686],[113.739,29.784],[113.699,29.936],[113.644,29.935],[113.339,29.72],[113.255,29.608],[113.067,29.61],[113.063,29.81],[113.027,29.857],[112.904,29.866],[112.68,29.755],[112.539,29.747],[112.4,29.693],[112.072,29.943],[111.949,30.009],[111.508,30.059],[111.34,30.169],[111.123,30.214],[110.905,30.236],[110.768,30.176],[110.602,30.158],[110.606,30.083],[110.731,29.971],[110.742,29.866],[110.557,29.774],[110.337,29.768],[110.14,29.882],[109.928,29.853],[109.534,29.673],[109.486,29.535],[109.367,29.353],[109.329,29.24],[109.347,29.236],[109.337,28.613],[109.438,28.413],[109.453,28.313],[109.41,28.093],[109.438,27.946],[109.544,27.783],[109.524,27.698],[109.351,27.536],[109.217,27.507],[109.018,27.36],[108.913,27.249],[108.965,27.17],[109.036,27.166],[109.213,27.255],[109.509,27.26],[109.592,27.199],[109.575,26.976],[109.405,26.816],[109.484,26.676],[109.357,26.497],[109.423,26.335],[109.529,26.199],[109.538,26.126],[109.67,26.117],[109.737,26.043],[109.856,26.043],[109.935,26.11],[110.033,26.336],[110.116,26.35],[110.187,26.287],[110.207,26.124],[110.38,26.113],[110.72,26.439],[110.933,26.407],[111.13,26.469],[111.317,26.375],[111.3,26.106],[111.355,26.025],[111.513,26.004],[111.497,25.908],[111.406,25.748],[111.378,25.545],[111.256,25.468],[111.209,25.361],[111.067,25.24],[111.052,25.146],[111.105,25.055],[111.317,25.226],[111.454,25.212],[111.511,25.133],[111.524,24.765],[111.627,24.8],[111.698,24.886],[112.001,24.857]]]},"properties":{"name":"Hunan Province","iso3":"CHN","isoCode":null,"id":"CHN-hunan-province"}},
{"type":"Feature","geometry":{"type":"Polygon","coordinates":[[[120.541,27.287],[120.644,27.37],[120.689,27.656],[120.873,27.95],[121.026,28.048],[121.105,28.302],[121.296,28.335],[121.248,28.069],[121.615,28.308],[121.532,28.655],[121.677,28.756],[121.698,28.938],[121.886,29.065],[121.892,29.211],[121.976,29.265],[122.003,29.658],[121.881,29.54],[121.746,29.562],[121.983,29.764],[122.385,29.899],[122.411,29.974],[122.121,30.166],[122.01,30.12],[121.897,29.993],[121.775,29.97],[121.684,30.014],[121.42,30.31],[121.231,30.317],[120.87,30.171],[120.36,30.327],[120.388,30.39],[120.596,30.42],[120.981,30.399],[121.022,30.525],[121.418,30.71],[121.339,30.821],[121.158,30.883],[121.112,31.021],[121.002,31.093],[120.877,31.047],[120.835,30.967],[120.602,30.879],[120.555,31.004],[120.421,31.014],[120.306,30.97],[120.03,31.22],[119.74,31.225],[119.636,30.862],[119.371,30.672],[119.463,30.497],[119.303,30.374],[119.007,30.428],[118.964,29.991],[118.847,29.948],[118.84,29.793],[118.551,29.573],[118.291,29.513],[118.168,29.289],[118.168,29.187],[118.384,28.923],[118.563,28.734],[118.591,28.39],[118.821,28.355],[118.896,28.253],[118.846,28.102],[118.939,27.961],[119.048,27.552],[119.298,27.492],[119.507,27.559],[119.611,27.7],[119.694,27.686],[119.898,27.357],[120.011,27.364],[120.239,27.437],[120.412,27.394],[120.541,27.287]]]},"properties":{"name":"Zhejiang Province","iso3":"CHN","isoCode":null,"id":"CHN-zhejiang-province"}},
{"type":"Feature","geometry":{"type":"MultiPolygon","coordinates":[[[[121.418,30.71],[121.896,30.945],[121.958,31.15],[121.677,31.357],[121.375,31.55],[121.301,31.508],[121.202,31.274],[121.002,31.093],[121.112,31.021],[121.158,30.883],[121.339,30.821],[121.418,30.71]]],[[[121.984,31.512],[121.857,31.613],[121.354,31.827],[121.216,31.837],[121.181,31.772],[121.409,31.613],[121.76,31.473],[121.905,31.448],[121.984,31.512]]]]},"properties":{"name":"Shanghai Municipality","iso3":"CHN","isoCode":null,"id":"CHN-shanghai-municipality"}},
{"type":"Feature","geometry":{"type":"Polygon","coordinates":[[[109.337,28.613],[109.347,29.236],[109.329,29.24],[109.149,29.319],[109.009,29.509],[108.999,29.748],[108.9,29.75],[108.83,29.8],[108.7,29.959],[108.565,29.905],[108.643,30.382],[108.532,30.54],[108.698,30.671],[108.804,30.638],[108.981,30.669],[109.102,30.721],[109.271,30.695],[109.549,30.721],[109.908,30.987],[110.135,30.959],[110.206,31.031],[110.201,31.247],[110.256,31.35],[110.241,31.514],[110.19,31.598],[110.026,31.712],[110.021,31.92],[109.731,31.972],[109.729,31.949],[109.284,31.906],[109.232,32.073],[108.956,32.12],[108.699,32.3],[108.684,32.14],[108.577,31.999],[108.589,31.949],[108.743,31.832],[108.735,31.705],[108.483,31.526],[108.337,31.358],[108.199,31.044],[108.147,30.967],[107.978,30.906],[107.757,30.929],[107.635,30.831],[107.603,30.611],[107.512,30.499],[107.373,30.382],[107.259,30.242],[107.156,30.17],[106.961,30.185],[106.777,30.329],[106.668,30.464],[106.492,30.364],[106.338,30.401],[106.057,30.527],[105.959,30.523],[105.82,30.464],[105.764,30.386],[105.767,30.273],[105.86,30.113],[105.843,30.052],[105.469,29.825],[105.373,29.728],[105.509,29.48],[105.608,29.414],[105.764,29.399],[105.833,29.289],[105.873,29.099],[106.131,29.062],[106.272,29.011],[106.355,28.903],[106.372,28.675],[106.513,28.672],[106.562,28.822],[106.654,28.807],[106.651,28.69],[106.71,28.632],[106.814,28.632],[106.88,28.719],[106.985,28.938],[107.163,29.024],[107.407,28.949],[107.493,28.979],[107.562,29.113],[107.514,29.246],[107.543,29.335],[107.62,29.349],[107.85,29.256],[107.924,29.135],[107.981,29.12],[108.095,29.197],[108.363,29.188],[108.439,29.031],[108.441,28.836],[108.499,28.775],[108.675,28.74],[108.65,28.591],[108.702,28.465],[108.85,28.579],[108.874,28.381],[108.95,28.345],[109.132,28.356],[109.185,28.397],[109.251,28.576],[109.337,28.613]]]},"properties":{"name":"Chongqing Municipality","iso3":"CHN","isoCode":null,"id":"CHN-chongqing-municipality"}},
{"type":"Feature","geometry":{"type":"Polygon","coordinates":[[[116.246,29.89],[116.225,30.15],[116.136,30.366],[116.01,30.465],[116.034,30.604],[115.896,30.835],[116.124,31.054],[116.109,31.156],[115.935,31.271],[115.671,31.308],[115.486,31.518],[115.379,31.536],[115.336,31.639],[115.235,31.688],[115.157,31.592],[114.836,31.615],[114.682,31.714],[114.624,31.858],[114.485,31.83],[114.325,31.946],[114.25,31.899],[114.12,31.886],[113.888,32.173],[113.891,32.51],[113.801,32.53],[113.568,32.41],[113.339,32.543],[113.11,32.526],[112.834,32.47],[112.704,32.5],[112.416,32.48],[111.935,32.626],[111.801,32.732],[111.615,32.742],[111.497,32.921],[111.382,32.978],[111.221,33.265],[111.088,33.382],[110.882,33.234],[110.66,33.373],[110.499,33.288],[110.416,33.292],[110.084,33.364],[109.848,33.397],[109.725,33.394],[109.623,33.331],[109.639,33.229],[109.864,33.209],[109.867,33.05],[110.041,33.031],[110.25,32.908],[110.242,32.779],[110.025,32.752],[109.686,32.659],[109.627,32.41],[109.773,32.197],[109.741,32.14],[109.731,31.972],[110.021,31.92],[110.026,31.712],[110.19,31.598],[110.241,31.514],[110.256,31.35],[110.201,31.247],[110.206,31.031],[110.135,30.959],[109.908,30.987],[109.549,30.721],[109.271,30.695],[109.102,30.721],[108.981,30.669],[108.804,30.638],[108.698,30.671],[108.532,30.54],[108.643,30.382],[108.565,29.905],[108.7,29.959],[108.83,29.8],[108.9,29.75],[108.999,29.748],[109.009,29.509],[109.149,29.319],[109.329,29.24],[109.367,29.353],[109.486,29.535],[109.534,29.673],[109.928,29.853],[110.14,29.882],[110.337,29.768],[110.557,29.774],[110.742,29.866],[110.731,29.971],[110.606,30.083],[110.602,30.158],[110.768,30.176],[110.905,30.236],[111.123,30.214],[111.34,30.169],[111.508,30.059],[111.949,30.009],[112.072,29.943],[112.4,29.693],[112.539,29.747],[112.68,29.755],[112.904,29.866],[113.027,29.857],[113.063,29.81],[113.067,29.61],[113.255,29.608],[113.339,29.72],[113.644,29.935],[113.699,29.936],[113.739,29.784],[113.814,29.686],[113.728,29.473],[113.74,29.381],[113.875,29.232],[114.049,29.197],[114.066,29.26],[114.286,29.342],[114.42,29.447],[114.624,29.438],[114.937,29.491],[115.086,29.643],[115.218,29.649],[115.218,29.735],[115.495,29.776],[115.538,29.835],[115.681,29.862],[115.942,29.722],[116.053,29.769],[116.109,29.836],[116.246,29.89]]]},"properties":{"name":"Hubei Province","iso3":"CHN","isoCode":null,"id":"CHN-hubei-province"}},
{"type":"Feature","geometry":{"type":"Polygon","coordinates":[[[105.369,27.866],[105.615,27.892],[105.772,27.809],[106.178,27.899],[106.33,27.903],[106.388,27.966],[106.325,28.068],[106.287,28.266],[105.987,28.349],[105.767,28.475],[105.762,28.659],[105.959,28.752],[106.024,28.858],[106.161,28.801],[106.372,28.675],[106.355,28.903],[106.272,29.011],[106.131,29.062],[105.873,29.099],[105.833,29.289],[105.764,29.399],[105.608,29.414],[105.509,29.48],[105.373,29.728],[105.469,29.825],[105.843,30.052],[105.86,30.113],[105.767,30.273],[105.764,30.386],[105.82,30.464],[105.959,30.523],[106.057,30.527],[106.338,30.401],[106.492,30.364],[106.668,30.464],[106.777,30.329],[106.961,30.185],[107.156,30.17],[107.259,30.242],[107.373,30.382],[107.512,30.499],[107.603,30.611],[107.635,30.831],[107.757,30.929],[107.978,30.906],[108.147,30.967],[108.199,31.044],[108.337,31.358],[108.483,31.526],[108.735,31.705],[108.743,31.832],[108.589,31.949],[108.577,31.999],[108.684,32.14],[108.699,32.3],[108.593,32.373],[108.404,32.377],[108.076,32.273],[107.761,32.487],[107.599,32.51],[107.469,32.613],[107.421,32.576],[107.228,32.583],[107.118,32.822],[106.885,32.832],[106.625,32.759],[106.329,32.713],[106.187,32.756],[106.128,32.971],[105.826,32.994],[105.578,32.998],[105.482,32.924],[105.492,32.758],[105.199,32.654],[104.903,32.754],[104.671,32.771],[104.474,32.949],[104.489,33.136],[104.434,33.188],[104.302,33.46],[104.239,33.463],[104.075,33.328],[103.904,33.34],[103.545,33.614],[103.467,33.801],[103.272,33.837],[103.181,34.002],[103.199,34.247],[103.043,34.324],[102.949,34.314],[102.752,34.209],[102.427,34.134],[102.278,34.032],[102.321,33.786],[102.376,33.68],[102.494,33.644],[102.498,33.506],[102.427,33.407],[102.399,33.216],[102.269,33.209],[102.174,33.295],[102.001,33.298],[101.776,33.127],[101.595,33.331],[101.492,33.351],[101.196,33.229],[101.078,33.093],[101.078,32.882],[100.991,32.746],[100.715,32.716],[100.502,32.766],[100.013,33.169],[99.918,33.334],[99.665,33.328],[99.508,33.232],[99.401,33.226],[99.176,33.285],[99.026,33.381],[98.861,33.44],[98.659,33.381],[98.229,33.381],[98.079,33.4],[97.937,33.374],[97.661,33.275],[97.527,33.113],[97.594,32.934],[97.526,32.854],[97.43,32.832],[97.515,32.693],[97.701,32.58],[98.06,32.51],[98.293,32.387],[98.296,32.22],[98.442,32.11],[98.486,31.969],[98.482,31.842],[98.592,31.678],[98.833,31.516],[98.876,31.463],[98.79,31.314],[98.675,31.308],[98.68,31.212],[98.836,31.031],[98.854,30.912],[98.988,30.764],[99.006,30.514],[99.004,30.196],[99.109,30.085],[99.058,29.724],[99.121,29.34],[99.162,29.054],[99.164,28.932],[99.21,28.75],[99.215,28.535],[99.268,28.413],[99.392,28.246],[99.505,28.36],[99.659,28.375],[99.816,28.539],[99.937,28.637],[100.071,28.655],[100.205,28.557],[100.124,28.386],[100.182,28.086],[100.51,27.962],[100.632,27.976],[100.979,27.672],[101.05,27.455],[101.157,27.406],[101.243,27.308],[101.273,27.05],[101.419,26.937],[101.53,26.798],[101.523,26.637],[101.651,26.531],[101.682,26.323],[101.793,26.278],[101.863,26.201],[102.055,26.172],[102.146,26.194],[102.424,26.384],[102.558,26.445],[102.636,26.432],[102.719,26.332],[102.924,26.412],[103.06,26.518],[103.07,26.832],[102.95,26.983],[102.962,27.176],[103.022,27.49],[103.199,27.566],[103.414,27.785],[103.573,27.908],[103.583,28.097],[103.555,28.237],[103.618,28.323],[103.91,28.379],[103.938,28.466],[103.875,28.556],[103.918,28.701],[104.19,28.719],[104.301,28.75],[104.4,28.705],[104.407,28.597],[104.344,28.5],[104.356,28.421],[104.49,28.316],[104.459,28.115],[104.506,28.031],[104.585,27.989],[104.822,27.976],[105.027,28.052],[105.054,28.17],[105.208,28.195],[105.342,28.077],[105.369,27.866]]]},"properties":{"name":"Sichuan Province","iso3":"CHN","isoCode":null,"id":"CHN-sichuan-province"}},
{"type":"Feature","geometry":{"type":"Polygon","coordinates":[[[118.291,29.513],[118.551,29.573],[118.84,29.793],[118.847,29.948],[118.964,29.991],[119.007,30.428],[119.303,30.374],[119.463,30.497],[119.371,30.672],[119.636,30.862],[119.74,31.225],[119.505,31.277],[119.324,31.358],[119.127,31.301],[118.941,31.341],[118.902,31.432],[118.961,31.496],[118.989,31.684],[118.843,31.731],[118.799,31.795],[118.614,31.899],[118.491,32.116],[118.712,32.267],[118.831,32.423],[118.744,32.586],[118.76,32.663],[118.985,32.663],[119.146,32.59],[119.229,32.663],[119.158,32.941],[119.02,33.037],[118.906,33.027],[118.835,32.829],[118.551,32.825],[118.417,32.912],[118.294,33.249],[118.113,33.305],[118.097,33.377],[118.211,33.617],[118.232,33.83],[118.014,33.806],[117.884,33.813],[117.838,33.951],[117.741,34.063],[117.461,34.127],[117.22,34.129],[117.064,34.307],[117.059,34.478],[116.701,34.572],[116.536,34.699],[116.456,34.732],[116.27,34.707],[116.288,34.574],[116.376,34.48],[116.654,34.357],[116.732,34.05],[116.626,33.998],[116.508,33.893],[116.318,33.83],[116.235,33.885],[116.053,34.126],[115.823,34.161],[115.745,34.094],[115.712,33.969],[115.758,33.784],[115.735,33.694],[115.488,33.631],[115.427,33.488],[115.412,33.292],[115.278,33.203],[115.038,33.205],[115,33.129],[115.048,33.059],[115.228,33.032],[115.344,32.937],[115.301,32.826],[115.341,32.701],[115.533,32.686],[115.647,32.533],[115.791,32.512],[115.869,32.603],[116.018,32.656],[115.99,32.486],[116.081,32.267],[115.975,31.924],[115.783,31.899],[115.586,31.796],[115.513,31.514],[115.486,31.518],[115.671,31.308],[115.935,31.271],[116.109,31.156],[116.124,31.054],[115.896,30.835],[116.034,30.604],[116.01,30.465],[116.136,30.366],[116.225,30.15],[116.246,29.89],[116.657,30.015],[116.728,30.138],[116.819,30.148],[116.977,30.001],[116.921,29.833],[116.815,29.755],[116.85,29.655],[116.969,29.635],[117.186,29.823],[117.209,29.933],[117.355,29.974],[117.497,29.898],[117.62,29.731],[117.702,29.683],[118.089,29.642],[118.203,29.607],[118.291,29.513]]]},"properties":{"name":"Anhui Province","iso3":"CHN","isoCode":null,"id":"CHN-anhui-province"}},
{"type":"Feature","geometry":{"type":"Polygon","coordinates":[[[121.002,31.093],[121.202,31.274],[121.301,31.508],[121.375,31.55],[121.237,31.638],[120.87,31.806],[120.797,31.924],[120.509,32.003],[120.356,31.93],[120.297,32.006],[120.436,32.077],[120.606,32.1],[120.925,31.942],[121.015,31.824],[121.133,31.821],[121.216,31.865],[121.49,31.821],[121.702,31.721],[121.983,31.632],[121.976,31.771],[121.733,32.086],[121.466,32.186],[121.421,32.408],[120.894,32.666],[120.967,32.878],[120.332,34.265],[119.59,34.608],[119.476,34.771],[119.236,34.833],[119.25,35.081],[119.442,35.186],[119.282,35.2],[119.063,35.174],[118.966,35.089],[118.824,34.808],[118.605,34.728],[118.498,34.545],[118.293,34.514],[118.273,34.671],[118.085,34.768],[117.971,34.751],[117.891,34.634],[117.659,34.574],[117.485,34.66],[117.284,34.608],[117.198,34.791],[117.021,35.052],[116.854,35.061],[116.58,34.998],[116.518,34.759],[116.456,34.732],[116.536,34.699],[116.701,34.572],[117.059,34.478],[117.064,34.307],[117.22,34.129],[117.461,34.127],[117.741,34.063],[117.838,33.951],[117.884,33.813],[118.014,33.806],[118.232,33.83],[118.211,33.617],[118.097,33.377],[118.113,33.305],[118.294,33.249],[118.417,32.912],[118.551,32.825],[118.835,32.829],[118.906,33.027],[119.02,33.037],[119.158,32.941],[119.229,32.663],[119.146,32.59],[118.985,32.663],[118.76,32.663],[118.744,32.586],[118.831,32.423],[118.712,32.267],[118.491,32.116],[118.614,31.899],[118.799,31.795],[118.843,31.731],[118.989,31.684],[118.961,31.496],[118.902,31.432],[118.941,31.341],[119.127,31.301],[119.324,31.358],[119.505,31.277],[119.74,31.225],[120.03,31.22],[120.306,30.97],[120.421,31.014],[120.555,31.004],[120.602,30.879],[120.835,30.967],[120.877,31.047],[121.002,31.093]]]},"properties":{"name":"Jiangsu Province","iso3":"CHN","isoCode":null,"id":"CHN-jiangsu-province"}},
{"type":"Feature","geometry":{"type":"Polygon","coordinates":[[[115.486,31.518],[115.513,31.514],[115.586,31.796],[115.783,31.899],[115.975,31.924],[116.081,32.267],[115.99,32.486],[116.018,32.656],[115.869,32.603],[115.791,32.512],[115.647,32.533],[115.533,32.686],[115.341,32.701],[115.301,32.826],[115.344,32.937],[115.228,33.032],[115.048,33.059],[115,33.129],[115.038,33.205],[115.278,33.203],[115.412,33.292],[115.427,33.488],[115.488,33.631],[115.735,33.694],[115.758,33.784],[115.712,33.969],[115.745,34.094],[115.823,34.161],[116.053,34.126],[116.235,33.885],[116.318,33.83],[116.508,33.893],[116.626,33.998],[116.732,34.05],[116.654,34.357],[116.376,34.48],[116.288,34.574],[116.27,34.707],[116.08,34.7],[115.83,34.718],[115.696,34.675],[115.548,34.768],[115.554,34.912],[115.446,34.941],[115.273,35.073],[114.977,35.16],[114.949,35.237],[115.095,35.333],[115.166,35.438],[115.375,35.546],[115.421,35.665],[116.162,36.106],[116.156,36.193],[115.81,36.075],[115.477,35.919],[115.448,36.075],[115.548,36.14],[115.549,36.22],[115.296,36.29],[115.112,36.202],[114.89,36.311],[114.77,36.246],[114.651,36.268],[114.57,36.338],[114.245,36.373],[114.137,36.451],[113.813,36.462],[113.779,36.189],[113.665,35.698],[113.015,35.363],[112.744,35.38],[112.636,35.305],[112.305,35.354],[112.197,35.288],[112.143,35.19],[111.92,35.18],[111.549,34.93],[111.282,34.916],[111.036,34.853],[110.845,34.728],[110.44,34.72],[110.438,34.585],[110.55,34.481],[110.549,34.356],[110.716,34.305],[110.722,34.02],[110.864,33.938],[110.932,33.779],[111.117,33.651],[111.088,33.382],[111.221,33.265],[111.382,32.978],[111.497,32.921],[111.615,32.742],[111.801,32.732],[111.935,32.626],[112.416,32.48],[112.704,32.5],[112.834,32.47],[113.11,32.526],[113.339,32.543],[113.568,32.41],[113.801,32.53],[113.891,32.51],[113.888,32.173],[114.12,31.886],[114.25,31.899],[114.325,31.946],[114.485,31.83],[114.624,31.858],[114.682,31.714],[114.836,31.615],[115.157,31.592],[115.235,31.688],[115.336,31.639],[115.379,31.536],[115.486,31.518]]]},"properties":{"name":"Henan Province","iso3":"CHN","isoCode":null,"id":"CHN-henan-province"}},
{"type":"Feature","geometry":{"type":"Polygon","coordinates":[[[78.433,32.52],[78.505,32.421],[78.516,32.394],[78.497,32.364],[78.477,32.333],[78.527,32.245],[78.519,32.039],[78.744,31.897],[78.794,31.68],[78.799,31.671],[78.814,31.638],[78.833,31.595],[78.795,31.445],[78.792,31.435],[78.839,31.295],[78.986,31.108],[79.081,31.001],[79.362,31.025],[79.59,30.888],[79.864,30.9],[80.085,30.8],[80.117,30.78],[80.213,30.599],[80.271,30.568],[80.335,30.533],[80.353,30.523],[80.672,30.384],[81.016,30.196],[81.088,30.162],[81.258,29.919],[81.692,30.336],[81.771,30.195],[82.172,30.112],[82.415,29.929],[82.616,29.924],[82.843,29.675],[82.99,29.661],[83.369,29.411],[83.434,29.184],[83.699,28.99],[83.808,29.033],[83.932,29.255],[84.079,29.227],[84.16,29.08],[84.192,28.729],[84.604,28.667],[84.913,28.525],[85.092,28.601],[85.173,28.563],[85.135,28.439],[85.265,28.21],[85.569,28.234],[85.921,28.052],[86.002,27.875],[86.17,28.004],[86.36,27.861],[86.5,27.87],[86.701,28.033],[87.32,27.748],[87.514,27.845],[87.76,27.755],[88.136,27.88],[88.691,28.069],[88.843,27.976],[88.911,27.935],[88.835,27.478],[88.936,27.357],[89.233,27.703],[89.529,27.995],[89.978,28.271],[90.409,28.211],[90.68,27.98],[90.883,27.95],[91.341,27.98],[91.544,27.815],[91.631,27.796],[91.858,27.747],[91.946,27.728],[92.06,27.703],[92.022,27.446],[92.053,27.392],[92.117,27.293],[92.121,27.286],[92.037,27.139],[92.028,27.087],[92.042,27.06],[92.043,27.059],[92.047,27.051],[92.114,26.922],[92.131,26.89],[92.162,26.891],[92.212,26.896],[92.274,26.903],[92.286,26.904],[92.787,26.953],[93.019,26.915],[93.025,26.914],[93.089,26.904],[93.451,26.948],[93.707,27.006],[93.745,27.029],[93.81,27.123],[94.04,27.352],[94.072,27.38],[94.15,27.454],[94.155,27.458],[94.158,27.461],[94.159,27.462],[94.191,27.493],[94.257,27.557],[94.334,27.584],[94.573,27.669],[94.85,27.721],[94.886,27.739],[95.136,27.87],[95.337,28.047],[95.543,28.157],[95.868,28.286],[96.084,28.181],[96.345,28.176],[96.605,28.076],[96.93,27.87],[97.131,27.8],[97.287,27.746],[97.344,27.883],[97.375,27.958],[97.394,28.004],[97.401,28.022],[97.379,28.188],[97.37,28.219],[97.352,28.277],[97.656,28.496],[97.759,28.496],[97.894,28.334],[98.035,28.339],[98.154,28.213],[98.369,28.377],[98.506,28.307],[98.674,28.384],[98.655,28.638],[98.697,28.855],[98.674,28.971],[98.83,29.016],[98.936,29.132],[98.931,29.273],[98.981,29.318],[99.121,29.34],[99.058,29.724],[99.109,30.085],[99.004,30.196],[99.006,30.514],[98.988,30.764],[98.854,30.912],[98.836,31.031],[98.68,31.212],[98.675,31.308],[98.79,31.314],[98.876,31.463],[98.833,31.516],[98.592,31.678],[98.482,31.842],[98.486,31.969],[98.442,32.11],[98.296,32.22],[98.293,32.387],[98.06,32.51],[97.701,32.58],[97.515,32.693],[97.43,32.832],[97.21,32.782],[97.251,32.646],[97.238,32.546],[97.132,32.345],[97.137,32.256],[96.965,32.053],[96.774,31.768],[96.651,31.711],[96.462,31.805],[96.316,31.815],[96.158,31.728],[96.06,31.728],[95.803,31.855],[95.606,31.855],[95.507,31.993],[95.46,32.19],[95.168,32.273],[94.994,32.397],[94.912,32.51],[94.726,32.593],[94.489,32.59],[94.168,32.605],[93.529,32.55],[93.135,32.646],[92.976,32.633],[92.827,32.722],[92.67,32.729],[92.489,32.693],[92.327,32.714],[91.946,32.945],[91.807,32.994],[91.517,33.002],[91.441,33.047],[91.153,33.068],[90.986,33.14],[90.451,33.138],[90.353,33.347],[90.229,33.507],[90.009,33.717],[89.954,33.902],[89.807,33.992],[89.562,34.265],[89.582,34.481],[89.507,34.524],[89.467,34.616],[89.504,34.738],[89.768,34.782],[89.821,34.946],[89.727,35.044],[89.78,35.329],[89.916,35.629],[89.887,35.868],[89.764,35.92],[89.593,35.932],[89.572,36.02],[89.722,36.073],[89.842,36.15],[89.82,36.299],[89.603,36.281],[89.323,36.229],[88.887,36.36],[88.801,36.372],[88.388,36.504],[88.03,36.545],[87.835,36.546],[87.452,36.504],[87.24,36.346],[86.463,36.229],[86.284,36.186],[86.141,36.107],[85.684,35.787],[85.579,35.749],[85.152,35.787],[84.936,35.696],[84.204,35.435],[84.061,35.491],[83.709,35.476],[83.275,35.685],[83.063,35.669],[82.911,35.718],[82.611,35.675],[82.437,35.737],[82.296,35.722],[82.099,35.617],[82.007,35.528],[81.896,35.253],[81.599,35.167],[81.441,35.323],[81.148,35.369],[80.985,35.307],[80.445,35.418],[80.323,35.485],[80.266,35.51],[80.205,35.34],[79.986,35.085],[80.017,34.977],[79.853,34.914],[79.94,34.681],[79.773,34.407],[79.518,34.455],[79.206,34.432],[78.984,34.356],[79.029,34.224],[78.975,34.13],[78.737,34.049],[78.872,33.716],[78.888,33.432],[78.988,33.333],[78.989,33.332],[79.067,33.255],[79.241,33.165],[79.164,33.056],[79.299,32.721],[79.304,32.564],[79.121,32.406],[79.087,32.387],[78.991,32.343],[78.968,32.355],[78.815,32.468],[78.78,32.578],[78.77,32.613],[78.672,32.619],[78.458,32.532],[78.433,32.52]]]},"properties":{"name":"Tibet Autonomous Region","iso3":"CHN","isoCode":null,"id":"CHN-tibet-autonomous-region"}},
{"type":"Feature","geometry":{"type":"Polygon","coordinates":[[[116.456,34.732],[116.518,34.759],[116.58,34.998],[116.854,35.061],[117.021,35.052],[117.198,34.791],[117.284,34.608],[117.485,34.66],[117.659,34.574],[117.891,34.634],[117.971,34.751],[118.085,34.768],[118.273,34.671],[118.293,34.514],[118.498,34.545],[118.605,34.728],[118.824,34.808],[118.966,35.089],[119.063,35.174],[119.282,35.2],[119.442,35.186],[119.496,35.364],[119.753,35.649],[119.944,35.671],[120.096,35.936],[120.273,36.014],[120.134,36.16],[120.252,36.233],[120.367,36.143],[120.512,36.098],[120.703,36.185],[120.814,36.512],[120.932,36.61],[120.984,36.587],[121.795,36.901],[121.944,37.029],[122.146,36.995],[122.211,37.015],[122.374,36.882],[122.537,36.976],[122.655,37.443],[122.461,37.523],[122.322,37.454],[122.121,37.561],[121.58,37.457],[121.355,37.654],[121.192,37.63],[120.88,37.885],[120.381,37.775],[120.242,37.572],[119.954,37.421],[119.926,37.272],[119.659,37.137],[119.013,37.322],[119.034,37.764],[118.893,37.97],[118.671,38.017],[118.471,38.183],[118.135,38.102],[117.883,38.303],[117.794,38.166],[117.604,38.136],[117.582,37.991],[117.512,37.936],[117.23,37.957],[116.943,37.919],[116.547,37.657],[116.434,37.709],[116.298,37.477],[116.136,37.451],[115.778,36.925],[115.469,36.738],[115.431,36.521],[115.61,36.307],[115.549,36.22],[115.548,36.14],[115.448,36.075],[115.477,35.919],[115.81,36.075],[116.156,36.193],[116.162,36.106],[115.421,35.665],[115.375,35.546],[115.166,35.438],[115.095,35.333],[114.949,35.237],[114.977,35.16],[115.273,35.073],[115.446,34.941],[115.554,34.912],[115.548,34.768],[115.696,34.675],[115.83,34.718],[116.08,34.7],[116.27,34.707],[116.456,34.732]]]},"properties":{"name":"Shandong Province","iso3":"CHN","isoCode":null,"id":"CHN-shandong-province"}},
{"type":"Feature","geometry":{"type":"Polygon","coordinates":[[[102.321,33.786],[101.921,33.784],[101.819,33.98],[101.725,34.043],[101.485,34.118],[101.136,34.118],[101.014,34.193],[101.033,34.499],[101.197,34.504],[101.331,34.396],[101.525,34.303],[101.696,34.254],[101.906,34.275],[102.008,34.5],[101.955,34.633],[101.948,34.962],[102.2,35.031],[102.318,35.096],[102.415,35.191],[102.427,35.269],[102.328,35.383],[102.412,35.498],[102.506,35.536],[102.608,35.693],[102.777,35.654],[102.995,35.941],[103.016,36.141],[103.078,36.298],[102.947,36.409],[102.901,36.564],[102.732,36.627],[102.711,36.874],[102.545,36.991],[102.525,37.214],[102.409,37.345],[102.366,37.495],[102.124,37.627],[102.124,37.759],[102.048,37.769],[101.841,37.667],[101.593,37.763],[101.497,37.761],[101.172,37.906],[101.121,38.032],[100.795,38.236],[100.581,38.336],[100.457,38.427],[100.255,38.498],[100.201,38.351],[100.035,38.351],[99.507,38.798],[99.4,38.797],[99.137,39.006],[98.796,39.085],[98.62,38.973],[98.481,39.07],[98.209,38.837],[97.834,39.083],[97.122,39.208],[96.986,39.109],[97.094,38.949],[97.088,38.726],[96.897,38.493],[96.886,38.257],[96.693,38.215],[96.45,38.126],[96.202,38.237],[95.854,38.203],[95.255,38.34],[94.624,38.225],[94.363,38.59],[93.977,38.534],[93.827,38.713],[93.306,38.664],[93.101,38.891],[92.646,39.035],[92.434,39.078],[92.126,38.919],[91.866,38.858],[91.46,38.784],[90.694,38.688],[90.233,38.408],[90.339,37.833],[91.179,37.456],[91.236,37.385],[91.113,37.266],[91.148,37.091],[90.986,36.98],[90.863,36.95],[90.672,36.822],[90.708,36.687],[90.79,36.527],[91.013,36.538],[91.089,36.503],[91.052,36.403],[90.894,36.368],[90.576,36.218],[90.319,36.186],[89.976,36.301],[89.82,36.299],[89.842,36.15],[89.722,36.073],[89.572,36.02],[89.593,35.932],[89.764,35.92],[89.887,35.868],[89.916,35.629],[89.78,35.329],[89.727,35.044],[89.821,34.946],[89.768,34.782],[89.504,34.738],[89.467,34.616],[89.507,34.524],[89.582,34.481],[89.562,34.265],[89.807,33.992],[89.954,33.902],[90.009,33.717],[90.229,33.507],[90.353,33.347],[90.451,33.138],[90.986,33.14],[91.153,33.068],[91.441,33.047],[91.517,33.002],[91.807,32.994],[91.946,32.945],[92.327,32.714],[92.489,32.693],[92.67,32.729],[92.827,32.722],[92.976,32.633],[93.135,32.646],[93.529,32.55],[94.168,32.605],[94.489,32.59],[94.726,32.593],[94.912,32.51],[94.994,32.397],[95.168,32.273],[95.46,32.19],[95.507,31.993],[95.606,31.855],[95.803,31.855],[96.06,31.728],[96.158,31.728],[96.316,31.815],[96.462,31.805],[96.651,31.711],[96.774,31.768],[96.965,32.053],[97.137,32.256],[97.132,32.345],[97.238,32.546],[97.251,32.646],[97.21,32.782],[97.43,32.832],[97.526,32.854],[97.594,32.934],[97.527,33.113],[97.661,33.275],[97.937,33.374],[98.079,33.4],[98.229,33.381],[98.659,33.381],[98.861,33.44],[99.026,33.381],[99.176,33.285],[99.401,33.226],[99.508,33.232],[99.665,33.328],[99.918,33.334],[100.013,33.169],[100.502,32.766],[100.715,32.716],[100.991,32.746],[101.078,32.882],[101.078,33.093],[101.196,33.229],[101.492,33.351],[101.595,33.331],[101.776,33.127],[102.001,33.298],[102.174,33.295],[102.269,33.209],[102.399,33.216],[102.427,33.407],[102.498,33.506],[102.494,33.644],[102.376,33.68],[102.321,33.786]]]},"properties":{"name":"Qinghai Province","iso3":"CHN","isoCode":null,"id":"CHN-qinghai-province"}},
{"type":"Feature","geometry":{"type":"Polygon","coordinates":[[[107.581,37.826],[107.51,38.081],[107.246,38.24],[106.934,38.229],[106.636,38.386],[107.066,39.116],[106.873,39.264],[106.873,39.405],[106.66,39.432],[106.52,39.343],[106.38,39.341],[106.321,39.242],[106.092,39.132],[106.096,38.966],[105.906,38.757],[105.906,38.294],[105.453,38.004],[105.302,37.885],[105.096,37.674],[104.599,37.62],[104.543,37.574],[104.759,37.452],[104.751,37.308],[104.897,37.318],[104.995,37.189],[105.295,36.975],[105.358,36.616],[105.504,36.418],[105.53,36.239],[105.4,36.105],[105.41,35.981],[105.536,35.837],[105.835,35.776],[105.957,35.533],[106.18,35.516],[106.365,35.42],[106.549,35.479],[106.562,35.775],[106.668,35.824],[106.795,35.797],[106.926,35.853],[107.019,36.18],[106.582,36.391],[106.532,36.55],[106.546,36.799],[106.73,36.87],[106.633,37.009],[106.749,37.282],[106.888,37.28],[107.038,37.194],[107.347,37.219],[107.382,37.314],[107.311,37.456],[107.386,37.671],[107.581,37.826]]]},"properties":{"name":"Ningxia Ningxia Hui Autonomous Region","iso3":"CHN","isoCode":null,"id":"CHN-ningxia-ningxia-hui-autonomous-region"}},
{"type":"Feature","geometry":{"type":"Polygon","coordinates":[[[109.731,31.972],[109.741,32.14],[109.773,32.197],[109.627,32.41],[109.686,32.659],[110.025,32.752],[110.242,32.779],[110.25,32.908],[110.041,33.031],[109.867,33.05],[109.864,33.209],[109.639,33.229],[109.623,33.331],[109.725,33.394],[109.848,33.397],[110.084,33.364],[110.416,33.292],[110.499,33.288],[110.66,33.373],[110.882,33.234],[111.088,33.382],[111.117,33.651],[110.932,33.779],[110.864,33.938],[110.722,34.02],[110.716,34.305],[110.549,34.356],[110.55,34.481],[110.438,34.585],[110.44,34.72],[110.37,34.816],[110.388,35.22],[110.689,35.638],[110.71,35.767],[110.547,36.174],[110.568,36.676],[110.46,36.768],[110.495,37.098],[110.734,37.396],[110.779,37.597],[110.856,37.772],[110.547,38.101],[110.544,38.24],[110.915,38.536],[111.007,38.819],[111.052,39.047],[111.237,39.186],[111.272,39.503],[111.113,39.646],[110.75,39.382],[110.592,39.457],[110.356,39.447],[110.284,39.516],[110.207,39.415],[109.92,39.186],[109.85,38.944],[109.909,38.796],[109.774,38.72],[109.562,38.704],[109.493,38.574],[109.386,38.511],[109.171,38.278],[109.004,38.182],[108.852,37.967],[108.761,37.8],[108.689,37.75],[108.404,37.761],[108.307,37.912],[108.193,37.926],[108.099,37.86],[107.581,37.826],[107.386,37.671],[107.311,37.456],[107.382,37.314],[107.347,37.219],[107.425,37],[107.942,36.849],[108.207,36.662],[108.329,36.703],[108.55,36.561],[108.652,36.532],[108.783,36.428],[108.767,36.081],[108.613,35.992],[108.577,35.752],[108.688,35.636],[108.648,35.437],[108.538,35.38],[108.242,35.402],[108.041,35.341],[107.883,35.418],[107.824,35.389],[107.828,35.222],[107.879,35.122],[107.283,35.031],[107.078,35.173],[106.865,35.202],[106.577,35.138],[106.554,35.035],[106.605,34.976],[106.573,34.818],[106.439,34.724],[106.427,34.636],[106.621,34.578],[106.767,34.49],[106.743,34.406],[106.506,34.07],[106.554,33.962],[106.546,33.696],[106.139,33.703],[105.891,33.585],[105.887,33.522],[106.013,33.453],[106.072,33.285],[105.826,32.994],[106.128,32.971],[106.187,32.756],[106.329,32.713],[106.625,32.759],[106.885,32.832],[107.118,32.822],[107.228,32.583],[107.421,32.576],[107.469,32.613],[107.599,32.51],[107.761,32.487],[108.076,32.273],[108.404,32.377],[108.593,32.373],[108.699,32.3],[108.956,32.12],[109.232,32.073],[109.284,31.906],[109.729,31.949],[109.731,31.972]]]},"properties":{"name":"Shaanxi Province","iso3":"CHN","isoCode":null,"id":"CHN-shaanxi-province"}},
{"type":"Feature","geometry":{"type":"Polygon","coordinates":[[[118.119,39.209],[118.157,39.429],[118.13,39.493],[117.962,39.526],[117.928,39.686],[117.762,39.721],[117.656,39.868],[117.645,40.038],[117.732,40.083],[117.752,40.225],[117.645,40.281],[117.495,40.3],[117.297,40.153],[117.285,39.946],[117.248,39.757],[117.033,39.775],[116.904,39.706],[116.917,39.602],[116.861,39.407],[116.897,39.334],[116.879,39.156],[116.808,39.083],[116.793,38.963],[116.921,38.825],[117.035,38.79],[117.161,38.818],[117.518,38.677],[117.648,38.689],[117.696,39.009],[117.81,39.135],[118.119,39.209]]]},"properties":{"name":"Tianjin Municipality","iso3":"CHN","isoCode":null,"id":"CHN-tianjin-municipality"}},
{"type":"Feature","geometry":{"type":"Polygon","coordinates":[[[113.813,36.462],[113.609,36.735],[113.595,36.86],[113.72,36.887],[113.886,37.043],[113.876,37.228],[113.974,37.421],[114.212,37.71],[114.201,37.78],[113.959,38.106],[113.924,38.272],[113.654,38.397],[113.668,38.676],[113.939,38.885],[113.85,39.033],[114.005,39.157],[114.285,39.173],[114.485,39.24],[114.542,39.446],[114.622,39.591],[114.601,39.658],[114.472,39.797],[114.434,39.993],[114.16,40.062],[114.122,40.182],[114.171,40.261],[114.5,40.37],[114.403,40.48],[114.34,40.681],[114.212,40.792],[114.067,40.596],[113.841,40.557],[113.55,40.422],[113.39,40.433],[113.273,40.509],[113.11,40.494],[112.898,40.306],[112.763,40.282],[112.541,40.388],[112.381,40.368],[112.045,39.85],[111.926,39.725],[111.807,39.717],[111.601,39.754],[111.498,39.604],[111.303,39.474],[111.272,39.503],[111.237,39.186],[111.052,39.047],[111.007,38.819],[110.915,38.536],[110.544,38.24],[110.547,38.101],[110.856,37.772],[110.779,37.597],[110.734,37.396],[110.495,37.098],[110.46,36.768],[110.568,36.676],[110.547,36.174],[110.71,35.767],[110.689,35.638],[110.388,35.22],[110.37,34.816],[110.44,34.72],[110.845,34.728],[111.036,34.853],[111.282,34.916],[111.549,34.93],[111.92,35.18],[112.143,35.19],[112.197,35.288],[112.305,35.354],[112.636,35.305],[112.744,35.38],[113.015,35.363],[113.665,35.698],[113.779,36.189],[113.813,36.462]]]},"properties":{"name":"Shanxi Province","iso3":"CHN","isoCode":null,"id":"CHN-shanxi-province"}},
{"type":"Feature","geometry":{"type":"Polygon","coordinates":[[[117.033,39.775],[117.054,39.89],[116.837,40.038],[116.845,40.095],[117.021,40.15],[117.297,40.153],[117.495,40.3],[117.36,40.426],[117.349,40.605],[117.506,40.71],[117.472,40.764],[117.279,40.793],[117.14,40.754],[116.752,41.073],[116.622,41.067],[116.491,40.978],[116.475,40.894],[116.369,40.914],[116.397,40.763],[116.244,40.751],[115.934,40.628],[115.899,40.542],[115.994,40.445],[115.914,40.307],[115.761,40.269],[115.606,40.116],[115.54,39.951],[115.571,39.831],[115.672,39.73],[115.842,39.629],[116.275,39.669],[116.39,39.604],[116.553,39.575],[116.56,39.65],[116.66,39.695],[116.904,39.706],[117.033,39.775]]]},"properties":{"name":"Beijing Municipality","iso3":"CHN","isoCode":null,"id":"CHN-beijing-municipality"}},
{"type":"Feature","geometry":{"type":"Polygon","coordinates":[[[105.826,32.994],[106.072,33.285],[106.013,33.453],[105.887,33.522],[105.891,33.585],[106.139,33.703],[106.546,33.696],[106.554,33.962],[106.506,34.07],[106.743,34.406],[106.767,34.49],[106.621,34.578],[106.427,34.636],[106.439,34.724],[106.573,34.818],[106.605,34.976],[106.554,35.035],[106.577,35.138],[106.865,35.202],[107.078,35.173],[107.283,35.031],[107.879,35.122],[107.828,35.222],[107.824,35.389],[107.883,35.418],[108.041,35.341],[108.242,35.402],[108.538,35.38],[108.648,35.437],[108.688,35.636],[108.577,35.752],[108.613,35.992],[108.767,36.081],[108.783,36.428],[108.652,36.532],[108.55,36.561],[108.329,36.703],[108.207,36.662],[107.942,36.849],[107.425,37],[107.347,37.219],[107.038,37.194],[106.888,37.28],[106.749,37.282],[106.633,37.009],[106.73,36.87],[106.546,36.799],[106.532,36.55],[106.582,36.391],[107.019,36.18],[106.926,35.853],[106.795,35.797],[106.668,35.824],[106.562,35.775],[106.549,35.479],[106.365,35.42],[106.18,35.516],[105.957,35.533],[105.835,35.776],[105.536,35.837],[105.41,35.981],[105.4,36.105],[105.53,36.239],[105.504,36.418],[105.358,36.616],[105.295,36.975],[104.995,37.189],[104.897,37.318],[104.751,37.308],[104.759,37.452],[104.543,37.574],[104.306,37.527],[103.979,37.623],[103.964,37.694],[103.635,37.799],[103.618,38.055],[103.726,38.224],[103.731,38.422],[104.022,38.466],[104.139,38.565],[104.155,38.773],[104.121,38.875],[104.248,39.008],[104.219,39.216],[103.834,39.455],[103.38,39.468],[102.832,39.084],[102.375,38.944],[101.608,38.923],[101.393,38.96],[101.279,39.036],[101.119,39.044],[100.918,39.154],[100.887,39.527],[100.44,39.537],[100.289,39.683],[99.98,39.796],[99.817,39.979],[100.002,40.173],[100.435,40.454],[100.419,40.759],[100.137,40.915],[99.059,40.861],[98.609,40.562],[98.403,40.537],[98.235,40.615],[97.997,40.845],[97.78,40.976],[97.428,41.461],[97.401,41.68],[97.574,41.958],[97.406,42.168],[97.367,42.546],[97.287,42.528],[96.404,42.66],[96.284,42.401],[96.367,42.223],[96.052,42.004],[95.507,41.922],[95.184,41.733],[94.892,41.672],[94.635,41.542],[94.473,41.327],[94.095,41.109],[93.708,40.781],[93.635,40.61],[93.405,40.456],[92.948,40.42],[92.885,40.05],[92.919,39.454],[92.889,39.221],[92.646,39.035],[93.101,38.891],[93.306,38.664],[93.827,38.713],[93.977,38.534],[94.363,38.59],[94.624,38.225],[95.255,38.34],[95.854,38.203],[96.202,38.237],[96.45,38.126],[96.693,38.215],[96.886,38.257],[96.897,38.493],[97.088,38.726],[97.094,38.949],[96.986,39.109],[97.122,39.208],[97.834,39.083],[98.209,38.837],[98.481,39.07],[98.62,38.973],[98.796,39.085],[99.137,39.006],[99.4,38.797],[99.507,38.798],[100.035,38.351],[100.201,38.351],[100.255,38.498],[100.457,38.427],[100.581,38.336],[100.795,38.236],[101.121,38.032],[101.172,37.906],[101.497,37.761],[101.593,37.763],[101.841,37.667],[102.048,37.769],[102.124,37.759],[102.124,37.627],[102.366,37.495],[102.409,37.345],[102.525,37.214],[102.545,36.991],[102.711,36.874],[102.732,36.627],[102.901,36.564],[102.947,36.409],[103.078,36.298],[103.016,36.141],[102.995,35.941],[102.777,35.654],[102.608,35.693],[102.506,35.536],[102.412,35.498],[102.328,35.383],[102.427,35.269],[102.415,35.191],[102.318,35.096],[102.2,35.031],[101.948,34.962],[101.955,34.633],[102.008,34.5],[101.906,34.275],[101.696,34.254],[101.525,34.303],[101.331,34.396],[101.197,34.504],[101.033,34.499],[101.014,34.193],[101.136,34.118],[101.485,34.118],[101.725,34.043],[101.819,33.98],[101.921,33.784],[102.321,33.786],[102.278,34.032],[102.427,34.134],[102.752,34.209],[102.949,34.314],[103.043,34.324],[103.199,34.247],[103.181,34.002],[103.272,33.837],[103.467,33.801],[103.545,33.614],[103.904,33.34],[104.075,33.328],[104.239,33.463],[104.302,33.46],[104.434,33.188],[104.489,33.136],[104.474,32.949],[104.671,32.771],[104.903,32.754],[105.199,32.654],[105.492,32.758],[105.482,32.924],[105.578,32.998],[105.826,32.994]]]},"properties":{"name":"Gansu Province","iso3":"CHN","isoCode":null,"id":"CHN-gansu-province"}},
{"type":"Feature","geometry":{"type":"MultiPolygon","coordinates":[[[[115.549,36.22],[115.61,36.307],[115.431,36.521],[115.469,36.738],[115.778,36.925],[116.136,37.451],[116.298,37.477],[116.434,37.709],[116.547,37.657],[116.943,37.919],[117.23,37.957],[117.512,37.936],[117.582,37.991],[117.604,38.136],[117.794,38.166],[117.883,38.303],[117.837,38.34],[117.642,38.65],[117.648,38.689],[117.518,38.677],[117.161,38.818],[117.035,38.79],[116.921,38.825],[116.793,38.963],[116.808,39.083],[116.879,39.156],[116.897,39.334],[116.861,39.407],[116.917,39.602],[116.904,39.706],[116.66,39.695],[116.56,39.65],[116.553,39.575],[116.39,39.604],[116.275,39.669],[115.842,39.629],[115.672,39.73],[115.571,39.831],[115.54,39.951],[115.606,40.116],[115.761,40.269],[115.914,40.307],[115.994,40.445],[115.899,40.542],[115.934,40.628],[116.244,40.751],[116.397,40.763],[116.369,40.914],[116.475,40.894],[116.491,40.978],[116.622,41.067],[116.752,41.073],[117.14,40.754],[117.279,40.793],[117.472,40.764],[117.506,40.71],[117.349,40.605],[117.36,40.426],[117.495,40.3],[117.645,40.281],[117.752,40.225],[117.732,40.083],[117.645,40.038],[117.656,39.868],[117.762,39.721],[117.928,39.686],[117.962,39.526],[118.13,39.493],[118.157,39.429],[118.119,39.209],[118.232,39.202],[118.395,39.118],[118.633,39.215],[119.013,39.223],[119.099,39.437],[119.289,39.7],[119.581,39.862],[119.587,39.95],[119.971,40.074],[119.857,40.129],[119.856,40.281],[119.712,40.391],[119.68,40.591],[119.373,40.647],[119.285,40.753],[119.101,40.787],[118.956,40.961],[119.081,41.056],[119.072,41.165],[119.271,41.254],[119.285,41.387],[119.101,41.41],[118.99,41.363],[118.47,41.431],[118.432,41.615],[118.238,41.833],[118.276,42.07],[118.089,42.268],[118.006,42.436],[117.82,42.663],[117.649,42.681],[117.427,42.586],[117.239,42.583],[116.941,42.468],[116.952,42.268],[116.899,42.051],[116.83,42.025],[116.577,42.051],[116.466,42.102],[116.168,41.941],[115.927,41.99],[115.512,41.825],[115.315,41.663],[115.008,41.684],[114.977,41.732],[115.026,42.043],[114.912,42.195],[114.604,42.223],[114.284,41.905],[114.248,41.698],[114.04,41.55],[113.998,41.394],[114.065,41.299],[113.949,41.169],[114.23,40.815],[114.212,40.792],[114.34,40.681],[114.403,40.48],[114.5,40.37],[114.171,40.261],[114.122,40.182],[114.16,40.062],[114.434,39.993],[114.472,39.797],[114.601,39.658],[114.622,39.591],[114.542,39.446],[114.485,39.24],[114.285,39.173],[114.005,39.157],[113.85,39.033],[113.939,38.885],[113.668,38.676],[113.654,38.397],[113.924,38.272],[113.959,38.106],[114.201,37.78],[114.212,37.71],[113.974,37.421],[113.876,37.228],[113.886,37.043],[113.72,36.887],[113.595,36.86],[113.609,36.735],[113.813,36.462],[114.137,36.451],[114.245,36.373],[114.57,36.338],[114.651,36.268],[114.77,36.246],[114.89,36.311],[115.112,36.202],[115.296,36.29],[115.549,36.22]]],[[[117.297,40.153],[117.021,40.15],[116.845,40.095],[116.837,40.038],[117.054,39.89],[117.033,39.775],[117.248,39.757],[117.285,39.946],[117.297,40.153]]]]},"properties":{"name":"Hebei Province","iso3":"CHN","isoCode":null,"id":"CHN-hebei-province"}},
{"type":"Feature","geometry":{"type":"Polygon","coordinates":[[[119.971,40.074],[120.54,40.259],[120.616,40.488],[121.012,40.752],[121.039,40.891],[121.22,40.956],[121.563,40.912],[121.827,40.959],[121.993,40.906],[122.329,40.536],[122.01,40.187],[121.951,40.097],[121.535,39.887],[121.487,39.677],[121.317,39.61],[121.625,39.407],[121.806,39.404],[121.653,39.209],[121.635,39.144],[121.484,39.109],[121.351,39.016],[121.233,39.021],[121.144,38.854],[121.215,38.761],[121.364,38.823],[121.657,38.989],[121.954,39.08],[122.15,39.185],[122.3,39.34],[123.144,39.73],[123.324,39.716],[123.399,39.822],[123.663,39.8],[123.812,39.873],[124.112,39.847],[124.441,39.967],[124.5,40.174],[124.874,40.441],[125.051,40.48],[125.152,40.602],[125.311,40.639],[125.78,40.863],[125.731,40.958],[125.791,41.068],[125.842,41.275],[125.676,41.442],[125.538,41.689],[125.449,41.716],[125.396,41.904],[125.56,42.216],[125.402,42.259],[125.197,42.632],[125.059,42.724],[125.075,42.814],[124.963,42.915],[124.978,43.08],[124.916,43.174],[124.743,43.11],[124.683,43.006],[124.545,42.948],[124.474,42.989],[124.503,43.149],[124.363,43.321],[124.201,43.371],[123.859,43.538],[123.784,43.44],[123.81,43.43],[123.688,43.152],[123.314,43.037],[123.206,42.862],[122.865,42.791],[122.724,42.898],[122.491,42.946],[122.491,42.775],[122.393,42.735],[122.128,42.791],[122.003,42.755],[121.987,42.628],[121.786,42.56],[121.564,42.608],[121.18,42.376],[120.949,42.37],[120.61,42.193],[120.207,41.843],[120.093,42.047],[119.94,42.214],[119.978,42.327],[119.75,42.358],[119.621,42.465],[119.375,42.37],[119.386,42.278],[119.458,42.178],[119.379,41.724],[119.493,41.571],[119.455,41.454],[119.285,41.387],[119.271,41.254],[119.072,41.165],[119.081,41.056],[118.956,40.961],[119.101,40.787],[119.285,40.753],[119.373,40.647],[119.68,40.591],[119.712,40.391],[119.856,40.281],[119.857,40.129],[119.971,40.074]]]},"properties":{"name":"Liaoning Province","iso3":"CHN","isoCode":null,"id":"CHN-liaoning-province"}},
{"type":"Feature","geometry":{"type":"Polygon","coordinates":[[[131.322,43.452],[131.294,43.45],[130.953,43.428],[130.732,43.597],[130.527,43.65],[130.392,43.96],[130.169,43.879],[130.032,44.001],[129.897,44.011],[129.813,43.866],[129.579,43.882],[129.34,43.815],[129.313,43.656],[129.158,43.579],[128.956,43.587],[128.796,43.921],[128.605,44.004],[128.447,44.232],[128.487,44.506],[128.428,44.582],[128.155,44.644],[128.101,44.511],[128.13,44.259],[128.068,44.138],[127.875,44.109],[127.562,44.491],[127.586,44.631],[127.433,44.715],[127.309,44.688],[127.138,44.716],[127.047,44.863],[127.114,44.985],[127.029,45.17],[126.794,45.224],[126.69,45.313],[126.548,45.33],[126.295,45.214],[125.909,45.291],[125.779,45.396],[125.783,45.525],[125.714,45.559],[125.54,45.559],[125.44,45.447],[125.148,45.469],[125.01,45.578],[124.701,45.493],[124.514,45.527],[124.191,45.796],[124.06,45.972],[124.115,46.085],[124.105,46.189],[123.879,46.349],[123.571,46.323],[123.366,46.335],[123.167,46.292],[123.151,46.196],[122.905,46.167],[122.846,46.098],[122.905,46.011],[122.829,45.815],[122.721,45.808],[122.541,45.977],[122.354,45.886],[122.146,46.047],[121.941,46.078],[121.861,45.902],[121.775,45.828],[121.844,45.767],[122.017,45.741],[122.112,45.556],[122.283,45.5],[122.316,45.406],[122.272,45.244],[122.145,45.208],[122.121,45.105],[122.142,44.757],[122.336,44.572],[122.371,44.483],[122.298,44.414],[122.419,44.292],[123.162,44.557],[123.231,44.532],[123.408,44.193],[123.386,44.1],[123.539,43.967],[123.595,43.713],[123.487,43.666],[123.467,43.565],[123.784,43.44],[123.859,43.538],[124.201,43.371],[124.363,43.321],[124.503,43.149],[124.474,42.989],[124.545,42.948],[124.683,43.006],[124.743,43.11],[124.916,43.174],[124.978,43.08],[124.963,42.915],[125.075,42.814],[125.059,42.724],[125.197,42.632],[125.402,42.259],[125.56,42.216],[125.396,41.904],[125.449,41.716],[125.538,41.689],[125.676,41.442],[125.842,41.275],[125.791,41.068],[125.731,40.958],[125.78,40.863],[125.926,40.882],[126.495,41.306],[126.63,41.635],[127.009,41.761],[127.302,41.522],[128.196,41.38],[128.304,41.558],[128.087,41.914],[128.158,41.999],[128.683,41.974],[129.171,42.119],[129.285,42.356],[129.68,42.396],[129.913,42.946],[130.103,42.946],[130.363,42.588],[130.564,42.55],[130.569,42.556],[130.52,42.701],[130.552,42.767],[130.91,42.831],[130.951,42.865],[131.11,43.001],[131.207,43.141],[131.209,43.148],[131.298,43.386],[131.305,43.405],[131.306,43.406],[131.308,43.412],[131.322,43.452]]]},"properties":{"name":"Jilin Province","iso3":"CHN","isoCode":null,"id":"CHN-jilin-province"}},
{"type":"Feature","geometry":{"type":"Polygon","coordinates":[[[87.298,49.147],[86.823,49.051],[86.804,48.8],[86.706,48.578],[86.267,48.434],[85.774,48.434],[85.563,47.943],[85.59,47.498],[85.769,47.278],[85.579,47.091],[85.233,47.017],[84.929,46.858],[84.68,47.037],[83.949,47.025],[83.256,47.256],[83.051,47.251],[82.995,46.954],[82.77,46.586],[82.531,46.165],[82.51,45.994],[82.34,45.568],[82.617,45.435],[82.607,45.225],[82.493,45.176],[82.309,45.254],[81.945,45.206],[81.671,45.393],[80.079,45.086],[79.889,44.921],[79.972,44.835],[80.201,44.848],[80.433,44.752],[80.298,44.552],[80.367,44.252],[80.305,44.143],[80.707,43.53],[80.667,43.353],[80.785,43.181],[80.423,43.048],[80.505,42.912],[80.27,42.839],[80.167,42.656],[80.237,42.512],[80.216,42.424],[80.254,42.151],[80.135,42.027],[79.886,42.048],[79.509,41.856],[79.194,41.799],[78.467,41.493],[78.065,41.105],[77.895,41.113],[77.451,41.05],[77.045,41.105],[76.799,41.076],[76.525,40.633],[76.303,40.446],[76.019,40.475],[75.859,40.348],[75.714,40.388],[75.648,40.575],[75.572,40.691],[75.215,40.536],[74.83,40.589],[74.798,40.409],[74.446,40.335],[74.359,40.186],[74.056,40.182],[73.893,40.053],[73.844,39.929],[73.899,39.792],[73.828,39.579],[73.628,39.533],[73.606,39.341],[73.779,39.097],[73.709,38.92],[73.893,38.591],[74.072,38.73],[74.31,38.743],[74.787,38.561],[74.825,38.485],[74.771,38.268],[74.885,38.076],[74.955,37.606],[75.101,37.533],[75.101,37.391],[74.446,37.249],[74.543,37.085],[74.654,37.056],[74.721,37.039],[74.769,37.027],[74.841,37.009],[74.933,36.985],[75.182,37.002],[75.351,36.946],[75.475,36.743],[75.581,36.77],[75.662,36.79],[75.846,36.696],[75.908,36.508],[75.977,36.303],[75.95,36.115],[76.212,35.83],[76.518,35.83],[76.685,35.677],[77.26,35.494],[77.371,35.484],[77.472,35.475],[77.909,35.451],[77.949,35.475],[77.963,35.483],[78.047,35.531],[77.985,35.245],[78.283,34.631],[78.436,34.557],[78.651,34.523],[78.807,34.388],[78.984,34.356],[79.206,34.432],[79.518,34.455],[79.773,34.407],[79.94,34.681],[79.853,34.914],[80.017,34.977],[79.986,35.085],[80.205,35.34],[80.266,35.51],[80.323,35.485],[80.445,35.418],[80.985,35.307],[81.148,35.369],[81.441,35.323],[81.599,35.167],[81.896,35.253],[82.007,35.528],[82.099,35.617],[82.296,35.722],[82.437,35.737],[82.611,35.675],[82.911,35.718],[83.063,35.669],[83.275,35.685],[83.709,35.476],[84.061,35.491],[84.204,35.435],[84.936,35.696],[85.152,35.787],[85.579,35.749],[85.684,35.787],[86.141,36.107],[86.284,36.186],[86.463,36.229],[87.24,36.346],[87.452,36.504],[87.835,36.546],[88.03,36.545],[88.388,36.504],[88.801,36.372],[88.887,36.36],[89.323,36.229],[89.603,36.281],[89.82,36.299],[89.976,36.301],[90.319,36.186],[90.576,36.218],[90.894,36.368],[91.052,36.403],[91.089,36.503],[91.013,36.538],[90.79,36.527],[90.708,36.687],[90.672,36.822],[90.863,36.95],[90.986,36.98],[91.148,37.091],[91.113,37.266],[91.236,37.385],[91.179,37.456],[90.339,37.833],[90.233,38.408],[90.694,38.688],[91.46,38.784],[91.866,38.858],[92.126,38.919],[92.434,39.078],[92.646,39.035],[92.889,39.221],[92.919,39.454],[92.885,40.05],[92.948,40.42],[93.405,40.456],[93.635,40.61],[93.708,40.781],[94.095,41.109],[94.473,41.327],[94.635,41.542],[94.892,41.672],[95.184,41.733],[95.507,41.922],[96.052,42.004],[96.367,42.223],[96.284,42.401],[96.404,42.66],[96.345,42.803],[95.944,43.124],[95.548,43.875],[95.331,43.992],[95.375,44.174],[94.954,44.21],[94.698,44.294],[94.549,44.401],[93.966,44.593],[93.516,44.877],[92.996,44.947],[92.102,44.904],[90.845,45.13],[90.71,45.23],[90.694,45.519],[91.041,45.95],[90.925,46.222],[91.068,46.471],[91.051,46.676],[90.596,47.109],[90.423,47.502],[90.103,47.798],[89.832,47.78],[89.442,48.008],[89.318,47.907],[88.928,47.903],[88.602,48.341],[88.103,48.516],[88.079,48.672],[87.805,48.841],[87.926,49.005],[87.936,49.148],[87.659,49.137],[87.538,49.053],[87.454,49.086],[87.298,49.147]]]},"properties":{"name":"Xinjiang Uyghur Autonomous Region","iso3":"CHN","isoCode":null,"id":"CHN-xinjiang-uyghur-autonomous-region"}},
{"type":"Feature","geometry":{"type":"Polygon","coordinates":[[[116.72,49.838],[116.564,49.647],[116.058,48.872],[116.125,48.803],[116.083,48.731],[115.914,48.619],[115.834,48.276],[115.508,48.156],[115.599,47.904],[115.967,47.671],[116.248,47.86],[116.466,47.843],[117.045,47.86],[117.413,47.664],[117.77,48.006],[118.46,47.99],[118.824,47.788],[119.08,47.783],[119.169,47.563],[119.729,47.2],[119.926,46.881],[119.871,46.756],[119.522,46.668],[118.397,46.78],[117.768,46.58],[117.519,46.629],[117.326,46.436],[116.847,46.457],[116.566,46.296],[116.42,46.177],[116.253,45.909],[116.271,45.787],[115.642,45.447],[114.653,45.444],[114.503,45.206],[113.647,44.811],[112.732,44.882],[112.551,45.042],[111.92,45.071],[111.442,44.371],[112.028,43.836],[112,43.728],[111.584,43.51],[111.067,43.364],[110.419,42.785],[109.423,42.468],[108.234,42.437],[107.902,42.388],[107.395,42.46],[107.243,42.36],[106.844,42.301],[105.911,42.026],[105.62,41.882],[105.148,41.67],[105.003,41.569],[104.608,41.631],[104.573,41.804],[103.8,41.786],[103.096,41.967],[102.229,42.093],[101.848,42.411],[100.337,42.576],[100.061,42.56],[99.303,42.448],[97.452,42.566],[97.367,42.546],[97.406,42.168],[97.574,41.958],[97.401,41.68],[97.428,41.461],[97.78,40.976],[97.997,40.845],[98.235,40.615],[98.403,40.537],[98.609,40.562],[99.059,40.861],[100.137,40.915],[100.419,40.759],[100.435,40.454],[100.002,40.173],[99.817,39.979],[99.98,39.796],[100.289,39.683],[100.44,39.537],[100.887,39.527],[100.918,39.154],[101.119,39.044],[101.279,39.036],[101.393,38.96],[101.608,38.923],[102.375,38.944],[102.832,39.084],[103.38,39.468],[103.834,39.455],[104.219,39.216],[104.248,39.008],[104.121,38.875],[104.155,38.773],[104.139,38.565],[104.022,38.466],[103.731,38.422],[103.726,38.224],[103.618,38.055],[103.635,37.799],[103.964,37.694],[103.979,37.623],[104.306,37.527],[104.543,37.574],[104.599,37.62],[105.096,37.674],[105.302,37.885],[105.453,38.004],[105.906,38.294],[105.906,38.757],[106.096,38.966],[106.092,39.132],[106.321,39.242],[106.38,39.341],[106.52,39.343],[106.66,39.432],[106.873,39.405],[106.873,39.264],[107.066,39.116],[106.636,38.386],[106.934,38.229],[107.246,38.24],[107.51,38.081],[107.581,37.826],[108.099,37.86],[108.193,37.926],[108.307,37.912],[108.404,37.761],[108.689,37.75],[108.761,37.8],[108.852,37.967],[109.004,38.182],[109.171,38.278],[109.386,38.511],[109.493,38.574],[109.562,38.704],[109.774,38.72],[109.909,38.796],[109.85,38.944],[109.92,39.186],[110.207,39.415],[110.284,39.516],[110.356,39.447],[110.592,39.457],[110.75,39.382],[111.113,39.646],[111.272,39.503],[111.303,39.474],[111.498,39.604],[111.601,39.754],[111.807,39.717],[111.926,39.725],[112.045,39.85],[112.381,40.368],[112.541,40.388],[112.763,40.282],[112.898,40.306],[113.11,40.494],[113.273,40.509],[113.39,40.433],[113.55,40.422],[113.841,40.557],[114.067,40.596],[114.212,40.792],[114.23,40.815],[113.949,41.169],[114.065,41.299],[113.998,41.394],[114.04,41.55],[114.248,41.698],[114.284,41.905],[114.604,42.223],[114.912,42.195],[115.026,42.043],[114.977,41.732],[115.008,41.684],[115.315,41.663],[115.512,41.825],[115.927,41.99],[116.168,41.941],[116.466,42.102],[116.577,42.051],[116.83,42.025],[116.899,42.051],[116.952,42.268],[116.941,42.468],[117.239,42.583],[117.427,42.586],[117.649,42.681],[117.82,42.663],[118.006,42.436],[118.089,42.268],[118.276,42.07],[118.238,41.833],[118.432,41.615],[118.47,41.431],[118.99,41.363],[119.101,41.41],[119.285,41.387],[119.455,41.454],[119.493,41.571],[119.379,41.724],[119.458,42.178],[119.386,42.278],[119.375,42.37],[119.621,42.465],[119.75,42.358],[119.978,42.327],[119.94,42.214],[120.093,42.047],[120.207,41.843],[120.61,42.193],[120.949,42.37],[121.18,42.376],[121.564,42.608],[121.786,42.56],[121.987,42.628],[122.003,42.755],[122.128,42.791],[122.393,42.735],[122.491,42.775],[122.491,42.946],[122.724,42.898],[122.865,42.791],[123.206,42.862],[123.314,43.037],[123.688,43.152],[123.81,43.43],[123.784,43.44],[123.467,43.565],[123.487,43.666],[123.595,43.713],[123.539,43.967],[123.386,44.1],[123.408,44.193],[123.231,44.532],[123.162,44.557],[122.419,44.292],[122.298,44.414],[122.371,44.483],[122.336,44.572],[122.142,44.757],[122.121,45.105],[122.145,45.208],[122.272,45.244],[122.316,45.406],[122.283,45.5],[122.112,45.556],[122.017,45.741],[121.844,45.767],[121.775,45.828],[121.861,45.902],[121.941,46.078],[122.146,46.047],[122.354,45.886],[122.541,45.977],[122.721,45.808],[122.829,45.815],[122.905,46.011],[122.846,46.098],[122.905,46.167],[123.151,46.196],[123.167,46.292],[123.03,46.378],[123.144,46.679],[123.415,46.648],[123.598,46.736],[123.522,46.79],[123.137,46.883],[122.877,47.131],[122.704,47.176],[122.569,47.416],[122.648,47.582],[123.293,47.845],[123.352,47.998],[123.488,48.037],[124.262,48.564],[124.425,48.542],[124.452,48.359],[124.593,48.236],[124.631,48.503],[124.848,49.091],[124.99,49.223],[125.185,49.184],[125.278,49.229],[125.379,49.471],[125.269,49.68],[125.363,50.17],[125.515,50.252],[125.608,50.435],[125.862,50.554],[125.913,50.683],[125.862,50.726],[125.879,50.859],[126.074,50.934],[126.108,51.062],[126.091,51.19],[125.947,51.19],[125.54,51.633],[125.151,51.675],[124.88,51.401],[124.618,51.422],[124.406,51.37],[124.186,51.407],[124.093,51.359],[123.923,51.38],[123.822,51.296],[123.661,51.296],[123.551,51.375],[123.399,51.333],[123.238,51.37],[123.035,51.475],[122.823,51.78],[122.874,51.968],[122.781,52.083],[122.84,52.254],[122.789,52.299],[122.599,52.328],[122.496,52.461],[122.355,52.53],[122.247,52.513],[122.193,52.385],[122.068,52.335],[121.933,52.345],[121.797,52.471],[121.629,52.504],[121.337,52.662],[121.917,53.08],[121.631,53.368],[121.593,53.406],[121.093,53.302],[121.052,53.293],[121.026,53.288],[120.833,53.248],[120.776,53.219],[120.686,53.151],[120.668,53.138],[120.642,53.118],[120.618,53.1],[120.342,52.92],[120.146,52.812],[120.12,52.612],[120.237,52.601],[120.576,52.57],[120.686,52.477],[120.677,52.458],[120.65,52.396],[120.643,52.38],[120.635,52.361],[120.734,52.259],[120.752,52.242],[120.74,52.204],[120.635,51.921],[120.2,51.704],[120.136,51.673],[120.095,51.65],[120.094,51.648],[120.041,51.572],[120,51.514],[119.977,51.48],[119.918,51.396],[119.904,51.376],[119.847,51.294],[119.806,51.234],[119.794,51.218],[119.768,51.18],[119.758,51.166],[119.754,51.159],[119.652,51.012],[119.509,50.793],[119.502,50.787],[119.497,50.782],[119.49,50.776],[119.487,50.773],[119.388,50.681],[119.377,50.67],[119.339,50.633],[119.29,50.585],[119.273,50.569],[119.264,50.557],[119.229,50.505],[119.226,50.5],[119.198,50.41],[119.22,50.363],[119.315,50.162],[119.286,50.112],[119.284,50.111],[119.234,50.079],[119.233,50.078],[119.228,50.075],[119.227,50.074],[119.157,50.028],[119.154,50.026],[119.115,50.009],[118.948,49.992],[118.945,49.992],[118.938,49.991],[118.933,49.991],[118.581,49.944],[118.401,49.825],[118.387,49.815],[118.319,49.768],[118.291,49.75],[118.274,49.742],[118.225,49.721],[118.214,49.716],[118.212,49.715],[118.113,49.669],[118.11,49.667],[118.028,49.612],[117.889,49.577],[117.718,49.576],[117.363,49.654],[117.068,49.708],[116.72,49.838]]]},"properties":{"name":"Inner Mongolia Autonomous Region","iso3":"CHN","isoCode":null,"id":"CHN-inner-mongolia-autonomous-region"}},
{"type":"Feature","geometry":{"type":"Polygon","coordinates":[[[122.086,53.447],[121.593,53.406],[121.631,53.368],[121.917,53.08],[121.337,52.662],[121.629,52.504],[121.797,52.471],[121.933,52.345],[122.068,52.335],[122.193,52.385],[122.247,52.513],[122.355,52.53],[122.496,52.461],[122.599,52.328],[122.789,52.299],[122.84,52.254],[122.781,52.083],[122.874,51.968],[122.823,51.78],[123.035,51.475],[123.238,51.37],[123.399,51.333],[123.551,51.375],[123.661,51.296],[123.822,51.296],[123.923,51.38],[124.093,51.359],[124.186,51.407],[124.406,51.37],[124.618,51.422],[124.88,51.401],[125.151,51.675],[125.54,51.633],[125.947,51.19],[126.091,51.19],[126.108,51.062],[126.074,50.934],[125.879,50.859],[125.862,50.726],[125.913,50.683],[125.862,50.554],[125.608,50.435],[125.515,50.252],[125.363,50.17],[125.269,49.68],[125.379,49.471],[125.278,49.229],[125.185,49.184],[124.99,49.223],[124.848,49.091],[124.631,48.503],[124.593,48.236],[124.452,48.359],[124.425,48.542],[124.262,48.564],[123.488,48.037],[123.352,47.998],[123.293,47.845],[122.648,47.582],[122.569,47.416],[122.704,47.176],[122.877,47.131],[123.137,46.883],[123.522,46.79],[123.598,46.736],[123.415,46.648],[123.144,46.679],[123.03,46.378],[123.167,46.292],[123.366,46.335],[123.571,46.323],[123.879,46.349],[124.105,46.189],[124.115,46.085],[124.06,45.972],[124.191,45.796],[124.514,45.527],[124.701,45.493],[125.01,45.578],[125.148,45.469],[125.44,45.447],[125.54,45.559],[125.714,45.559],[125.783,45.525],[125.779,45.396],[125.909,45.291],[126.295,45.214],[126.548,45.33],[126.69,45.313],[126.794,45.224],[127.029,45.17],[127.114,44.985],[127.047,44.863],[127.138,44.716],[127.309,44.688],[127.433,44.715],[127.586,44.631],[127.562,44.491],[127.875,44.109],[128.068,44.138],[128.13,44.259],[128.101,44.511],[128.155,44.644],[128.428,44.582],[128.487,44.506],[128.447,44.232],[128.605,44.004],[128.796,43.921],[128.956,43.587],[129.158,43.579],[129.313,43.656],[129.34,43.815],[129.579,43.882],[129.813,43.866],[129.897,44.011],[130.032,44.001],[130.169,43.879],[130.392,43.96],[130.527,43.65],[130.732,43.597],[130.953,43.428],[131.294,43.45],[131.322,43.452],[131.246,43.538],[131.365,44.05],[131.148,44.562],[131.068,44.75],[131.067,44.753],[131.066,44.754],[131.062,44.765],[131.058,44.782],[131.078,44.858],[131.484,44.939],[131.901,45.264],[131.992,45.184],[132.026,45.153],[132.796,44.996],[132.942,44.966],[133.062,45.084],[133.065,45.095],[133.101,45.229],[133.103,45.234],[133.103,45.235],[133.104,45.239],[133.141,45.375],[133.141,45.376],[133.381,45.504],[133.449,45.623],[133.454,45.633],[133.467,45.656],[133.479,45.676],[133.606,45.898],[133.611,45.907],[133.632,45.944],[133.729,46.082],[133.868,46.229],[133.87,46.238],[133.874,46.25],[133.894,46.325],[133.905,46.367],[133.921,46.426],[134.009,46.65],[134.006,46.655],[134.056,46.975],[134.156,47.095],[134.19,47.219],[134.169,47.318],[134.311,47.433],[134.486,47.443],[134.68,47.598],[134.725,47.671],[134.545,47.939],[134.56,47.97],[134.617,48.09],[134.669,48.2],[134.674,48.252],[134.72,48.308],[134.666,48.335],[134.456,48.372],[134.401,48.362],[134.307,48.374],[134.196,48.358],[133.958,48.29],[133.75,48.238],[133.725,48.214],[133.665,48.186],[133.464,48.109],[133.311,48.099],[133.167,48.108],[132.833,47.956],[132.758,47.934],[132.668,47.909],[132.483,47.717],[131.986,47.686],[131.914,47.681],[131.878,47.679],[131.776,47.678],[131.67,47.696],[131.553,47.716],[131.413,47.74],[131.285,47.732],[131.223,47.725],[130.957,47.724],[130.878,47.9],[130.791,47.977],[130.688,48.07],[130.805,48.265],[130.81,48.273],[130.817,48.285],[130.663,48.492],[130.607,48.566],[130.585,48.596],[130.6,48.758],[130.621,48.881],[130.612,48.88],[130.474,48.89],[130.377,48.896],[130.265,48.903],[129.856,49.146],[129.805,49.177],[129.75,49.21],[129.626,49.283],[129.547,49.33],[129.365,49.394],[129.269,49.386],[129.163,49.378],[128.803,49.565],[128.751,49.593],[128.654,49.645],[128.224,49.566],[127.745,49.654],[127.673,49.745],[127.647,49.777],[127.54,49.91],[127.506,49.966],[127.558,50.117],[127.584,50.19],[127.434,50.273],[127.348,50.381],[127.362,50.435],[127.416,50.649],[126.944,51.144],[126.993,51.31],[126.836,51.52],[126.824,51.538],[126.714,51.684],[126.683,51.726],[126.522,51.942],[126.556,52.119],[126.546,52.136],[126.353,52.456],[126.091,52.631],[126.05,52.747],[126.007,52.79],[125.667,53.086],[125.1,53.243],[124.719,53.178],[124.629,53.207],[124.326,53.319],[124.183,53.372],[123.644,53.571],[123.336,53.547],[123.204,53.536],[122.372,53.47],[122.134,53.451],[122.086,53.447]]]},"properties":{"name":"Heilongjiang Province","iso3":"CHN","isoCode":null,"id":"CHN-heilongjiang-province"}},
{"type":"Feature","geometry":{"type":"Polygon","coordinates":[[[113.622,22.204],[113.497,22.19],[113.562,22.091],[113.622,22.204]]]},"properties":{"name":"Macau Special Administrative Region","iso3":"CHN","isoCode":null,"id":"CHN-macau-special-administrative-region"}},
{"type":"Feature","geometry":{"type":"Polygon","coordinates":[[[114.04,22.534],[114.043,22.459],[113.925,22.411],[114.105,22.326],[114.226,22.308],[114.414,22.391],[114.334,22.467],[114.333,22.524],[114.277,22.604],[114.062,22.542],[114.04,22.534]]]},"properties":{"name":"Hong Kong Special Administrative Region","iso3":"CHN","isoCode":null,"id":"CHN-hong-kong-special-administrative-region"}},
{"type":"Feature","geometry":{"type":"MultiPolygon","coordinates":[[[[109.742,21.547],[109.991,21.518],[109.754,21.231],[109.683,20.881],[109.798,20.842],[109.776,20.673],[109.8,20.547],[109.987,20.47],[109.924,20.414],[109.942,20.285],[110.306,20.262],[110.524,20.443],[110.528,20.507],[110.368,20.7],[110.366,20.842],[110.217,20.931],[110.213,21.049],[110.493,21.225],[110.632,21.212],[110.792,21.431],[110.99,21.421],[111.083,21.524],[111.342,21.504],[111.44,21.564],[111.587,21.549],[111.737,21.644],[111.766,21.743],[112.037,21.807],[112.383,21.778],[112.428,21.879],[112.616,21.815],[112.814,21.928],[113.011,21.922],[113.036,22.192],[113.071,22.264],[113.215,22.066],[113.411,22.274],[113.524,22.255],[113.633,22.335],[113.571,22.58],[113.55,22.844],[113.678,22.793],[113.786,22.783],[113.904,22.569],[114.04,22.534],[114.062,22.542],[114.177,22.58],[114.375,22.628],[114.469,22.626],[114.58,22.553],[114.607,22.729],[114.788,22.802],[114.802,22.642],[114.92,22.617],[115.193,22.847],[115.412,22.831],[115.419,22.678],[115.551,22.668],[115.616,22.853],[115.665,22.914],[115.845,22.789],[116.05,22.908],[116.161,22.898],[116.317,22.981],[116.556,22.984],[116.598,23.201],[116.82,23.259],[116.698,23.44],[116.958,23.395],[117.149,23.459],[117.079,23.557],[117.177,23.653],[117.222,23.643],[117.109,23.755],[117.109,23.836],[116.985,24.073],[117.033,24.291],[116.813,24.571],[116.788,24.725],[116.724,24.742],[116.553,24.684],[116.451,24.856],[116.339,24.934],[116.203,24.922],[116.124,24.96],[115.968,24.973],[115.825,24.896],[115.856,24.731],[115.813,24.641],[115.702,24.645],[115.473,24.842],[115.142,24.724],[114.483,24.588],[114.27,24.76],[114.46,24.946],[114.495,25.092],[114.736,25.157],[114.755,25.296],[114.677,25.449],[114.519,25.428],[114.365,25.374],[114.136,25.403],[114.044,25.544],[113.761,25.415],[113.551,25.46],[113.347,25.586],[113.049,25.453],[113.013,25.339],[113.066,25.266],[113.061,25.173],[112.996,25.029],[112.902,25.029],[112.728,25.166],[112.665,25.257],[112.289,25.264],[112.236,25.115],[112.233,24.978],[112.178,24.891],[112.001,24.857],[112.059,24.669],[112.077,24.46],[112.057,24.404],[111.94,24.292],[111.94,24.07],[111.86,23.958],[111.679,23.91],[111.666,23.762],[111.558,23.706],[111.424,23.373],[111.458,23.136],[111.41,22.964],[111.097,22.755],[110.915,22.652],[110.791,22.629],[110.728,22.503],[110.766,22.344],[110.536,22.246],[110.377,22.249],[110.347,22.057],[110.375,21.973],[110.067,21.961],[109.984,21.91],[109.942,21.768],[109.84,21.72],[109.743,21.611],[109.742,21.547]]],[[[110.537,21.085],[110.315,21.04],[110.291,20.962],[110.613,20.923],[110.537,21.085]]]]},"properties":{"name":"Guangzhou Province","iso3":"CHN","isoCode":null,"id":"CHN-guangzhou-province"}},
{"type":"Feature","geometry":{"type":"Polygon","coordinates":[[[30.194,-31.081],[30.143,-31.023],[30.146,-30.922],[30.095,-30.862],[29.975,-30.838],[29.922,-30.769],[29.62,-30.688],[29.512,-30.618],[29.373,-30.649],[29.168,-30.613],[29.197,-30.434],[29.305,-30.38],[29.302,-30.32],[29.129,-30.248],[29.107,-30.078],[29.015,-30.002],[28.855,-30.09],[28.668,-30.141],[28.547,-30.123],[28.365,-30.169],[28.34,-30.235],[28.207,-30.291],[28.271,-30.371],[28.18,-30.439],[28.123,-30.663],[27.787,-30.619],[27.625,-30.507],[27.604,-30.45],[27.454,-30.314],[27.377,-30.327],[27.293,-30.455],[27.138,-30.532],[27.002,-30.54],[26.935,-30.665],[26.805,-30.639],[26.709,-30.684],[26.551,-30.662],[26.429,-30.565],[26.291,-30.592],[26.263,-30.543],[26.13,-30.505],[25.944,-30.557],[25.777,-30.682],[25.642,-30.658],[25.603,-30.594],[25.467,-30.624],[25.48,-30.779],[25.522,-30.833],[25.487,-31.037],[25.385,-31.151],[25.354,-31.236],[25.225,-31.195],[25.17,-31.239],[25.006,-31.263],[24.853,-31.328],[24.789,-31.389],[24.665,-31.384],[24.567,-31.419],[24.504,-31.568],[24.514,-31.705],[24.341,-31.714],[24.152,-31.789],[24.164,-31.902],[24.1,-32.164],[23.892,-32.255],[23.798,-32.194],[23.67,-32.238],[23.665,-32.344],[23.449,-32.323],[23.41,-32.389],[23.222,-32.425],[23.288,-32.551],[23.301,-32.652],[23.379,-32.825],[23.149,-32.767],[23.007,-32.873],[22.949,-32.95],[22.955,-33.073],[22.892,-33.142],[22.736,-33.395],[22.935,-33.429],[23.135,-33.388],[23.297,-33.389],[23.355,-33.441],[23.496,-33.443],[23.604,-33.496],[23.556,-33.673],[23.44,-33.717],[23.649,-33.895],[23.647,-33.981],[23.847,-34.027],[24.222,-34.072],[24.373,-34.103],[24.473,-34.161],[24.818,-34.208],[24.922,-34.08],[24.939,-34.004],[25.106,-33.963],[25.203,-33.967],[25.395,-34.031],[25.581,-34.051],[25.641,-33.852],[25.789,-33.743],[25.905,-33.713],[26.135,-33.714],[26.286,-33.762],[26.468,-33.773],[26.736,-33.656],[26.867,-33.626],[27.112,-33.525],[27.143,-33.487],[27.603,-33.222],[27.729,-33.121],[27.914,-33.033],[28.1,-32.888],[28.171,-32.789],[28.269,-32.759],[28.434,-32.631],[28.552,-32.573],[28.604,-32.503],[28.855,-32.298],[29.213,-31.945],[29.422,-31.692],[29.494,-31.671],[29.67,-31.549],[29.759,-31.452],[29.834,-31.443],[30.069,-31.237],[30.194,-31.081]]]},"properties":{"name":"Eastern Cape","iso3":"ZAF","isoCode":null,"id":"ZAF-eastern-cape"}},
{"type":"Feature","geometry":{"type":"Polygon","coordinates":[[[27.377,-30.327],[27.365,-30.218],[27.297,-30.056],[27.223,-29.997],[27.097,-29.73],[27.013,-29.661],[27.154,-29.561],[27.244,-29.555],[27.424,-29.404],[27.455,-29.298],[27.614,-29.164],[27.767,-28.917],[28.005,-28.872],[28.167,-28.705],[28.349,-28.699],[28.402,-28.624],[28.591,-28.608],[28.874,-28.771],[28.974,-28.575],[29.135,-28.566],[29.249,-28.425],[29.414,-28.376],[29.483,-28.272],[29.62,-28.241],[29.663,-28.177],[29.617,-28.047],[29.69,-27.896],[29.709,-27.698],[29.78,-27.587],[29.703,-27.472],[29.759,-27.443],[29.619,-27.506],[29.464,-27.288],[29.224,-27.145],[29.117,-27.172],[29.053,-27.034],[28.954,-27.012],[28.814,-27.043],[28.646,-26.953],[28.55,-27.041],[28.476,-26.963],[28.325,-26.949],[28.244,-26.885],[28.125,-26.891],[27.943,-26.675],[27.883,-26.744],[27.666,-26.774],[27.59,-26.738],[27.414,-26.926],[27.301,-26.856],[27.203,-26.98],[27.117,-26.927],[26.947,-26.892],[26.619,-27.003],[26.459,-27.158],[26.495,-27.259],[26.423,-27.407],[26.27,-27.417],[26.229,-27.512],[26.005,-27.653],[25.833,-27.567],[25.556,-27.687],[25.481,-27.693],[25.275,-27.796],[25.091,-27.984],[25.028,-28.073],[24.828,-28.627],[24.902,-28.648],[24.662,-29.079],[24.347,-29.656],[24.41,-29.789],[24.551,-29.849],[24.674,-29.976],[24.796,-30.046],[24.9,-30.207],[25.096,-30.373],[25.19,-30.498],[25.305,-30.577],[25.375,-30.559],[25.467,-30.624],[25.603,-30.594],[25.642,-30.658],[25.777,-30.682],[25.944,-30.557],[26.13,-30.505],[26.263,-30.543],[26.291,-30.592],[26.429,-30.565],[26.551,-30.662],[26.709,-30.684],[26.805,-30.639],[26.935,-30.665],[27.002,-30.54],[27.138,-30.532],[27.293,-30.455],[27.377,-30.327]]]},"properties":{"name":"Free State","iso3":"ZAF","isoCode":null,"id":"ZAF-free-state"}},
{"type":"Feature","geometry":{"type":"Polygon","coordinates":[[[28.244,-26.885],[28.407,-26.762],[28.4,-26.655],[28.642,-26.508],[28.764,-26.518],[28.79,-26.426],[28.861,-26.399],[28.805,-26.307],[28.71,-26.341],[28.531,-26.225],[28.491,-26.126],[28.632,-25.971],[28.794,-26.005],[28.885,-25.974],[28.889,-25.88],[28.981,-25.743],[28.969,-25.673],[29.065,-25.642],[29.034,-25.563],[28.947,-25.6],[28.852,-25.502],[28.847,-25.682],[28.684,-25.675],[28.626,-25.523],[28.623,-25.334],[28.732,-25.269],[28.775,-25.184],[28.745,-25.11],[28.652,-25.143],[28.659,-25.235],[28.513,-25.256],[28.504,-25.309],[28.298,-25.31],[28.298,-25.339],[28.083,-25.385],[27.958,-25.593],[27.96,-25.816],[27.859,-25.819],[27.745,-25.895],[27.644,-25.796],[27.462,-25.868],[27.419,-26.117],[27.291,-26.145],[27.33,-26.282],[27.188,-26.378],[27.225,-26.444],[27.242,-26.636],[27.378,-26.611],[27.569,-26.647],[27.59,-26.738],[27.666,-26.774],[27.883,-26.744],[27.943,-26.675],[28.125,-26.891],[28.244,-26.885]]]},"properties":{"name":"Gauteng","iso3":"ZAF","isoCode":null,"id":"ZAF-gauteng"}},
{"type":"Feature","geometry":{"type":"Polygon","coordinates":[[[30.194,-31.081],[30.606,-30.54],[30.899,-30.042],[31.06,-29.88],[31.037,-29.834],[31.131,-29.648],[31.34,-29.383],[31.571,-29.168],[31.758,-28.97],[32.029,-28.865],[32.359,-28.579],[32.48,-28.406],[32.599,-28.186],[32.664,-27.791],[32.805,-27.339],[32.896,-27.121],[32.945,-26.872],[32.331,-26.864],[32.093,-26.805],[32.016,-26.82],[31.975,-27.116],[31.978,-27.318],[31.494,-27.315],[31.274,-27.243],[31.166,-27.369],[31.101,-27.336],[30.942,-27.368],[30.707,-27.283],[30.558,-27.328],[30.426,-27.315],[30.368,-27.267],[30.15,-27.392],[30.016,-27.398],[29.917,-27.354],[29.759,-27.443],[29.703,-27.472],[29.78,-27.587],[29.709,-27.698],[29.69,-27.896],[29.617,-28.047],[29.663,-28.177],[29.62,-28.241],[29.483,-28.272],[29.414,-28.376],[29.249,-28.425],[29.135,-28.566],[28.974,-28.575],[28.874,-28.771],[28.944,-28.783],[29.029,-28.888],[29.349,-29.119],[29.456,-29.341],[29.4,-29.445],[29.293,-29.49],[29.282,-29.643],[29.163,-29.677],[29.131,-29.773],[29.17,-29.916],[29.015,-30.002],[29.107,-30.078],[29.129,-30.248],[29.302,-30.32],[29.305,-30.38],[29.197,-30.434],[29.168,-30.613],[29.373,-30.649],[29.512,-30.618],[29.62,-30.688],[29.922,-30.769],[29.975,-30.838],[30.095,-30.862],[30.146,-30.922],[30.143,-31.023],[30.194,-31.081]]]},"properties":{"name":"KwaZulu-Natal","iso3":"ZAF","isoCode":null,"id":"ZAF-kwazulu-natal"}},
{"type":"Feature","geometry":{"type":"Polygon","coordinates":[[[28.652,-25.143],[28.537,-25.152],[28.462,-25.201],[28.379,-25.155],[28.474,-25.089],[28.634,-25.058],[28.606,-25.003],[28.759,-24.911],[28.892,-24.955],[29.043,-25.141],[29.038,-25.276],[29.164,-25.354],[29.399,-25.415],[29.77,-25.402],[29.938,-25.331],[30.006,-25.34],[30.005,-25.144],[30.03,-25.085],[30.144,-25.124],[30.192,-24.855],[30.425,-24.855],[30.452,-24.912],[30.635,-24.853],[30.72,-24.705],[30.73,-24.498],[30.759,-24.46],[30.959,-24.582],[31.226,-24.556],[31.254,-24.499],[31.16,-24.376],[31.056,-24.322],[31.05,-24.187],[31.193,-24.031],[31.321,-24.083],[31.441,-24.021],[31.598,-24.056],[31.736,-24.046],[31.77,-23.983],[31.884,-23.985],[31.769,-23.888],[31.697,-23.722],[31.691,-23.629],[31.561,-23.482],[31.564,-23.198],[31.307,-22.423],[31.157,-22.329],[31.088,-22.349],[30.835,-22.292],[30.639,-22.332],[30.489,-22.316],[30.29,-22.356],[30.231,-22.296],[30.122,-22.309],[30.02,-22.233],[29.774,-22.141],[29.673,-22.139],[29.417,-22.175],[29.363,-22.2],[29.218,-22.178],[29.037,-22.216],[28.966,-22.308],[28.971,-22.377],[28.912,-22.461],[28.737,-22.505],[28.641,-22.558],[28.341,-22.575],[28.21,-22.664],[28.162,-22.756],[28.039,-22.842],[28.044,-22.904],[27.935,-22.966],[27.92,-23.068],[27.704,-23.204],[27.598,-23.22],[27.563,-23.35],[27.428,-23.425],[27.135,-23.534],[27.071,-23.671],[26.971,-23.703],[26.955,-23.874],[26.863,-24.1],[26.867,-24.243],[26.733,-24.304],[26.585,-24.422],[26.409,-24.646],[26.458,-24.809],[26.622,-24.81],[26.751,-24.883],[26.78,-24.838],[26.981,-24.776],[27.041,-24.887],[27.226,-24.964],[27.203,-25.033],[27.337,-25.088],[27.482,-25.067],[27.544,-25.096],[27.597,-24.985],[27.955,-24.97],[28.26,-25.05],[28.136,-25.206],[28.246,-25.213],[28.298,-25.31],[28.504,-25.309],[28.513,-25.256],[28.659,-25.235],[28.652,-25.143]]]},"properties":{"name":"Limpopo","iso3":"ZAF","isoCode":null,"id":"ZAF-limpopo"}},
{"type":"Feature","geometry":{"type":"Polygon","coordinates":[[[29.759,-27.443],[29.917,-27.354],[30.016,-27.398],[30.15,-27.392],[30.368,-27.267],[30.426,-27.315],[30.558,-27.328],[30.707,-27.283],[30.942,-27.368],[31.101,-27.336],[31.166,-27.369],[31.274,-27.243],[31.151,-27.202],[30.958,-26.992],[30.974,-26.908],[30.803,-26.824],[30.791,-26.712],[30.805,-26.467],[30.892,-26.321],[30.961,-26.262],[31.113,-25.983],[31.127,-25.921],[31.316,-25.743],[31.416,-25.719],[31.868,-26],[31.974,-25.953],[31.931,-25.841],[32.006,-25.645],[31.98,-25.457],[32.015,-25.382],[32.034,-25.133],[31.998,-24.69],[32.013,-24.455],[31.987,-24.302],[31.908,-24.182],[31.884,-23.985],[31.77,-23.983],[31.736,-24.046],[31.598,-24.056],[31.441,-24.021],[31.321,-24.083],[31.193,-24.031],[31.05,-24.187],[31.056,-24.322],[31.16,-24.376],[31.254,-24.499],[31.226,-24.556],[30.959,-24.582],[30.759,-24.46],[30.73,-24.498],[30.72,-24.705],[30.635,-24.853],[30.452,-24.912],[30.425,-24.855],[30.192,-24.855],[30.144,-25.124],[30.03,-25.085],[30.005,-25.144],[30.006,-25.34],[29.938,-25.331],[29.77,-25.402],[29.399,-25.415],[29.164,-25.354],[29.038,-25.276],[29.043,-25.141],[28.892,-24.955],[28.759,-24.911],[28.606,-25.003],[28.634,-25.058],[28.474,-25.089],[28.379,-25.155],[28.462,-25.201],[28.537,-25.152],[28.652,-25.143],[28.745,-25.11],[28.775,-25.184],[28.732,-25.269],[28.623,-25.334],[28.626,-25.523],[28.684,-25.675],[28.847,-25.682],[28.852,-25.502],[28.947,-25.6],[29.034,-25.563],[29.065,-25.642],[28.969,-25.673],[28.981,-25.743],[28.889,-25.88],[28.885,-25.974],[28.794,-26.005],[28.632,-25.971],[28.491,-26.126],[28.531,-26.225],[28.71,-26.341],[28.805,-26.307],[28.861,-26.399],[28.79,-26.426],[28.764,-26.518],[28.642,-26.508],[28.4,-26.655],[28.407,-26.762],[28.244,-26.885],[28.325,-26.949],[28.476,-26.963],[28.55,-27.041],[28.646,-26.953],[28.814,-27.043],[28.954,-27.012],[29.053,-27.034],[29.117,-27.172],[29.224,-27.145],[29.464,-27.288],[29.619,-27.506],[29.759,-27.443]]]},"properties":{"name":"Mpumalanga","iso3":"ZAF","isoCode":null,"id":"ZAF-mpumalanga"}},
{"type":"Feature","geometry":{"type":"Polygon","coordinates":[[[27.59,-26.738],[27.569,-26.647],[27.378,-26.611],[27.242,-26.636],[27.225,-26.444],[27.188,-26.378],[27.33,-26.282],[27.291,-26.145],[27.419,-26.117],[27.462,-25.868],[27.644,-25.796],[27.745,-25.895],[27.859,-25.819],[27.96,-25.816],[27.958,-25.593],[28.083,-25.385],[28.298,-25.339],[28.298,-25.31],[28.246,-25.213],[28.136,-25.206],[28.26,-25.05],[27.955,-24.97],[27.597,-24.985],[27.544,-25.096],[27.482,-25.067],[27.337,-25.088],[27.203,-25.033],[27.226,-24.964],[27.041,-24.887],[26.981,-24.776],[26.78,-24.838],[26.751,-24.883],[26.622,-24.81],[26.458,-24.809],[26.409,-24.646],[26.393,-24.637],[25.858,-24.757],[25.883,-24.876],[25.729,-25.257],[25.66,-25.474],[25.581,-25.639],[25.334,-25.771],[25.121,-25.764],[25.037,-25.722],[24.897,-25.811],[24.686,-25.823],[24.447,-25.734],[24.382,-25.764],[24.259,-25.703],[24.195,-25.622],[24.086,-25.643],[23.902,-25.622],[23.758,-25.469],[23.584,-25.392],[23.478,-25.298],[23.42,-25.314],[23.188,-25.279],[22.978,-25.34],[22.848,-25.497],[22.853,-25.612],[22.736,-25.857],[22.721,-26.019],[22.632,-26.121],[22.703,-26.12],[22.709,-26.411],[22.803,-26.454],[22.842,-26.393],[22.907,-26.146],[22.987,-26.09],[23.065,-26.099],[23.087,-25.983],[23.387,-26.006],[23.354,-26.089],[23.222,-26.271],[23.282,-26.339],[23.266,-26.485],[23.463,-26.531],[23.584,-26.617],[23.487,-26.74],[23.853,-26.89],[23.917,-26.858],[24.001,-26.943],[24.037,-27.054],[23.974,-27.096],[23.896,-27.253],[24.064,-27.353],[24.051,-27.603],[24.119,-27.622],[24.111,-27.739],[24.405,-27.681],[24.453,-27.783],[24.36,-27.911],[24.467,-27.981],[24.535,-28.092],[24.629,-27.994],[24.692,-27.645],[24.801,-27.702],[25,-27.681],[25.048,-27.7],[24.83,-27.931],[24.951,-28.113],[25.028,-28.073],[25.091,-27.984],[25.275,-27.796],[25.481,-27.693],[25.556,-27.687],[25.833,-27.567],[26.005,-27.653],[26.229,-27.512],[26.27,-27.417],[26.423,-27.407],[26.495,-27.259],[26.459,-27.158],[26.619,-27.003],[26.947,-26.892],[27.117,-26.927],[27.203,-26.98],[27.301,-26.856],[27.414,-26.926],[27.59,-26.738]]]},"properties":{"name":"North West","iso3":"ZAF","isoCode":null,"id":"ZAF-north-west"}},
{"type":"Feature","geometry":{"type":"Polygon","coordinates":[[[25.467,-30.624],[25.375,-30.559],[25.305,-30.577],[25.19,-30.498],[25.096,-30.373],[24.9,-30.207],[24.796,-30.046],[24.674,-29.976],[24.551,-29.849],[24.41,-29.789],[24.347,-29.656],[24.662,-29.079],[24.902,-28.648],[24.828,-28.627],[25.028,-28.073],[24.951,-28.113],[24.83,-27.931],[25.048,-27.7],[25,-27.681],[24.801,-27.702],[24.692,-27.645],[24.629,-27.994],[24.535,-28.092],[24.467,-27.981],[24.36,-27.911],[24.453,-27.783],[24.405,-27.681],[24.111,-27.739],[24.119,-27.622],[24.051,-27.603],[24.064,-27.353],[23.896,-27.253],[23.974,-27.096],[24.037,-27.054],[24.001,-26.943],[23.917,-26.858],[23.853,-26.89],[23.487,-26.74],[23.584,-26.617],[23.463,-26.531],[23.266,-26.485],[23.282,-26.339],[23.222,-26.271],[23.354,-26.089],[23.387,-26.006],[23.087,-25.983],[23.065,-26.099],[22.987,-26.09],[22.907,-26.146],[22.842,-26.393],[22.803,-26.454],[22.709,-26.411],[22.703,-26.12],[22.632,-26.121],[22.529,-26.227],[22.402,-26.244],[22.367,-26.319],[22.247,-26.347],[22.051,-26.633],[21.956,-26.667],[21.787,-26.676],[21.781,-26.802],[21.703,-26.857],[21.405,-26.822],[21.134,-26.874],[20.885,-26.797],[20.764,-26.866],[20.676,-26.861],[20.617,-26.677],[20.605,-26.515],[20.646,-26.435],[20.863,-26.133],[20.821,-26.105],[20.79,-25.808],[20.678,-25.69],[20.698,-25.595],[20.446,-25.199],[20.384,-25.034],[20.266,-24.929],[20.115,-24.88],[19.999,-24.766],[19.999,-25.242],[19.999,-26.143],[20,-27.042],[20,-27.523],[19.999,-28.428],[19.546,-28.544],[19.491,-28.68],[19.404,-28.737],[19.269,-28.743],[19.24,-28.805],[19.283,-28.909],[19.119,-28.969],[19.015,-28.931],[18.936,-28.857],[18.73,-28.832],[18.423,-28.901],[18.263,-28.879],[18.188,-28.916],[17.926,-28.77],[17.616,-28.761],[17.568,-28.686],[17.41,-28.714],[17.432,-28.583],[17.333,-28.476],[17.414,-28.376],[17.333,-28.226],[17.215,-28.248],[17.186,-28.102],[17.082,-28.033],[16.905,-28.071],[16.888,-28.173],[16.76,-28.263],[16.803,-28.365],[16.734,-28.494],[16.489,-28.563],[16.452,-28.632],[16.562,-28.719],[16.603,-28.875],[16.689,-28.926],[16.748,-29.043],[16.817,-29.093],[16.838,-29.212],[16.942,-29.372],[17.034,-29.617],[17.075,-29.812],[17.159,-29.983],[17.278,-30.345],[17.442,-30.596],[17.595,-30.9],[17.688,-31.016],[17.758,-31.152],[17.926,-31.011],[17.88,-30.924],[17.993,-30.919],[18.006,-30.791],[18.089,-30.788],[18.169,-30.849],[18.264,-30.818],[18.371,-30.66],[18.414,-30.527],[18.57,-30.43],[18.655,-30.557],[18.759,-30.568],[18.795,-30.668],[18.952,-30.745],[18.984,-30.946],[18.912,-30.979],[18.948,-31.113],[18.944,-31.237],[18.98,-31.355],[19.085,-31.527],[19.066,-31.706],[19.095,-31.75],[19.058,-31.88],[19.396,-32.015],[19.515,-32.115],[19.492,-32.252],[19.409,-32.29],[19.495,-32.474],[19.487,-32.565],[19.528,-32.673],[19.605,-32.629],[19.622,-32.471],[19.803,-32.394],[19.937,-32.377],[20.054,-32.252],[20.241,-32.224],[20.097,-32.503],[20.188,-32.753],[20.3,-32.805],[20.38,-32.902],[20.499,-32.942],[20.731,-32.945],[20.832,-32.817],[20.792,-32.735],[20.844,-32.662],[21.06,-32.656],[21.182,-32.509],[21.303,-32.402],[21.562,-32.315],[21.536,-32.229],[21.855,-32.276],[21.996,-32.203],[22.016,-32.114],[22.095,-32.001],[22.071,-31.939],[22.167,-31.893],[22.177,-31.821],[22.312,-31.583],[22.619,-31.725],[22.578,-31.806],[22.859,-31.818],[23.139,-31.952],[23.23,-31.876],[23.302,-31.73],[23.496,-31.703],[23.715,-31.647],[23.879,-31.834],[24.029,-31.73],[24.071,-31.807],[24.152,-31.789],[24.341,-31.714],[24.514,-31.705],[24.504,-31.568],[24.567,-31.419],[24.665,-31.384],[24.789,-31.389],[24.853,-31.328],[25.006,-31.263],[25.17,-31.239],[25.225,-31.195],[25.354,-31.236],[25.385,-31.151],[25.487,-31.037],[25.522,-30.833],[25.48,-30.779],[25.467,-30.624]]]},"properties":{"name":"Nothern Cape","iso3":"ZAF","isoCode":null,"id":"ZAF-nothern-cape"}},
{"type":"Feature","geometry":{"type":"Polygon","coordinates":[[[24.152,-31.789],[24.071,-31.807],[24.029,-31.73],[23.879,-31.834],[23.715,-31.647],[23.496,-31.703],[23.302,-31.73],[23.23,-31.876],[23.139,-31.952],[22.859,-31.818],[22.578,-31.806],[22.619,-31.725],[22.312,-31.583],[22.177,-31.821],[22.167,-31.893],[22.071,-31.939],[22.095,-32.001],[22.016,-32.114],[21.996,-32.203],[21.855,-32.276],[21.536,-32.229],[21.562,-32.315],[21.303,-32.402],[21.182,-32.509],[21.06,-32.656],[20.844,-32.662],[20.792,-32.735],[20.832,-32.817],[20.731,-32.945],[20.499,-32.942],[20.38,-32.902],[20.3,-32.805],[20.188,-32.753],[20.097,-32.503],[20.241,-32.224],[20.054,-32.252],[19.937,-32.377],[19.803,-32.394],[19.622,-32.471],[19.605,-32.629],[19.528,-32.673],[19.487,-32.565],[19.495,-32.474],[19.409,-32.29],[19.492,-32.252],[19.515,-32.115],[19.396,-32.015],[19.058,-31.88],[19.095,-31.75],[19.066,-31.706],[19.085,-31.527],[18.98,-31.355],[18.944,-31.237],[18.948,-31.113],[18.912,-30.979],[18.984,-30.946],[18.952,-30.745],[18.795,-30.668],[18.759,-30.568],[18.655,-30.557],[18.57,-30.43],[18.414,-30.527],[18.371,-30.66],[18.264,-30.818],[18.169,-30.849],[18.089,-30.788],[18.006,-30.791],[17.993,-30.919],[17.88,-30.924],[17.926,-31.011],[17.758,-31.152],[17.863,-31.258],[17.9,-31.352],[18.098,-31.56],[18.223,-31.744],[18.28,-31.898],[18.335,-32.464],[18.279,-32.633],[18.112,-32.78],[17.923,-32.719],[17.885,-32.873],[17.897,-33.029],[18.106,-33.241],[18.159,-33.364],[18.274,-33.445],[18.42,-33.658],[18.489,-33.852],[18.398,-33.901],[18.311,-34.043],[18.389,-34.277],[18.475,-34.23],[18.432,-34.141],[18.631,-34.073],[18.773,-34.083],[18.859,-34.166],[18.811,-34.309],[18.848,-34.381],[19.042,-34.341],[19.226,-34.436],[19.313,-34.431],[19.45,-34.656],[19.632,-34.755],[19.872,-34.766],[19.986,-34.833],[20.08,-34.737],[20.231,-34.689],[20.268,-34.634],[20.407,-34.563],[20.478,-34.491],[20.617,-34.452],[20.848,-34.472],[20.933,-34.366],[21.133,-34.383],[21.29,-34.437],[21.535,-34.356],[21.696,-34.395],[21.904,-34.345],[21.927,-34.249],[22.089,-34.209],[22.16,-34.084],[22.271,-34.053],[22.484,-34.052],[22.564,-33.996],[23.042,-34.084],[23.376,-34.098],[23.452,-34.005],[23.647,-33.981],[23.649,-33.895],[23.44,-33.717],[23.556,-33.673],[23.604,-33.496],[23.496,-33.443],[23.355,-33.441],[23.297,-33.389],[23.135,-33.388],[22.935,-33.429],[22.736,-33.395],[22.892,-33.142],[22.955,-33.073],[22.949,-32.95],[23.007,-32.873],[23.149,-32.767],[23.379,-32.825],[23.301,-32.652],[23.288,-32.551],[23.222,-32.425],[23.41,-32.389],[23.449,-32.323],[23.665,-32.344],[23.67,-32.238],[23.798,-32.194],[23.892,-32.255],[24.1,-32.164],[24.164,-31.902],[24.152,-31.789]]]},"properties":{"name":"Western Cape","iso3":"ZAF","isoCode":null,"id":"ZAF-western-cape"}},
{"type":"Feature","geometry":{"type":"Polygon","coordinates":[[[32.578,31.066],[32.594,30.947],[32.629,30.514],[32.749,30.36],[32.782,30.257],[32.807,30.193],[32.804,29.995],[32.833,29.923],[33.478,29.874],[33.722,29.833],[34.334,29.594],[34.471,29.554],[34.691,29.534],[34.876,29.559],[34.848,29.763],[34.614,30.368],[34.547,30.406],[34.496,30.681],[34.403,30.858],[34.24,31.296],[34.042,31.22],[33.721,31.125],[33.534,31.116],[33.46,31.079],[33.369,31.112],[33.14,31.042],[33.093,31.181],[32.984,31.078],[32.87,31.09],[32.789,31.044],[32.578,31.066]]]},"properties":{"name":"North Sinai Governorate","iso3":"EGY","isoCode":"EG-SIN","id":"EGY-north-sinai-governorate"}},
{"type":"Feature","geometry":{"type":"Polygon","coordinates":[[[32.833,29.923],[32.632,29.807],[32.697,29.729],[32.681,29.658],[32.752,29.444],[32.819,29.403],[32.885,29.234],[33.181,29],[33.18,28.836],[33.23,28.772],[33.198,28.671],[33.223,28.589],[33.433,28.365],[33.565,28.296],[33.626,28.185],[33.82,27.973],[33.906,27.938],[34.086,27.796],[34.258,27.788],[34.277,27.84],[34.432,27.987],[34.45,28.173],[34.41,28.32],[34.456,28.434],[34.623,28.726],[34.641,28.941],[34.682,28.977],[34.675,29.106],[34.741,29.219],[34.743,29.313],[34.87,29.482],[34.876,29.559],[34.691,29.534],[34.471,29.554],[34.334,29.594],[33.722,29.833],[33.478,29.874],[32.833,29.923]]]},"properties":{"name":"South Sinai Governorate","iso3":"EGY","isoCode":"EG-JS","id":"EGY-south-sinai-governorate"}},
{"type":"Feature","geometry":{"type":"Polygon","coordinates":[[[31.098,22],[31.315,22],[31.379,22.15],[31.506,22.185],[31.399,22],[32.543,22],[33.413,22],[33.469,25.336],[32.685,25.337],[32.647,25.21],[32.672,25.11],[31.098,22]]]},"properties":{"name":"Aswan Governorate","iso3":"EGY","isoCode":"EG-ASN","id":"EGY-aswan-governorate"}},
{"type":"Feature","geometry":{"type":"Polygon","coordinates":[[[33.413,22],[34.332,22],[35.181,22],[35.964,22],[36.88,22],[36.842,22.086],[36.596,22.277],[36.453,22.349],[36.424,22.424],[36.328,22.476],[36.286,22.572],[36.188,22.661],[35.893,22.716],[35.666,22.951],[35.654,23.069],[35.571,23.212],[35.531,23.427],[35.493,23.468],[35.512,23.681],[35.473,23.782],[35.482,23.927],[35.691,23.909],[35.721,23.991],[35.601,24.016],[35.575,24.095],[35.463,24.148],[35.407,24.254],[35.227,24.408],[35.136,24.519],[35.164,24.568],[35.089,24.712],[34.993,24.831],[34.987,24.895],[34.851,25.166],[34.698,25.403],[34.637,25.574],[34.539,25.744],[34.439,25.835],[34.219,26.206],[34.184,26.32],[34.083,26.459],[34.018,26.61],[33.933,26.68],[33.936,26.937],[33.889,27.073],[33.827,27.114],[33.85,27.241],[33.715,27.315],[33.678,27.417],[33.499,27.657],[33.585,27.847],[33.478,27.991],[33.337,28.084],[33.185,28.219],[33.022,28.464],[32.867,28.587],[32.808,28.773],[32.737,28.817],[32.619,28.988],[32.654,29.127],[32.577,29.137],[32.12,28.999],[31.971,28.989],[31.916,28.816],[31.858,28.73],[31.873,28.623],[31.788,28.537],[31.805,28.428],[31.907,28.269],[32.266,28.321],[32.407,28.259],[32.575,28.078],[32.654,27.903],[32.754,27.557],[32.673,27.366],[32.668,27.318],[32.793,26.967],[32.799,26.8],[32.942,26.745],[33.218,26.496],[33.344,26.544],[33.566,26.087],[33.563,26.038],[33.427,25.875],[33.353,25.721],[33.363,25.657],[33.468,25.562],[33.469,25.336],[33.413,22]]]},"properties":{"name":"Red Sea Governorate","iso3":"EGY","isoCode":"EG-BA","id":"EGY-red-sea-governorate"}},
{"type":"Feature","geometry":{"type":"Polygon","coordinates":[[[29.588,31],[29.328,30.873],[29.139,30.822],[29.017,30.823],[28.71,31.003],[28.608,31.016],[28.433,31.088],[28.316,31.067],[28.019,31.087],[27.896,31.118],[27.868,31.241],[27.762,31.197],[27.446,31.216],[27.34,31.373],[27.078,31.383],[26.975,31.443],[26.836,31.442],[26.752,31.484],[26.496,31.495],[26.094,31.592],[25.888,31.628],[25.484,31.516],[25.311,31.504],[25.076,31.551],[24.939,31.469],[24.865,31.362],[24.869,31.156],[24.904,31.034],[25.015,30.803],[24.926,30.506],[24.781,30.334],[24.71,30.189],[24.835,29.877],[24.813,29.784],[24.887,29.664],[24.878,29.506],[24.998,29.249],[25.001,28.458],[25,27.749],[25.461,27.743],[27.311,27.738],[27.786,28.635],[28.729,28.82],[29.57,29.556],[30.311,29.92],[29.617,30.263],[29.617,30.36],[29.588,31]]]},"properties":{"name":"Matrouh Governorate","iso3":"EGY","isoCode":"EG-MT","id":"EGY-matrouh-governorate"}},
{"type":"Feature","geometry":{"type":"Polygon","coordinates":[[[32.647,25.21],[32.534,25.288],[32.485,25.408],[32.432,25.588],[32.436,25.666],[32.677,25.843],[32.709,25.984],[32.738,26.117],[32.666,26.176],[32.289,26.037],[32.104,26.066],[31.93,26.214],[31.518,26.682],[31.296,26.893],[31.165,27.124],[31.079,27.219],[30.898,27.301],[30.756,27.433],[30.66,27.603],[30.654,27.73],[28.625,27.74],[27.311,27.738],[25.461,27.743],[25,27.749],[25.001,27.011],[24.998,25.971],[24.997,25.222],[24.998,24.551],[24.999,23.774],[25.001,22.725],[25,22],[25.527,22],[26.289,22],[27.242,22],[28.316,22],[29.574,22],[30.415,22],[31.098,22],[32.672,25.11],[32.647,25.21]]]},"properties":{"name":"New Valley Governorate","iso3":"EGY","isoCode":"EG-WAD","id":"EGY-new-valley-governorate"}},
{"type":"Feature","geometry":{"type":"Polygon","coordinates":[[[29.617,30.36],[29.725,30.465],[29.991,30.579],[29.962,30.728],[29.869,30.869],[29.914,30.896],[30.016,31.109],[30.093,31.197],[30.088,31.282],[30.035,31.294],[29.831,31.143],[29.588,31],[29.617,30.36]]]},"properties":{"name":"Alexandria Governorate","iso3":"EGY","isoCode":"EG-ALX","id":"EGY-alexandria-governorate"}},
{"type":"Feature","geometry":{"type":"MultiPolygon","coordinates":[[[[32.594,30.947],[32.539,30.964],[32.318,30.872],[32.353,30.681],[32.333,30.585],[32.365,30.414],[32.462,30.278],[32.539,30.258],[32.782,30.257],[32.749,30.36],[32.629,30.514],[32.594,30.947]]],[[[32.191,30.872],[32.187,30.615],[32.131,30.537],[31.777,30.544],[31.837,30.321],[31.871,30.23],[32.305,30.244],[32.403,30.203],[32.52,30.247],[32.45,30.231],[32.305,30.335],[32.357,30.412],[32.299,30.558],[32.342,30.703],[32.314,30.872],[32.191,30.872]]]]},"properties":{"name":"Ismailia Governorate","iso3":"EGY","isoCode":"EG-IS","id":"EGY-ismailia-governorate"}},
{"type":"Feature","geometry":{"type":"MultiPolygon","coordinates":[[[[32.782,30.257],[32.539,30.258],[32.574,30.211],[32.573,30.072],[32.588,29.981],[32.583,29.915],[32.632,29.807],[32.833,29.923],[32.804,29.995],[32.807,30.193],[32.782,30.257]]],[[[32.654,29.127],[32.574,29.374],[32.372,29.536],[32.363,29.682],[32.51,29.86],[32.481,29.94],[32.584,29.963],[32.57,30.061],[32.568,30.161],[32.52,30.247],[32.403,30.203],[32.305,30.244],[31.871,30.23],[31.909,29.992],[31.906,29.748],[31.845,29.011],[31.971,28.989],[32.12,28.999],[32.577,29.137],[32.654,29.127]]]]},"properties":{"name":"Suez Governorate","iso3":"EGY","isoCode":"EG-SUZ","id":"EGY-suez-governorate"}},
{"type":"Feature","geometry":{"type":"Polygon","coordinates":[[[30.761,30.987],[30.809,30.814],[30.757,30.778],[30.804,30.679],[30.942,30.7],[31.247,30.575],[31.277,30.649],[31.217,30.833],[31.259,30.933],[31.232,31.079],[31.169,31.104],[31.056,31.052],[31.024,30.987],[30.796,30.963],[30.761,30.987]]]},"properties":{"name":"Gharbiyya Governorate","iso3":"EGY","isoCode":"EG-GH","id":"EGY-gharbiyya-governorate"}},
{"type":"Feature","geometry":{"type":"Polygon","coordinates":[[[29.85,29.092],[30.073,29.026],[30.299,29.026],[30.302,28.961],[30.444,28.973],[30.871,29.121],[30.876,29.211],[30.996,29.223],[31.002,29.29],[31.122,29.436],[31.024,29.716],[30.697,29.7],[30.563,29.626],[29.85,29.092]]]},"properties":{"name":"Faiyum Governorate","iso3":"EGY","isoCode":"EG-FYM","id":"EGY-faiyum-governorate"}},
{"type":"Feature","geometry":{"type":"Polygon","coordinates":[[[31.971,28.989],[31.845,29.011],[31.466,29.108],[31.212,29.187],[31.212,29.436],[31.122,29.436],[31.002,29.29],[30.996,29.223],[30.876,29.211],[30.871,29.121],[30.444,28.973],[30.302,28.961],[30.299,29.026],[30.073,29.026],[29.85,29.092],[29.78,28.803],[29.838,28.782],[30.812,28.766],[30.886,28.727],[31.037,28.718],[31.221,28.436],[31.438,28.324],[31.653,28.278],[31.907,28.269],[31.805,28.428],[31.788,28.537],[31.873,28.623],[31.858,28.73],[31.916,28.816],[31.971,28.989]]]},"properties":{"name":"Beni Suef Governorate","iso3":"EGY","isoCode":"EG-BNS","id":"EGY-beni-suef-governorate"}},
{"type":"Feature","geometry":{"type":"Polygon","coordinates":[[[31.907,28.269],[31.653,28.278],[31.438,28.324],[31.221,28.436],[31.037,28.718],[30.886,28.727],[30.812,28.766],[29.838,28.782],[29.78,28.803],[29.759,28.649],[29.585,28.345],[29.239,28.131],[28.823,27.98],[28.625,27.74],[30.654,27.73],[30.671,27.642],[30.818,27.618],[30.884,27.666],[31.123,27.666],[31.635,27.695],[32.117,27.85],[32.419,27.91],[32.654,27.903],[32.575,28.078],[32.407,28.259],[32.266,28.321],[31.907,28.269]]]},"properties":{"name":"Minya Governate","iso3":"EGY","isoCode":"EG-MN","id":"EGY-minya-governate"}},
{"type":"Feature","geometry":{"type":"Polygon","coordinates":[[[32.654,27.903],[32.419,27.91],[32.117,27.85],[31.635,27.695],[31.123,27.666],[30.884,27.666],[30.818,27.618],[30.671,27.642],[30.654,27.73],[30.66,27.603],[30.756,27.433],[30.898,27.301],[31.079,27.219],[31.165,27.124],[31.296,26.893],[31.417,26.97],[31.899,27.057],[32.161,26.984],[32.25,27.047],[32.615,27.374],[32.673,27.366],[32.754,27.557],[32.654,27.903]]]},"properties":{"name":"Asyut Governorate","iso3":"EGY","isoCode":"EG-AST","id":"EGY-asyut-governorate"}},
{"type":"Feature","geometry":{"type":"Polygon","coordinates":[[[32.673,27.366],[32.615,27.374],[32.25,27.047],[32.161,26.984],[31.899,27.057],[31.417,26.97],[31.296,26.893],[31.518,26.682],[31.93,26.214],[32.148,26.289],[32.284,26.192],[32.799,26.8],[32.793,26.967],[32.668,27.318],[32.673,27.366]]]},"properties":{"name":"Sohag Governorate","iso3":"EGY","isoCode":"EG-SHG","id":"EGY-sohag-governorate"}},
{"type":"Feature","geometry":{"type":"Polygon","coordinates":[[[33.469,25.336],[33.468,25.562],[33.363,25.657],[33.353,25.721],[33.427,25.875],[33.563,26.038],[33.566,26.087],[33.344,26.544],[33.218,26.496],[32.942,26.745],[32.799,26.8],[32.284,26.192],[32.148,26.289],[31.93,26.214],[32.104,26.066],[32.289,26.037],[32.666,26.176],[32.738,26.117],[32.709,25.984],[32.959,25.985],[32.968,25.807],[32.817,25.59],[32.56,25.43],[32.485,25.408],[32.534,25.288],[32.647,25.21],[32.685,25.337],[33.469,25.336]]]},"properties":{"name":"Qena Governorate","iso3":"EGY","isoCode":"EG-KN","id":"EGY-qena-governorate"}},
{"type":"Feature","geometry":{"type":"Polygon","coordinates":[[[32.485,25.408],[32.56,25.43],[32.817,25.59],[32.968,25.807],[32.959,25.985],[32.709,25.984],[32.677,25.843],[32.436,25.666],[32.432,25.588],[32.485,25.408]]]},"properties":{"name":"Luxor Governate","iso3":"EGY","isoCode":"EG-LX","id":"EGY-luxor-governate"}},
{"type":"Feature","geometry":{"type":"Polygon","coordinates":[[[27.311,27.738],[28.625,27.74],[28.823,27.98],[29.239,28.131],[29.585,28.345],[29.759,28.649],[29.78,28.803],[29.85,29.092],[30.563,29.626],[30.697,29.7],[31.024,29.716],[31.122,29.436],[31.212,29.436],[31.212,29.187],[31.466,29.108],[31.845,29.011],[31.906,29.748],[31.732,29.769],[31.33,29.753],[31.284,29.912],[31.221,30.014],[31.231,30.093],[31.142,30.171],[30.969,30.233],[30.921,30.328],[30.836,30.326],[30.729,30.231],[30.311,29.92],[29.57,29.556],[28.729,28.82],[27.786,28.635],[27.311,27.738]]]},"properties":{"name":"Giza Governorate","iso3":"EGY","isoCode":"EG-GZ","id":"EGY-giza-governorate"}},
{"type":"Feature","geometry":{"type":"Polygon","coordinates":[[[30.804,30.679],[30.852,30.54],[30.816,30.464],[30.69,30.394],[30.551,30.491],[30.486,30.339],[30.729,30.231],[30.836,30.326],[30.921,30.328],[30.969,30.233],[31.142,30.171],[31.095,30.364],[31.247,30.575],[30.942,30.7],[30.804,30.679]]]},"properties":{"name":"Monufia Governorate","iso3":"EGY","isoCode":"EG-MNF","id":"EGY-monufia-governorate"}},
{"type":"Feature","geometry":{"type":"Polygon","coordinates":[[[30.311,29.92],[30.729,30.231],[30.486,30.339],[30.551,30.491],[30.69,30.394],[30.816,30.464],[30.852,30.54],[30.804,30.679],[30.757,30.778],[30.809,30.814],[30.761,30.987],[30.72,31.071],[30.498,31.248],[30.52,31.328],[30.422,31.378],[30.371,31.459],[30.308,31.346],[30.162,31.269],[30.088,31.282],[30.093,31.197],[30.016,31.109],[29.914,30.896],[29.869,30.869],[29.962,30.728],[29.991,30.579],[29.725,30.465],[29.617,30.36],[29.617,30.263],[30.311,29.92]]]},"properties":{"name":"Beheira Governorate","iso3":"EGY","isoCode":"EG-BH","id":"EGY-beheira-governorate"}},
{"type":"Feature","geometry":{"type":"Polygon","coordinates":[[[31.837,30.321],[31.63,30.198],[31.394,30.155],[31.231,30.093],[31.221,30.014],[31.284,29.912],[31.33,29.753],[31.732,29.769],[31.906,29.748],[31.909,29.992],[31.871,30.23],[31.837,30.321]]]},"properties":{"name":"Cairo Governorate","iso3":"EGY","isoCode":"EG-C","id":"EGY-cairo-governorate"}},
{"type":"Feature","geometry":{"type":"Polygon","coordinates":[[[31.231,30.093],[31.394,30.155],[31.63,30.198],[31.41,30.288],[31.279,30.438],[31.353,30.568],[31.247,30.575],[31.095,30.364],[31.142,30.171],[31.231,30.093]]]},"properties":{"name":"Qalyubia Governorate","iso3":"EGY","isoCode":"EG-KB","id":"EGY-qalyubia-governorate"}},
{"type":"Feature","geometry":{"type":"Polygon","coordinates":[[[31.247,30.575],[31.353,30.568],[31.396,30.591],[31.4,30.761],[31.589,30.778],[31.645,30.812],[31.79,31.016],[32.034,31.062],[32.201,31.291],[32.01,31.405],[31.958,31.489],[31.795,31.195],[31.618,31.105],[31.647,31.225],[31.491,31.293],[31.614,31.448],[31.524,31.451],[31.379,31.516],[31.337,31.373],[31.279,31.398],[31.305,31.112],[31.232,31.079],[31.259,30.933],[31.217,30.833],[31.277,30.649],[31.247,30.575]]]},"properties":{"name":"Dakahlia Governorate","iso3":"EGY","isoCode":"EG-DK","id":"EGY-dakahlia-governorate"}},
{"type":"Feature","geometry":{"type":"Polygon","coordinates":[[[31.958,31.489],[31.961,31.495],[31.962,31.497],[31.848,31.523],[31.614,31.448],[31.491,31.293],[31.647,31.225],[31.618,31.105],[31.795,31.195],[31.958,31.489]]]},"properties":{"name":"Damietta Governorate","iso3":"EGY","isoCode":"EG-DT","id":"EGY-damietta-governorate"}},
{"type":"Feature","geometry":{"type":"Polygon","coordinates":[[[31.232,31.079],[31.305,31.112],[31.279,31.398],[31.337,31.373],[31.379,31.516],[31.132,31.598],[30.971,31.584],[30.503,31.454],[30.371,31.459],[30.422,31.378],[30.52,31.328],[30.498,31.248],[30.72,31.071],[30.761,30.987],[30.796,30.963],[31.024,30.987],[31.056,31.052],[31.169,31.104],[31.232,31.079]]]},"properties":{"name":"Kafr el-Sheikh Governorate","iso3":"EGY","isoCode":"EG-KFS","id":"EGY-kafr-el-sheikh-governorate"}},
{"type":"Feature","geometry":{"type":"MultiPolygon","coordinates":[[[[32.578,31.066],[32.36,31.227],[32.31,31.095],[32.318,30.872],[32.539,30.964],[32.594,30.947],[32.578,31.066]]],[[[32.314,30.872],[32.301,31.233],[32.201,31.291],[32.034,31.062],[32.189,31.027],[32.226,30.929],[32.191,30.872],[32.314,30.872]]]]},"properties":{"name":"Port Said Governorate","iso3":"EGY","isoCode":"EG-PTS","id":"EGY-port-said-governorate"}},
{"type":"Feature","geometry":{"type":"Polygon","coordinates":[[[32.191,30.872],[32.226,30.929],[32.189,31.027],[32.034,31.062],[31.79,31.016],[31.645,30.812],[31.589,30.778],[31.4,30.761],[31.396,30.591],[31.353,30.568],[31.279,30.438],[31.41,30.288],[31.63,30.198],[31.837,30.321],[31.777,30.544],[32.131,30.537],[32.187,30.615],[32.191,30.872]]]},"properties":{"name":"Al Sharqia Governorate","iso3":"EGY","isoCode":"EG-SHR","id":"EGY-al-sharqia-governorate"}},
{"type":"Feature","geometry":{"type":"Polygon","coordinates":[[[38.813,8.841],[38.907,8.978],[38.877,9.083],[38.766,9.099],[38.686,9.074],[38.66,8.986],[38.746,8.864],[38.813,8.841]]]},"properties":{"name":"Addis Ababa","iso3":"ETH","isoCode":"ET-AA","id":"ETH-addis-ababa"}},
{"type":"Feature","geometry":{"type":"Polygon","coordinates":[[[41.761,10.983],[41.778,11.286],[41.776,11.54],[41.804,11.668],[41.867,11.764],[41.998,11.896],[42.091,12.065],[42.267,12.29],[42.356,12.446],[42.243,12.616],[42.051,12.844],[41.973,12.984],[41.88,13.09],[41.441,13.52],[41.078,13.879],[40.651,14.23],[40.445,14.364],[40.223,14.479],[40.056,14.487],[39.985,14.433],[39.951,14.361],[39.802,14.388],[39.683,14.165],[39.839,14.155],[39.887,14.013],[39.834,13.919],[39.875,13.75],[39.865,13.549],[39.745,13.571],[39.72,13.476],[39.744,13.39],[39.721,13.295],[39.787,13.263],[39.861,12.97],[39.979,12.793],[39.84,12.714],[39.808,12.597],[39.882,12.485],[39.816,12.408],[39.818,12.325],[39.801,12.196],[39.877,11.975],[39.876,11.78],[39.925,11.702],[40.016,11.646],[39.994,11.585],[40.056,11.489],[40.072,11.326],[40.174,11.241],[40.213,11.11],[40.125,10.939],[40.168,10.806],[40.109,10.765],[40.162,10.436],[40.133,10.072],[39.928,10.091],[39.948,9.994],[40.033,9.995],[40.09,9.936],[40.054,9.843],[39.956,9.731],[39.84,9.725],[39.885,9.612],[39.822,9.418],[39.755,9.356],[39.861,9.308],[39.874,9.228],[39.818,9.137],[39.91,9.133],[39.953,9.031],[40.052,8.962],[40.095,8.863],[40.171,8.966],[40.239,8.998],[40.246,9.076],[40.328,9.156],[40.472,9.356],[40.66,9.405],[40.694,9.445],[40.75,9.652],[40.848,9.791],[40.997,9.93],[40.937,10.036],[41.006,10.32],[41.088,10.601],[41.078,10.682],[41.192,10.797],[41.269,10.959],[41.74,10.969],[41.761,10.983]]]},"properties":{"name":"Afar","iso3":"ETH","isoCode":"ET-AF","id":"ETH-afar"}},
{"type":"Feature","geometry":{"type":"Polygon","coordinates":[[[39.818,12.325],[39.633,12.308],[39.524,12.327],[39.42,12.297],[39.286,12.3],[39.246,12.354],[39.237,12.474],[39.175,12.644],[39.281,12.689],[39.26,12.915],[39.084,12.96],[39.001,13.004],[38.979,13.1],[39.043,13.156],[38.953,13.238],[38.864,13.21],[38.731,13.27],[38.707,13.39],[38.623,13.412],[38.615,13.491],[38.513,13.474],[38.466,13.568],[38.361,13.554],[38.321,13.503],[38.06,13.468],[38.009,13.501],[37.905,13.448],[37.728,13.564],[37.638,13.415],[37.519,13.367],[37.366,13.361],[37.323,13.298],[37.187,13.283],[36.906,13.389],[36.839,13.445],[36.763,13.375],[36.61,13.376],[36.481,13.735],[36.452,13.769],[36.382,13.546],[36.279,13.367],[36.154,12.934],[36.18,12.896],[36.153,12.683],[36.052,12.723],[35.773,12.661],[35.7,12.668],[35.648,12.606],[35.258,11.935],[35.298,11.808],[35.423,11.73],[35.518,11.719],[35.667,11.827],[35.804,11.839],[35.937,11.922],[35.997,11.928],[36.106,11.817],[36.126,11.72],[36.208,11.722],[36.33,11.797],[36.333,11.667],[36.445,11.494],[36.564,11.359],[36.468,11.266],[36.468,11.156],[36.55,11.139],[36.367,10.947],[36.283,10.805],[36.375,10.759],[36.282,10.605],[36.319,10.529],[36.41,10.456],[36.528,10.484],[36.521,10.407],[36.686,10.319],[36.692,10.358],[36.87,10.342],[37.175,10.244],[37.214,10.089],[37.324,10.009],[37.399,10.047],[37.53,9.997],[37.701,9.838],[37.817,9.868],[37.881,9.922],[38.044,9.971],[38.334,10.152],[38.398,10.145],[38.484,10.366],[38.739,10.387],[38.847,10.362],[38.853,10.119],[38.67,10.02],[38.798,9.969],[38.83,9.77],[38.919,9.713],[38.975,9.762],[39.07,9.754],[39.146,9.694],[39.309,9.745],[39.387,9.632],[39.316,9.468],[39.431,9.435],[39.294,9.35],[39.286,9.279],[39.179,9.272],[39.25,9.137],[39.324,9.15],[39.242,8.89],[39.271,8.726],[39.502,8.716],[39.553,8.77],[39.718,8.817],[39.749,8.911],[39.743,9.092],[39.818,9.137],[39.874,9.228],[39.861,9.308],[39.755,9.356],[39.822,9.418],[39.885,9.612],[39.84,9.725],[39.956,9.731],[40.054,9.843],[40.09,9.936],[40.033,9.995],[39.948,9.994],[39.928,10.091],[40.133,10.072],[40.162,10.436],[40.109,10.765],[40.168,10.806],[40.125,10.939],[40.213,11.11],[40.174,11.241],[40.072,11.326],[40.056,11.489],[39.994,11.585],[40.016,11.646],[39.925,11.702],[39.876,11.78],[39.877,11.975],[39.801,12.196],[39.818,12.325]],[[37.44,12.282],[37.559,12.224],[37.618,12.101],[37.549,11.922],[37.499,11.894],[37.426,11.731],[37.407,11.578],[37.31,11.653],[37.31,11.78],[37.234,11.828],[37.136,11.801],[37,11.902],[37.034,12.149],[37.144,12.266],[37.173,12.203],[37.287,12.205],[37.304,12.263],[37.44,12.282]]]},"properties":{"name":"Amhara","iso3":"ETH","isoCode":"ET-AM","id":"ETH-amhara"}},
{"type":"Feature","geometry":{"type":"Polygon","coordinates":[[[35.258,11.935],[35.098,11.815],[35.047,11.736],[35.079,11.522],[35.039,11.417],[34.93,11.237],[35.001,11.181],[34.957,10.958],[34.983,10.899],[34.766,10.756],[34.611,10.898],[34.466,10.822],[34.407,10.714],[34.298,10.587],[34.327,10.477],[34.294,10.407],[34.352,10.222],[34.334,10.114],[34.234,10.048],[34.218,9.903],[34.101,9.552],[34.145,8.963],[34.431,8.968],[34.504,9.005],[34.342,9.17],[34.44,9.217],[34.467,9.367],[34.453,9.45],[34.549,9.631],[34.736,9.546],[34.812,9.631],[34.797,9.737],[34.989,9.998],[35.089,9.951],[35.298,9.923],[35.38,9.766],[35.456,9.673],[35.562,9.693],[35.654,9.636],[35.648,9.554],[35.766,9.474],[35.758,9.325],[35.912,9.317],[35.95,9.25],[36.032,9.234],[36.085,9.059],[36.173,9.109],[36.271,9.329],[36.462,9.358],[36.516,9.445],[36.462,9.529],[36.381,9.481],[36.233,9.571],[36.16,9.748],[36.121,9.962],[36.185,10.051],[36.37,10.163],[36.446,10.247],[36.611,10.26],[36.686,10.319],[36.521,10.407],[36.528,10.484],[36.41,10.456],[36.319,10.529],[36.282,10.605],[36.375,10.759],[36.283,10.805],[36.367,10.947],[36.55,11.139],[36.468,11.156],[36.468,11.266],[36.564,11.359],[36.445,11.494],[36.333,11.667],[36.33,11.797],[36.208,11.722],[36.126,11.72],[36.106,11.817],[35.997,11.928],[35.937,11.922],[35.804,11.839],[35.667,11.827],[35.518,11.719],[35.423,11.73],[35.298,11.808],[35.258,11.935]]]},"properties":{"name":"Beneshangul Gumu","iso3":"ETH","isoCode":"ET-BE","id":"ETH-beneshangul-gumu"}},
{"type":"Feature","geometry":{"type":"Polygon","coordinates":[[[41.736,9.472],[41.914,9.473],[41.983,9.509],[42.069,9.476],[42.154,9.557],[42.126,9.616],[42.26,9.653],[42.341,9.721],[42.252,9.784],[42.187,9.775],[42.032,9.619],[41.874,9.685],[41.75,9.602],[41.736,9.472]]]},"properties":{"name":"Dire Dawa","iso3":"ETH","isoCode":"ET-DD","id":"ETH-dire-dawa"}},
{"type":"Feature","geometry":{"type":"Polygon","coordinates":[[[35.117,7.646],[35.078,7.732],[34.933,7.729],[34.951,7.891],[35.141,8.023],[35.105,8.116],[35.139,8.183],[34.966,8.248],[34.856,8.252],[34.729,8.391],[34.575,8.405],[34.523,8.477],[34.348,8.378],[34.358,8.501],[34.313,8.683],[34.256,8.704],[34.142,8.653],[34.122,8.576],[34.016,8.488],[33.899,8.482],[33.773,8.371],[33.695,8.381],[33.621,8.47],[33.49,8.47],[33.396,8.425],[33.306,8.456],[33.193,8.408],[33.167,8.196],[33.19,8.136],[33.086,8.076],[33.003,7.941],[33.051,7.788],[33.166,7.797],[33.321,7.707],[33.432,7.753],[33.581,7.688],[33.673,7.693],[33.872,7.519],[33.948,7.503],[34.029,7.371],[34.012,7.261],[34.193,7.139],[34.194,7.056],[34.323,6.975],[34.485,6.906],[34.537,6.754],[34.682,6.704],[34.789,6.585],[34.857,6.609],[35.015,6.446],[34.986,6.3],[35.107,6.32],[35.186,6.491],[35.198,6.681],[35.081,6.812],[34.934,6.798],[34.999,6.894],[34.878,7.071],[34.899,7.186],[34.966,7.216],[35.055,7.185],[35.115,7.103],[35.301,7.117],[35.374,7.232],[35.393,7.397],[35.31,7.48],[35.173,7.534],[35.117,7.646]]]},"properties":{"name":"Gambela","iso3":"ETH","isoCode":"ET-GA","id":"ETH-gambela"}},
{"type":"Feature","geometry":{"type":"Polygon","coordinates":[[[42.254,9.191],[42.271,9.363],[42.115,9.374],[42.062,9.227],[42.254,9.191]]]},"properties":{"name":"Hareri","iso3":"ETH","isoCode":"ET-HA","id":"ETH-hareri"}},
{"type":"Feature","geometry":{"type":"Polygon","coordinates":[[[39.818,9.137],[39.743,9.092],[39.749,8.911],[39.718,8.817],[39.553,8.77],[39.502,8.716],[39.271,8.726],[39.242,8.89],[39.324,9.15],[39.25,9.137],[39.179,9.272],[39.286,9.279],[39.294,9.35],[39.431,9.435],[39.316,9.468],[39.387,9.632],[39.309,9.745],[39.146,9.694],[39.07,9.754],[38.975,9.762],[38.919,9.713],[38.83,9.77],[38.798,9.969],[38.67,10.02],[38.853,10.119],[38.847,10.362],[38.739,10.387],[38.484,10.366],[38.398,10.145],[38.334,10.152],[38.044,9.971],[37.881,9.922],[37.817,9.868],[37.701,9.838],[37.53,9.997],[37.399,10.047],[37.324,10.009],[37.214,10.089],[37.175,10.244],[36.87,10.342],[36.692,10.358],[36.686,10.319],[36.611,10.26],[36.446,10.247],[36.37,10.163],[36.185,10.051],[36.121,9.962],[36.16,9.748],[36.233,9.571],[36.381,9.481],[36.462,9.529],[36.516,9.445],[36.462,9.358],[36.271,9.329],[36.173,9.109],[36.085,9.059],[36.032,9.234],[35.95,9.25],[35.912,9.317],[35.758,9.325],[35.766,9.474],[35.648,9.554],[35.654,9.636],[35.562,9.693],[35.456,9.673],[35.38,9.766],[35.298,9.923],[35.089,9.951],[34.989,9.998],[34.797,9.737],[34.812,9.631],[34.736,9.546],[34.549,9.631],[34.453,9.45],[34.467,9.367],[34.44,9.217],[34.342,9.17],[34.504,9.005],[34.431,8.968],[34.145,8.963],[34.142,8.653],[34.256,8.704],[34.313,8.683],[34.358,8.501],[34.348,8.378],[34.523,8.477],[34.575,8.405],[34.729,8.391],[34.856,8.252],[34.966,8.248],[35.139,8.183],[35.105,8.116],[35.141,8.023],[34.951,7.891],[34.933,7.729],[35.078,7.732],[35.117,7.646],[35.342,7.778],[35.434,7.884],[35.521,7.897],[35.619,7.816],[35.763,7.884],[35.8,7.934],[35.724,8.024],[35.767,8.082],[35.862,8.078],[35.906,7.947],[35.849,7.84],[35.998,7.746],[36.053,7.655],[36.063,7.559],[36.157,7.544],[36.225,7.486],[36.407,7.41],[36.485,7.417],[36.653,7.346],[36.792,7.253],[36.88,7.331],[36.965,7.226],[37.155,7.242],[37.239,7.313],[37.381,7.381],[37.446,7.565],[37.402,7.684],[37.406,7.828],[37.438,7.92],[37.393,7.994],[37.492,8.018],[37.604,7.966],[37.593,8.075],[37.625,8.201],[37.473,8.267],[37.513,8.418],[37.864,8.337],[38.123,8.408],[38.267,8.408],[38.348,8.255],[38.431,8.3],[38.469,8.436],[38.618,8.432],[38.668,8.352],[38.652,8.286],[38.717,8.221],[38.636,8.133],[38.629,8.035],[38.55,7.872],[38.446,7.761],[38.402,7.596],[38.428,7.516],[38.342,7.48],[38.266,7.308],[38.079,7.181],[38.065,7.045],[38.118,6.982],[38.239,7.021],[38.343,7.166],[38.481,7.092],[38.584,7.128],[38.647,7.097],[38.715,6.862],[38.637,6.773],[38.755,6.698],[39.065,6.6],[39.128,6.346],[39.087,6.253],[39.114,6.178],[39.035,6.139],[38.961,6.161],[38.875,6.302],[38.772,6.401],[38.708,6.394],[38.567,6.442],[38.428,6.387],[38.436,6.2],[38.395,6.183],[38.315,6.029],[38.326,5.87],[38.216,5.895],[38.081,6.118],[38.172,6.168],[38.215,6.331],[38.289,6.361],[38.246,6.469],[37.872,6.583],[37.809,6.502],[37.841,6.38],[37.841,6.25],[37.779,6.151],[37.805,5.994],[37.969,5.957],[38.021,5.791],[38.076,5.69],[37.931,5.618],[37.936,5.424],[37.902,5.375],[37.902,5.246],[37.702,5.307],[37.418,5.168],[37.342,5.161],[37.218,5.214],[37.083,5.188],[36.95,5.196],[36.894,5.111],[36.861,4.98],[36.864,4.794],[36.829,4.711],[36.647,4.712],[36.658,4.582],[36.713,4.441],[36.84,4.445],[37.04,4.363],[37.511,4.048],[37.901,3.779],[38.003,3.724],[38.121,3.61],[38.438,3.603],[38.518,3.628],[38.908,3.511],[39.094,3.536],[39.286,3.625],[39.501,3.967],[39.479,4.042],[39.568,4.266],[39.747,4.668],[39.766,4.848],[39.908,5.221],[40.035,5.398],[40.175,5.355],[40.534,5.412],[40.634,5.531],[40.833,5.657],[40.923,5.685],[40.876,5.809],[40.868,6.078],[40.881,6.268],[40.861,6.437],[40.901,6.513],[41.072,6.689],[41.132,6.693],[41.229,6.624],[41.439,6.545],[41.621,6.363],[41.74,6.521],[41.862,6.537],[42,6.591],[42.056,6.75],[42.077,6.888],[42.164,7.008],[42.206,7.142],[42.2,7.293],[41.897,7.412],[41.868,7.534],[41.958,7.776],[41.913,7.846],[41.949,8.202],[42.028,8.324],[42.027,8.427],[42.071,8.495],[42.264,8.637],[42.324,8.538],[42.503,8.493],[42.531,8.456],[42.568,8.257],[42.617,8.161],[42.703,8.181],[42.769,8.364],[42.885,8.4],[42.913,8.523],[42.839,8.665],[42.866,8.805],[42.6,9.107],[42.636,9.16],[42.552,9.288],[42.538,9.374],[42.788,9.524],[42.91,9.564],[42.979,9.63],[42.731,9.722],[42.648,9.776],[42.5,9.722],[42.341,9.721],[42.26,9.653],[42.126,9.616],[42.154,9.557],[42.069,9.476],[41.983,9.509],[41.914,9.473],[41.736,9.472],[41.643,9.516],[41.492,9.458],[41.31,9.504],[41.24,9.5],[41.146,9.426],[40.928,9.324],[40.813,9.312],[40.799,9.397],[40.694,9.445],[40.66,9.405],[40.472,9.356],[40.328,9.156],[40.246,9.076],[40.239,8.998],[40.171,8.966],[40.095,8.863],[40.052,8.962],[39.953,9.031],[39.91,9.133],[39.818,9.137]],[[38.813,8.841],[38.746,8.864],[38.66,8.986],[38.686,9.074],[38.766,9.099],[38.877,9.083],[38.907,8.978],[38.813,8.841]],[[42.254,9.191],[42.062,9.227],[42.115,9.374],[42.271,9.363],[42.254,9.191]]]},"properties":{"name":"Oromia","iso3":"ETH","isoCode":"ET-OR","id":"ETH-oromia"}},
{"type":"Feature","geometry":{"type":"Polygon","coordinates":[[[34.986,6.3],[34.952,6.269],[34.959,6.121],[35.003,6.004],[34.992,5.897],[35.122,5.692],[35.127,5.617],[35.301,5.498],[35.301,5.334],[35.469,5.407],[35.579,5.416],[35.855,5.316],[35.825,5.257],[35.855,5.15],[35.815,5.105],[35.787,4.733],[35.966,4.513],[36.05,4.451],[36.713,4.441],[36.658,4.582],[36.647,4.712],[36.829,4.711],[36.864,4.794],[36.861,4.98],[36.894,5.111],[36.95,5.196],[37.083,5.188],[37.218,5.214],[37.342,5.161],[37.418,5.168],[37.702,5.307],[37.902,5.246],[37.902,5.375],[37.936,5.424],[37.931,5.618],[38.076,5.69],[38.021,5.791],[37.969,5.957],[37.805,5.994],[37.779,6.151],[37.841,6.25],[37.841,6.38],[37.809,6.502],[37.872,6.583],[38.246,6.469],[38.289,6.361],[38.215,6.331],[38.172,6.168],[38.081,6.118],[38.216,5.895],[38.326,5.87],[38.315,6.029],[38.395,6.183],[38.436,6.2],[38.428,6.387],[38.567,6.442],[38.708,6.394],[38.772,6.401],[38.875,6.302],[38.961,6.161],[39.035,6.139],[39.114,6.178],[39.087,6.253],[39.128,6.346],[39.065,6.6],[38.755,6.698],[38.637,6.773],[38.715,6.862],[38.647,7.097],[38.584,7.128],[38.481,7.092],[38.343,7.166],[38.239,7.021],[38.118,6.982],[38.065,7.045],[38.079,7.181],[38.266,7.308],[38.342,7.48],[38.428,7.516],[38.402,7.596],[38.446,7.761],[38.55,7.872],[38.629,8.035],[38.636,8.133],[38.717,8.221],[38.652,8.286],[38.668,8.352],[38.618,8.432],[38.469,8.436],[38.431,8.3],[38.348,8.255],[38.267,8.408],[38.123,8.408],[37.864,8.337],[37.513,8.418],[37.473,8.267],[37.625,8.201],[37.593,8.075],[37.604,7.966],[37.492,8.018],[37.393,7.994],[37.438,7.92],[37.406,7.828],[37.402,7.684],[37.446,7.565],[37.381,7.381],[37.239,7.313],[37.155,7.242],[36.965,7.226],[36.88,7.331],[36.792,7.253],[36.653,7.346],[36.485,7.417],[36.407,7.41],[36.225,7.486],[36.157,7.544],[36.063,7.559],[36.053,7.655],[35.998,7.746],[35.849,7.84],[35.906,7.947],[35.862,8.078],[35.767,8.082],[35.724,8.024],[35.8,7.934],[35.763,7.884],[35.619,7.816],[35.521,7.897],[35.434,7.884],[35.342,7.778],[35.117,7.646],[35.173,7.534],[35.31,7.48],[35.393,7.397],[35.374,7.232],[35.301,7.117],[35.115,7.103],[35.055,7.185],[34.966,7.216],[34.899,7.186],[34.878,7.071],[34.999,6.894],[34.934,6.798],[35.081,6.812],[35.198,6.681],[35.186,6.491],[35.107,6.32],[34.986,6.3]]]},"properties":{"name":"SNNPR","iso3":"ETH","isoCode":"ET-SN","id":"ETH-snnpr"}},
{"type":"Feature","geometry":{"type":"Polygon","coordinates":[[[40.694,9.445],[40.799,9.397],[40.813,9.312],[40.928,9.324],[41.146,9.426],[41.24,9.5],[41.31,9.504],[41.492,9.458],[41.643,9.516],[41.736,9.472],[41.75,9.602],[41.874,9.685],[42.032,9.619],[42.187,9.775],[42.252,9.784],[42.341,9.721],[42.5,9.722],[42.648,9.776],[42.731,9.722],[42.979,9.63],[42.91,9.564],[42.788,9.524],[42.538,9.374],[42.552,9.288],[42.636,9.16],[42.6,9.107],[42.866,8.805],[42.839,8.665],[42.913,8.523],[42.885,8.4],[42.769,8.364],[42.703,8.181],[42.617,8.161],[42.568,8.257],[42.531,8.456],[42.503,8.493],[42.324,8.538],[42.264,8.637],[42.071,8.495],[42.027,8.427],[42.028,8.324],[41.949,8.202],[41.913,7.846],[41.958,7.776],[41.868,7.534],[41.897,7.412],[42.2,7.293],[42.206,7.142],[42.164,7.008],[42.077,6.888],[42.056,6.75],[42,6.591],[41.862,6.537],[41.74,6.521],[41.621,6.363],[41.439,6.545],[41.229,6.624],[41.132,6.693],[41.072,6.689],[40.901,6.513],[40.861,6.437],[40.881,6.268],[40.868,6.078],[40.876,5.809],[40.923,5.685],[40.833,5.657],[40.634,5.531],[40.534,5.412],[40.175,5.355],[40.035,5.398],[39.908,5.221],[39.766,4.848],[39.747,4.668],[39.568,4.266],[39.479,4.042],[39.501,3.967],[39.286,3.625],[39.094,3.536],[39.201,3.481],[39.499,3.455],[39.579,3.474],[39.772,3.67],[39.863,3.866],[40.232,4.048],[40.776,4.279],[41.114,3.988],[41.38,3.959],[41.902,3.987],[42.015,4.099],[42.205,4.163],[42.437,4.168],[42.693,4.226],[42.803,4.277],[42.949,4.397],[43.034,4.556],[43.164,4.66],[43.398,4.785],[43.807,4.9],[44.03,4.941],[44.384,4.938],[44.548,4.923],[44.904,4.914],[45.003,4.934],[45.669,5.624],[46.178,6.155],[46.805,6.804],[47.959,8.014],[47,7.986],[46.737,8.071],[45.622,8.444],[44.157,8.939],[44.062,8.987],[43.582,9.379],[43.416,9.478],[43.308,9.639],[43.214,9.873],[43.082,9.94],[42.995,10.081],[42.885,10.187],[42.805,10.316],[42.706,10.576],[42.797,10.793],[42.944,10.986],[42.853,11.003],[42.702,11.082],[42.536,11.055],[42.405,11.005],[42.239,11.001],[41.905,10.953],[41.761,10.983],[41.74,10.969],[41.269,10.959],[41.192,10.797],[41.078,10.682],[41.088,10.601],[41.006,10.32],[40.937,10.036],[40.997,9.93],[40.848,9.791],[40.75,9.652],[40.694,9.445]]]},"properties":{"name":"Somali","iso3":"ETH","isoCode":"ET-SO","id":"ETH-somali"}},
{"type":"Feature","geometry":{"type":"Polygon","coordinates":[[[39.985,14.433],[39.925,14.416],[39.63,14.609],[39.504,14.678],[39.494,14.509],[39.365,14.535],[39.302,14.412],[39.222,14.454],[39.201,14.612],[39.024,14.633],[38.976,14.542],[38.795,14.464],[38.704,14.466],[38.517,14.406],[38.448,14.411],[38.265,14.615],[38.019,14.737],[37.972,14.831],[37.833,14.806],[37.672,14.505],[37.55,14.447],[37.404,14.472],[37.213,14.438],[37.13,14.4],[37.09,14.269],[37.009,14.25],[36.864,14.318],[36.637,14.308],[36.554,14.277],[36.464,13.972],[36.5,13.847],[36.452,13.769],[36.481,13.735],[36.61,13.376],[36.763,13.375],[36.839,13.445],[36.906,13.389],[37.187,13.283],[37.323,13.298],[37.366,13.361],[37.519,13.367],[37.638,13.415],[37.728,13.564],[37.905,13.448],[38.009,13.501],[38.06,13.468],[38.321,13.503],[38.361,13.554],[38.466,13.568],[38.513,13.474],[38.615,13.491],[38.623,13.412],[38.707,13.39],[38.731,13.27],[38.864,13.21],[38.953,13.238],[39.043,13.156],[38.979,13.1],[39.001,13.004],[39.084,12.96],[39.26,12.915],[39.281,12.689],[39.175,12.644],[39.237,12.474],[39.246,12.354],[39.286,12.3],[39.42,12.297],[39.524,12.327],[39.633,12.308],[39.818,12.325],[39.816,12.408],[39.882,12.485],[39.808,12.597],[39.84,12.714],[39.979,12.793],[39.861,12.97],[39.787,13.263],[39.721,13.295],[39.744,13.39],[39.72,13.476],[39.745,13.571],[39.865,13.549],[39.875,13.75],[39.834,13.919],[39.887,14.013],[39.839,14.155],[39.683,14.165],[39.802,14.388],[39.951,14.361],[39.985,14.433]]]},"properties":{"name":"Tigray","iso3":"ETH","isoCode":"ET-TI","id":"ETH-tigray"}},
{"type":"Feature","geometry":{"type":"Polygon","coordinates":[[[54.009,36.649],[54.058,36.704],[54.036,36.818],[53.862,36.782],[53.662,36.794],[53.562,36.879],[53.238,36.839],[52.8,36.736],[52.44,36.68],[52.078,36.59],[51.91,36.571],[51.66,36.599],[51.428,36.686],[51.129,36.725],[50.957,36.778],[50.593,36.966],[50.505,36.872],[50.433,36.857],[50.432,36.73],[50.36,36.642],[50.68,36.5],[50.835,36.405],[50.848,36.294],[51.202,36.162],[51.459,36.14],[51.77,36],[51.878,35.86],[52.073,35.763],[52.218,35.766],[52.541,35.941],[52.705,35.928],[52.921,35.838],[53.017,35.854],[53.074,35.917],[53.225,35.968],[53.371,36.06],[53.679,36.098],[53.881,36.215],[53.951,36.317],[53.881,36.378],[53.939,36.437],[54.126,36.492],[54.098,36.62],[54.009,36.649]]]},"properties":{"name":"Mazandaran","iso3":"IRN","isoCode":"IR-21","id":"IRN-mazandaran"}},
{"type":"Feature","geometry":{"type":"Polygon","coordinates":[[[58.311,37.662],[58.227,37.684],[58.203,37.775],[58.028,37.806],[57.796,37.9],[57.58,37.938],[57.512,37.919],[57.348,37.999],[57.373,38.076],[57.239,38.274],[57.165,38.276],[57.051,38.194],[56.91,38.215],[56.756,38.285],[56.598,38.242],[56.424,38.255],[56.333,38.198],[56.289,38.085],[56.31,37.91],[56.216,37.859],[56.119,37.635],[56.013,37.465],[56.004,37.359],[55.908,37.332],[55.909,37.206],[56.009,37.234],[56.059,37.153],[55.984,36.9],[56.021,36.833],[56.231,36.894],[56.415,36.693],[56.532,36.668],[56.659,36.773],[57.018,36.871],[57.349,36.81],[57.589,36.734],[57.777,36.63],[57.964,36.579],[58.096,36.614],[58.099,36.869],[58.259,36.911],[58.301,36.964],[58.244,37.047],[58.159,37.075],[58.247,37.181],[58.383,37.208],[58.423,37.256],[58.327,37.326],[58.371,37.585],[58.311,37.662]]]},"properties":{"name":"North Khorasan","iso3":"IRN","isoCode":"IR-31","id":"IRN-north-khorasan"}},
{"type":"Feature","geometry":{"type":"Polygon","coordinates":[[[59.464,30.517],[59.194,30.817],[59.079,30.908],[59.059,31.008],[58.78,31.155],[58.5,31.392],[58.303,31.538],[57.944,31.711],[57.533,31.823],[57.103,31.9],[56.913,31.958],[56.605,31.922],[56.579,31.711],[56.539,31.708],[56.256,31.553],[56.121,31.591],[56.042,31.573],[56.013,31.465],[55.938,31.377],[55.74,31.275],[55.607,31.246],[55.495,31.186],[55.211,31.091],[54.927,31.027],[54.712,31.066],[54.526,31.002],[54.565,30.608],[54.514,30.512],[54.337,30.381],[54.548,30.178],[54.543,29.86],[54.561,29.626],[54.773,29.609],[54.835,29.58],[55.013,29.368],[55.167,29.25],[55.262,29.095],[55.281,28.995],[55.248,28.747],[55.537,28.697],[55.816,28.82],[56.045,28.881],[56.06,28.752],[56.036,28.376],[56.074,28.263],[56.136,28.211],[56.305,28.148],[56.445,28.131],[56.652,28.143],[56.743,28.263],[56.984,28.244],[57.008,27.974],[57.204,27.895],[57.417,27.891],[57.425,27.81],[57.228,27.593],[57.359,27.574],[57.316,27.492],[57.319,27.345],[57.4,27.256],[57.552,27.176],[57.623,27.081],[57.798,26.943],[58.004,26.91],[58.192,26.779],[58.373,26.753],[58.5,26.686],[58.596,26.589],[58.844,26.483],[59,26.5],[59.016,26.663],[58.99,26.759],[58.854,26.825],[58.912,26.989],[58.86,27.071],[58.831,27.254],[58.899,27.559],[58.89,27.898],[58.934,28.03],[59.034,28.115],[59.148,28.127],[59.161,28.251],[59.074,28.424],[59.231,28.476],[59.561,28.49],[59.563,28.69],[59.539,28.87],[59.497,28.961],[59.569,29.092],[59.517,29.183],[59.464,29.374],[59.432,29.908],[59.449,29.993],[59.425,30.253],[59.464,30.517]]]},"properties":{"name":"Kerman","iso3":"IRN","isoCode":"IR-15","id":"IRN-kerman"}},
{"type":"Feature","geometry":{"type":"Polygon","coordinates":[[[47.48,33.942],[47.281,33.79],[47.052,33.833],[46.86,33.734],[46.695,33.757],[46.621,33.831],[46.299,33.995],[46.282,33.95],[46.055,34.038],[46.014,33.985],[45.867,33.989],[45.851,33.795],[45.757,33.698],[45.693,33.691],[45.858,33.633],[46.007,33.508],[46.198,33.192],[46.084,33.091],[46.148,33.051],[46.174,32.953],[46.312,32.969],[46.519,32.898],[46.721,32.786],[46.887,32.632],[47.168,32.457],[47.283,32.496],[47.38,32.473],[47.465,32.391],[47.462,32.325],[47.565,32.193],[47.566,32.112],[47.664,32.049],[47.788,32.103],[47.985,32.264],[48.035,32.354],[48.021,32.506],[47.943,32.517],[47.969,32.658],[47.916,32.714],[48.013,32.79],[47.915,32.908],[47.753,32.998],[47.691,33.002],[47.006,33.398],[46.841,33.556],[46.846,33.61],[47.031,33.646],[47.179,33.723],[47.408,33.735],[47.515,33.832],[47.48,33.942]]]},"properties":{"name":"Ilam","iso3":"IRN","isoCode":"IR-05","id":"IRN-ilam"}},
{"type":"Feature","geometry":{"type":"Polygon","coordinates":[[[47.969,32.658],[48.073,32.677],[48.049,32.806],[48.28,32.997],[48.383,32.966],[48.603,32.98],[48.709,32.936],[48.807,32.96],[48.9,32.885],[49.053,32.905],[49.218,32.852],[49.367,32.845],[49.516,32.725],[49.732,32.808],[49.749,32.856],[49.64,32.97],[49.722,33.084],[49.837,33.05],[49.921,33.072],[49.871,33.191],[49.999,33.304],[49.948,33.387],[49.796,33.447],[49.712,33.569],[49.651,33.586],[49.561,33.717],[49.456,33.702],[49.405,33.75],[49.281,33.604],[49.216,33.613],[49.142,33.722],[49.03,33.695],[48.982,33.798],[49.078,34.015],[48.852,34.003],[48.731,34.121],[48.672,34.079],[48.379,34.001],[48.177,34.086],[48.071,34.199],[47.887,34.255],[47.732,34.373],[47.694,34.276],[47.424,34.076],[47.48,33.942],[47.515,33.832],[47.408,33.735],[47.179,33.723],[47.031,33.646],[46.846,33.61],[46.841,33.556],[47.006,33.398],[47.691,33.002],[47.753,32.998],[47.915,32.908],[48.013,32.79],[47.916,32.714],[47.969,32.658]]]},"properties":{"name":"Lorestan","iso3":"IRN","isoCode":"IR-20","id":"IRN-lorestan"}},
{"type":"Feature","geometry":{"type":"Polygon","coordinates":[[[49.948,33.387],[49.987,33.494],[50.192,33.531],[50.233,33.603],[50.576,33.632],[50.701,33.726],[50.904,33.71],[51.009,33.773],[51.05,34.038],[50.908,34.152],[50.796,34.236],[50.658,34.254],[50.517,34.19],[50.27,34.453],[50.16,34.469],[50.086,34.584],[50.131,34.775],[50.251,34.815],[50.434,34.757],[50.482,34.857],[50.705,34.868],[50.65,35],[50.849,35.173],[50.965,35.426],[50.875,35.485],[50.768,35.487],[50.626,35.547],[50.353,35.571],[50.23,35.541],[49.972,35.506],[49.851,35.544],[49.688,35.534],[49.682,35.447],[49.572,35.41],[49.432,35.419],[49.356,35.3],[49.37,35.235],[49.468,35.17],[49.407,35.035],[49.39,34.917],[49.304,34.912],[49.149,34.797],[49.105,34.728],[49.135,34.614],[49.001,34.597],[49.054,34.511],[49.003,34.462],[49.009,34.324],[49.111,34.256],[49.094,34.163],[49.167,34.094],[49.078,34.015],[48.982,33.798],[49.03,33.695],[49.142,33.722],[49.216,33.613],[49.281,33.604],[49.405,33.75],[49.456,33.702],[49.561,33.717],[49.651,33.586],[49.712,33.569],[49.796,33.447],[49.948,33.387]]]},"properties":{"name":"Markazi","iso3":"IRN","isoCode":"IR-22","id":"IRN-markazi"}},
{"type":"Feature","geometry":{"type":"Polygon","coordinates":[[[49.516,32.725],[49.664,32.537],[49.912,32.316],[49.937,32.186],[50.118,32.016],[50.24,31.94],[50.458,31.614],[50.293,31.482],[50.412,31.415],[50.512,31.45],[50.691,31.404],[50.789,31.314],[50.892,31.309],[51.031,31.182],[51.149,31.15],[51.187,31.21],[51.33,31.196],[51.339,31.287],[51.26,31.459],[51.305,31.662],[51.369,31.713],[51.297,31.823],[51.412,31.862],[51.434,31.97],[51.346,32.14],[51.234,32.174],[51.144,32.288],[50.985,32.376],[51.009,32.515],[50.872,32.708],[50.652,32.711],[50.458,32.661],[50.459,32.588],[50.333,32.537],[50.256,32.564],[50.166,32.658],[49.982,32.635],[49.732,32.808],[49.516,32.725]]]},"properties":{"name":"Chaharmahal and Bakhtiari","iso3":"IRN","isoCode":"IR-08","id":"IRN-chaharmahal-and-bakhtiari"}},
{"type":"Feature","geometry":{"type":"Polygon","coordinates":[[[47.48,33.942],[47.424,34.076],[47.694,34.276],[47.732,34.373],[47.887,34.255],[47.989,34.398],[48.105,34.467],[48.086,34.574],[47.866,34.633],[47.865,34.722],[47.807,34.821],[47.922,34.935],[47.84,34.939],[47.729,35.062],[47.4,35.062],[47.178,34.912],[47.112,34.906],[47.079,34.797],[47.013,34.746],[46.895,34.764],[46.783,34.739],[46.728,34.848],[46.556,34.922],[46.5,35.036],[46.347,35.171],[46.158,35.283],[46.191,35.111],[46.077,35.052],[45.943,35.091],[45.88,35.038],[45.865,34.896],[45.704,34.79],[45.691,34.705],[45.735,34.558],[45.512,34.552],[45.445,34.464],[45.468,34.379],[45.561,34.333],[45.582,34.146],[45.474,34.076],[45.467,34.01],[45.693,33.691],[45.757,33.698],[45.851,33.795],[45.867,33.989],[46.014,33.985],[46.055,34.038],[46.282,33.95],[46.299,33.995],[46.621,33.831],[46.695,33.757],[46.86,33.734],[47.052,33.833],[47.281,33.79],[47.48,33.942]]]},"properties":{"name":"Kermanshah","iso3":"IRN","isoCode":"IR-17","id":"IRN-kermanshah"}},
{"type":"Feature","geometry":{"type":"Polygon","coordinates":[[[49.078,34.015],[49.167,34.094],[49.094,34.163],[49.111,34.256],[49.009,34.324],[49.003,34.462],[49.054,34.511],[49.001,34.597],[49.135,34.614],[49.105,34.728],[49.149,34.797],[49.304,34.912],[49.39,34.917],[49.407,35.035],[49.468,35.17],[49.37,35.235],[49.356,35.3],[49.432,35.419],[49.161,35.493],[49.127,35.569],[48.884,35.699],[48.736,35.724],[48.775,35.601],[48.543,35.585],[48.484,35.645],[48.392,35.643],[48.252,35.72],[48.119,35.671],[47.957,35.571],[47.866,35.558],[47.954,35.379],[48.027,35.371],[48.178,35.171],[48.176,34.999],[48.137,34.969],[47.922,34.935],[47.807,34.821],[47.865,34.722],[47.866,34.633],[48.086,34.574],[48.105,34.467],[47.989,34.398],[47.887,34.255],[48.071,34.199],[48.177,34.086],[48.379,34.001],[48.672,34.079],[48.731,34.121],[48.852,34.003],[49.078,34.015]]]},"properties":{"name":"Hamadan","iso3":"IRN","isoCode":"IR-24","id":"IRN-hamadan"}},
{"type":"Feature","geometry":{"type":"Polygon","coordinates":[[[50.36,36.642],[50.201,36.678],[50.058,36.604],[49.939,36.603],[49.788,36.559],[49.616,36.607],[49.5,36.601],[49.281,36.816],[49.189,36.761],[49.098,36.769],[48.976,36.546],[49.11,36.434],[49.337,36.389],[49.434,36.193],[49.398,36.046],[49.302,35.976],[49.209,35.982],[49.032,35.883],[48.903,35.982],[48.784,35.884],[48.736,35.724],[48.884,35.699],[49.127,35.569],[49.161,35.493],[49.432,35.419],[49.572,35.41],[49.682,35.447],[49.688,35.534],[49.851,35.544],[49.972,35.506],[50.23,35.541],[50.25,35.807],[50.373,35.898],[50.426,36.002],[50.533,36.014],[50.601,36.167],[50.432,36.245],[50.496,36.342],[50.848,36.294],[50.835,36.405],[50.68,36.5],[50.36,36.642]]]},"properties":{"name":"Qazvin","iso3":"IRN","isoCode":"IR-28","id":"IRN-qazvin"}},
{"type":"Feature","geometry":{"type":"Polygon","coordinates":[[[50.593,36.966],[50.31,37.141],[50.185,37.385],[49.967,37.43],[49.555,37.466],[49.356,37.505],[49.097,37.639],[49.001,37.734],[48.932,37.903],[48.917,38.143],[48.874,38.34],[48.882,38.442],[48.791,38.452],[48.659,38.393],[48.582,38.46],[48.583,38.349],[48.69,38.222],[48.636,38.118],[48.571,37.892],[48.651,37.783],[48.612,37.652],[48.676,37.597],[48.756,37.43],[48.905,37.314],[48.922,37.177],[49.281,36.816],[49.5,36.601],[49.616,36.607],[49.788,36.559],[49.939,36.603],[50.058,36.604],[50.201,36.678],[50.36,36.642],[50.432,36.73],[50.433,36.857],[50.505,36.872],[50.593,36.966]]]},"properties":{"name":"Gilan","iso3":"IRN","isoCode":"IR-19","id":"IRN-gilan"}},
{"type":"Feature","geometry":{"type":"Polygon","coordinates":[[[48.736,35.724],[48.784,35.884],[48.903,35.982],[49.032,35.883],[49.209,35.982],[49.302,35.976],[49.398,36.046],[49.434,36.193],[49.337,36.389],[49.11,36.434],[48.976,36.546],[49.098,36.769],[49.189,36.761],[49.281,36.816],[48.922,37.177],[48.79,37.139],[48.738,37.186],[48.578,37.103],[48.399,37.252],[48.333,37.243],[48.15,37.221],[48.1,37.156],[47.842,37.169],[47.773,37.081],[47.659,37.098],[47.257,36.866],[47.174,36.792],[47.291,36.686],[47.371,36.438],[47.782,36.372],[47.941,36.311],[47.996,36.149],[47.862,35.941],[47.91,35.889],[48.017,35.906],[48.051,35.807],[48.172,35.789],[48.252,35.72],[48.392,35.643],[48.484,35.645],[48.543,35.585],[48.775,35.601],[48.736,35.724]]]},"properties":{"name":"Zanjan","iso3":"IRN","isoCode":"IR-11","id":"IRN-zanjan"}},
{"type":"Feature","geometry":{"type":"Polygon","coordinates":[[[53.017,35.854],[53.156,35.796],[52.782,35.541],[52.698,35.552],[52.563,35.417],[52.369,35.341],[52.258,35.441],[52.025,35.502],[51.93,35.559],[51.912,35.414],[51.944,35.361],[51.872,35.281],[51.955,35.151],[52.035,35.091],[52.037,35.003],[51.965,34.865],[51.834,34.506],[52.14,34.403],[52.394,34.429],[52.564,34.405],[52.749,34.333],[52.881,34.249],[54.108,34.252],[54.811,34.246],[55.479,34.252],[55.581,34.239],[55.92,34.246],[55.995,34.38],[56.228,34.71],[56.454,35],[56.562,35.052],[56.691,35.062],[56.844,35.198],[57.011,35.224],[57.052,35.321],[56.991,35.442],[57.048,35.538],[56.915,35.693],[56.722,35.86],[56.731,36.09],[56.8,36.239],[56.703,36.393],[56.768,36.418],[56.869,36.538],[56.769,36.616],[56.758,36.704],[56.532,36.668],[56.415,36.693],[56.231,36.894],[56.021,36.833],[55.984,36.9],[56.059,37.153],[56.009,37.234],[55.909,37.206],[55.908,37.332],[55.72,37.271],[55.621,37.099],[55.579,36.956],[55.401,36.817],[55.01,36.767],[54.865,36.629],[54.701,36.633],[54.491,36.511],[54.379,36.521],[54.126,36.492],[53.939,36.437],[53.881,36.378],[53.951,36.317],[53.881,36.215],[53.679,36.098],[53.371,36.06],[53.225,35.968],[53.074,35.917],[53.017,35.854]]]},"properties":{"name":"Semnan","iso3":"IRN","isoCode":"IR-12","id":"IRN-semnan"}},
{"type":"Feature","geometry":{"type":"Polygon","coordinates":[[[49.732,32.808],[49.982,32.635],[50.166,32.658],[50.256,32.564],[50.333,32.537],[50.459,32.588],[50.458,32.661],[50.652,32.711],[50.872,32.708],[51.009,32.515],[50.985,32.376],[51.144,32.288],[51.234,32.174],[51.346,32.14],[51.434,31.97],[51.412,31.862],[51.297,31.823],[51.369,31.713],[51.305,31.662],[51.26,31.459],[51.339,31.287],[51.33,31.196],[51.378,30.997],[51.508,30.878],[51.785,30.702],[51.859,30.8],[51.832,30.876],[51.898,30.989],[51.969,31.213],[51.937,31.413],[52.046,31.596],[52.13,31.657],[52.247,31.662],[52.373,31.555],[52.56,31.512],[52.801,31.495],[53.06,31.512],[53.198,31.613],[53.029,31.785],[53.009,31.88],[53.042,31.99],[53.059,32.332],[53.011,32.509],[53.161,32.605],[53.477,32.698],[53.804,32.68],[53.941,32.799],[54.207,32.887],[54.308,33.03],[54.564,33.09],[54.726,33.065],[54.878,33.172],[54.992,33.126],[55.183,33.299],[55.386,33.365],[55.498,33.529],[55.479,34.252],[54.811,34.246],[54.108,34.252],[52.881,34.249],[52.749,34.333],[52.564,34.405],[52.394,34.429],[52.14,34.403],[51.834,34.506],[51.326,34.441],[51.147,34.439],[51.021,34.382],[51.008,34.264],[50.908,34.152],[51.05,34.038],[51.009,33.773],[50.904,33.71],[50.701,33.726],[50.576,33.632],[50.233,33.603],[50.192,33.531],[49.987,33.494],[49.948,33.387],[49.999,33.304],[49.871,33.191],[49.921,33.072],[49.837,33.05],[49.722,33.084],[49.64,32.97],[49.749,32.856],[49.732,32.808]]]},"properties":{"name":"Isfahan","iso3":"IRN","isoCode":"IR-04","id":"IRN-isfahan"}},
{"type":"Feature","geometry":{"type":"Polygon","coordinates":[[[50.293,31.482],[50.248,31.418],[50.297,31.352],[50.153,31.252],[49.955,31.211],[49.989,31.128],[49.971,31.02],[49.89,30.969],[49.956,30.877],[50.07,30.83],[50.21,30.932],[50.261,30.749],[50.514,30.62],[50.498,30.527],[50.386,30.524],[50.521,30.39],[50.514,30.166],[50.539,29.967],[50.603,29.944],[50.687,29.996],[50.86,29.974],[50.956,30.156],[51.182,30.208],[51.269,30.28],[51.295,30.372],[51.201,30.478],[51.137,30.598],[51.177,30.65],[51.35,30.563],[51.374,30.476],[51.749,30.372],[51.826,30.436],[51.887,30.601],[51.785,30.702],[51.508,30.878],[51.378,30.997],[51.33,31.196],[51.187,31.21],[51.149,31.15],[51.031,31.182],[50.892,31.309],[50.789,31.314],[50.691,31.404],[50.512,31.45],[50.412,31.415],[50.293,31.482]]]},"properties":{"name":"Kohgiluyeh and Boyer-Ahmad","iso3":"IRN","isoCode":"IR-18","id":"IRN-kohgiluyeh-and-boyer-ahmad"}},
{"type":"Feature","geometry":{"type":"Polygon","coordinates":[[[47.922,34.935],[48.137,34.969],[48.176,34.999],[48.178,35.171],[48.027,35.371],[47.954,35.379],[47.866,35.558],[47.957,35.571],[48.119,35.671],[48.252,35.72],[48.172,35.789],[48.051,35.807],[48.017,35.906],[47.91,35.889],[47.862,35.941],[47.996,36.149],[47.941,36.311],[47.782,36.372],[47.371,36.438],[47.391,36.339],[47.299,36.248],[47.119,36.256],[46.789,36.427],[46.675,36.396],[46.5,36.419],[46.28,36.388],[46.145,36.463],[45.981,36.42],[45.955,36.244],[45.678,36.22],[45.646,36.129],[45.566,36.08],[45.558,35.995],[45.666,35.927],[45.773,35.813],[46.093,35.857],[46.281,35.733],[46.167,35.69],[46.036,35.705],[45.985,35.496],[46.158,35.283],[46.347,35.171],[46.5,35.036],[46.556,34.922],[46.728,34.848],[46.783,34.739],[46.895,34.764],[47.013,34.746],[47.079,34.797],[47.112,34.906],[47.178,34.912],[47.4,35.062],[47.729,35.062],[47.84,34.939],[47.922,34.935]]]},"properties":{"name":"Kurdistan","iso3":"IRN","isoCode":"IR-16","id":"IRN-kurdistan"}},
{"type":"Feature","geometry":{"type":"Polygon","coordinates":[[[47.174,36.792],[47.096,36.831],[46.96,36.747],[46.872,36.793],[46.899,36.895],[46.863,37],[46.703,37.072],[46.529,37.02],[46.412,37.056],[46.286,36.972],[46.175,36.996],[45.983,37.162],[45.752,37.182],[45.718,37.262],[45.541,37.481],[45.204,38.2],[45.082,38.333],[45.323,38.483],[45.233,38.665],[45.276,38.732],[45.265,38.854],[45.453,38.993],[45.456,39.045],[45.353,39.133],[45.148,39.229],[45.087,39.351],[44.965,39.421],[44.906,39.576],[44.613,39.782],[44.467,39.684],[44.416,39.556],[44.422,39.412],[44.295,39.375],[44.219,39.418],[44.051,39.404],[44.116,39.189],[44.221,39.091],[44.173,38.988],[44.211,38.891],[44.314,38.806],[44.261,38.715],[44.322,38.624],[44.305,38.441],[44.33,38.369],[44.44,38.383],[44.498,38.309],[44.402,38.252],[44.393,38.146],[44.241,37.965],[44.445,37.771],[44.555,37.781],[44.625,37.707],[44.589,37.439],[44.711,37.38],[44.815,37.282],[44.758,37.228],[44.778,37.096],[44.9,37.024],[44.904,36.861],[44.838,36.816],[45.031,36.74],[45.027,36.604],[45.082,36.425],[45.231,36.433],[45.276,36.376],[45.316,36.184],[45.381,36.084],[45.403,35.971],[45.558,35.995],[45.566,36.08],[45.646,36.129],[45.678,36.22],[45.955,36.244],[45.981,36.42],[46.145,36.463],[46.28,36.388],[46.5,36.419],[46.675,36.396],[46.789,36.427],[47.119,36.256],[47.299,36.248],[47.391,36.339],[47.371,36.438],[47.291,36.686],[47.174,36.792]]]},"properties":{"name":"West Azerbaijan","iso3":"IRN","isoCode":"IR-02","id":"IRN-west-azerbaijan"}},
{"type":"Feature","geometry":{"type":"Polygon","coordinates":[[[54.561,29.626],[54.463,29.639],[54.243,29.596],[54.103,29.793],[54.098,29.938],[53.94,30.062],[53.864,30.203],[53.926,30.334],[53.901,30.464],[53.926,30.57],[53.839,30.657],[53.449,30.746],[53.364,30.833],[52.969,31.015],[52.912,31.121],[52.839,31.172],[52.929,31.235],[52.978,31.323],[52.951,31.39],[52.801,31.495],[52.56,31.512],[52.373,31.555],[52.247,31.662],[52.13,31.657],[52.046,31.596],[51.937,31.413],[51.969,31.213],[51.898,30.989],[51.832,30.876],[51.859,30.8],[51.785,30.702],[51.887,30.601],[51.826,30.436],[51.749,30.372],[51.374,30.476],[51.35,30.563],[51.177,30.65],[51.137,30.598],[51.201,30.478],[51.295,30.372],[51.269,30.28],[51.182,30.208],[50.956,30.156],[50.86,29.974],[50.687,29.996],[50.603,29.944],[50.714,29.873],[50.746,29.783],[51,29.783],[51.297,29.687],[51.27,29.608],[51.365,29.463],[51.442,29.474],[51.593,29.383],[51.674,29.234],[51.815,29.086],[51.96,28.821],[52.054,28.428],[52.171,28.13],[52.265,28.044],[52.365,28.015],[52.563,27.625],[52.755,27.503],[52.944,27.33],[53.354,27.191],[53.41,27.114],[53.542,27.158],[53.784,27.046],[53.933,27.124],[54.035,27.235],[53.973,27.354],[54.109,27.408],[54.353,27.459],[54.629,27.468],[54.781,27.448],[55.126,27.43],[55.257,27.496],[55.445,27.651],[55.576,27.821],[55.501,27.923],[55.387,27.999],[55.408,28.418],[55.448,28.56],[55.248,28.747],[55.281,28.995],[55.262,29.095],[55.167,29.25],[55.013,29.368],[54.835,29.58],[54.773,29.609],[54.561,29.626]]]},"properties":{"name":"Fars","iso3":"IRN","isoCode":"IR-14","id":"IRN-fars"}},
{"type":"Feature","geometry":{"type":"Polygon","coordinates":[[[50.514,30.166],[50.417,30.182],[50.2,30.295],[50.116,30.154],[50.146,30.037],[50.133,29.934],[50.266,29.823],[50.325,29.735],[50.638,29.456],[50.671,29.269],[50.643,29.131],[50.835,29.13],[50.917,29.065],[50.915,28.995],[50.805,28.93],[50.892,28.819],[50.999,28.806],[51.064,28.716],[51.082,28.551],[51.17,28.366],[51.283,28.234],[51.264,28.137],[51.508,27.874],[51.694,27.82],[52.028,27.842],[52.198,27.704],[52.433,27.647],[52.585,27.491],[52.674,27.45],[52.579,27.38],[52.738,27.274],[52.944,27.33],[52.755,27.503],[52.563,27.625],[52.365,28.015],[52.265,28.044],[52.171,28.13],[52.054,28.428],[51.96,28.821],[51.815,29.086],[51.674,29.234],[51.593,29.383],[51.442,29.474],[51.365,29.463],[51.27,29.608],[51.297,29.687],[51,29.783],[50.746,29.783],[50.714,29.873],[50.603,29.944],[50.539,29.967],[50.514,30.166]]]},"properties":{"name":"Bushehr","iso3":"IRN","isoCode":"IR-06","id":"IRN-bushehr"}},
{"type":"Feature","geometry":{"type":"Polygon","coordinates":[[[48.582,38.46],[48.425,38.613],[48.361,38.595],[48.253,38.662],[48.192,38.756],[48.021,38.838],[48.088,38.947],[48.271,38.967],[48.339,39.034],[48.308,39.107],[48.141,39.208],[48.211,39.329],[48.369,39.38],[48.332,39.429],[48.032,39.693],[47.806,39.657],[47.753,39.606],[47.421,39.465],[47.363,39.422],[47.505,39.295],[47.52,39.187],[47.512,38.916],[47.596,38.827],[47.469,38.791],[47.437,38.7],[47.526,38.67],[47.464,38.478],[47.287,38.302],[47.475,38.184],[47.787,38.251],[47.852,38.147],[47.885,37.892],[48.105,37.849],[48.019,37.617],[48.061,37.515],[48.333,37.243],[48.399,37.252],[48.578,37.103],[48.738,37.186],[48.79,37.139],[48.922,37.177],[48.905,37.314],[48.756,37.43],[48.676,37.597],[48.612,37.652],[48.651,37.783],[48.571,37.892],[48.636,38.118],[48.69,38.222],[48.583,38.349],[48.582,38.46]]]},"properties":{"name":"Ardabil","iso3":"IRN","isoCode":"IR-03","id":"IRN-ardabil"}},
{"type":"Feature","geometry":{"type":"Polygon","coordinates":[[[54.126,36.492],[54.379,36.521],[54.491,36.511],[54.701,36.633],[54.865,36.629],[55.01,36.767],[55.401,36.817],[55.579,36.956],[55.621,37.099],[55.72,37.271],[55.908,37.332],[56.004,37.359],[56.013,37.465],[56.119,37.635],[56.216,37.859],[56.31,37.91],[56.289,38.085],[56.021,38.078],[55.748,38.125],[55.443,38.086],[55.385,38.042],[55.128,37.949],[54.955,37.799],[54.866,37.767],[54.783,37.634],[54.793,37.525],[54.674,37.437],[54.587,37.46],[54.398,37.361],[54.245,37.32],[53.971,37.346],[53.987,37.209],[54.042,37.056],[54.036,36.818],[54.058,36.704],[54.009,36.649],[54.098,36.62],[54.126,36.492]]]},"properties":{"name":"Golestan","iso3":"IRN","isoCode":"IR-27","id":"IRN-golestan"}},
{"type":"Feature","geometry":{"type":"Polygon","coordinates":[[[56.532,36.668],[56.758,36.704],[56.769,36.616],[56.869,36.538],[56.768,36.418],[56.703,36.393],[56.8,36.239],[56.731,36.09],[56.722,35.86],[56.915,35.693],[57.048,35.538],[56.991,35.442],[57.052,35.321],[57.011,35.224],[56.844,35.198],[56.691,35.062],[56.562,35.052],[56.454,35],[56.228,34.71],[56.438,34.682],[56.74,34.783],[56.865,34.974],[57.001,34.998],[57.128,35.066],[57.318,35.096],[57.558,35.051],[57.573,35],[57.712,34.92],[57.786,34.82],[57.715,34.784],[57.557,34.598],[57.64,34.521],[57.766,34.347],[57.952,34.307],[58.035,34.239],[58.189,34.242],[58.264,34.321],[58.371,34.289],[58.465,34.127],[58.636,34.022],[58.706,34.1],[58.98,34.095],[59.265,34.148],[59.347,34.108],[59.536,34.104],[59.591,34.024],[59.709,34.005],[59.998,34.002],[60.144,33.856],[60.372,33.992],[60.533,34],[60.537,34.151],[60.686,34.311],[60.918,34.305],[60.742,34.527],[60.984,34.62],[61.068,34.813],[61.133,35.136],[61.097,35.258],[61.19,35.293],[61.187,35.4],[61.283,35.538],[61.226,35.651],[61.262,35.813],[61.212,35.938],[61.139,35.952],[61.227,36.164],[61.142,36.393],[61.186,36.564],[61.129,36.644],[60.675,36.622],[60.346,36.629],[60.267,36.757],[60.17,36.848],[60.043,37.021],[59.931,37.042],[59.772,37.125],[59.56,37.131],[59.397,37.317],[59.392,37.479],[59.353,37.528],[59.229,37.512],[59.06,37.63],[58.836,37.699],[58.665,37.655],[58.55,37.706],[58.388,37.627],[58.311,37.662],[58.371,37.585],[58.327,37.326],[58.423,37.256],[58.383,37.208],[58.247,37.181],[58.159,37.075],[58.244,37.047],[58.301,36.964],[58.259,36.911],[58.099,36.869],[58.096,36.614],[57.964,36.579],[57.777,36.63],[57.589,36.734],[57.349,36.81],[57.018,36.871],[56.659,36.773],[56.532,36.668]]]},"properties":{"name":"Razavi Khorasan","iso3":"IRN","isoCode":"IR-30","id":"IRN-razavi-khorasan"}},
{"type":"Feature","geometry":{"type":"Polygon","coordinates":[[[59.464,30.517],[59.785,30.663],[59.934,30.753],[59.958,30.897],[60.001,30.929],[60.166,30.932],[60.299,31.023],[60.249,31.124],[60.424,31.236],[60.658,31.286],[60.829,31.406],[60.856,31.487],[60.813,31.709],[60.819,32.012],[60.883,32.198],[60.815,32.481],[60.71,32.696],[60.629,33.021],[60.583,33.13],[60.634,33.228],[60.824,33.4],[60.903,33.54],[60.703,33.546],[60.581,33.597],[60.547,33.731],[60.582,33.805],[60.533,34],[60.372,33.992],[60.144,33.856],[59.998,34.002],[59.709,34.005],[59.591,34.024],[59.536,34.104],[59.347,34.108],[59.265,34.148],[58.98,34.095],[58.706,34.1],[58.636,34.022],[58.465,34.127],[58.371,34.289],[58.264,34.321],[58.189,34.242],[58.035,34.239],[57.952,34.307],[57.766,34.347],[57.64,34.521],[57.557,34.598],[57.715,34.784],[57.786,34.82],[57.712,34.92],[57.573,35],[57.558,35.051],[57.318,35.096],[57.128,35.066],[57.001,34.998],[56.865,34.974],[56.74,34.783],[56.438,34.682],[56.228,34.71],[55.995,34.38],[55.92,34.246],[55.581,34.239],[55.479,34.252],[55.498,33.529],[55.386,33.365],[55.512,33.252],[55.674,32.956],[55.808,32.787],[55.972,32.74],[56.24,32.577],[56.362,32.406],[56.544,32.232],[56.653,32.087],[56.597,32],[56.605,31.922],[56.913,31.958],[57.103,31.9],[57.533,31.823],[57.944,31.711],[58.303,31.538],[58.5,31.392],[58.78,31.155],[59.059,31.008],[59.079,30.908],[59.194,30.817],[59.464,30.517]]]},"properties":{"name":"South Khorasan","iso3":"IRN","isoCode":"IR-29","id":"IRN-south-khorasan"}},
{"type":"Feature","geometry":{"type":"Polygon","coordinates":[[[58.844,26.483],[58.88,26.353],[58.94,26.337],[59.075,26.051],[59.001,25.932],[59.21,25.754],[59.236,25.637],[59.214,25.517],[59.218,25.468],[59.487,25.466],[59.612,25.389],[59.789,25.405],[59.892,25.35],[60.072,25.38],[60.181,25.335],[60.296,25.384],[60.402,25.358],[60.455,25.426],[60.577,25.429],[60.627,25.301],[61.159,25.169],[61.182,25.124],[61.399,25.067],[61.514,25.179],[61.618,25.177],[61.651,25.306],[61.677,25.645],[61.725,25.726],[61.84,25.745],[61.825,25.961],[61.86,26.176],[62.03,26.333],[62.135,26.272],[62.215,26.268],[62.314,26.52],[62.44,26.565],[62.604,26.576],[62.754,26.645],[63.195,26.648],[63.186,26.837],[63.243,26.841],[63.251,27.092],[63.307,27.13],[63.277,27.218],[63.199,27.259],[62.947,27.202],[62.811,27.224],[62.797,27.333],[62.848,27.463],[62.829,27.764],[62.761,28.026],[62.793,28.279],[62.597,28.248],[62.489,28.373],[62.389,28.432],[62.044,28.51],[61.914,28.562],[61.663,28.784],[61.507,29.062],[61.428,29.128],[61.427,29.199],[61.353,29.276],[61.373,29.339],[61.163,29.533],[60.873,29.859],[61.512,30.539],[61.805,30.839],[61.83,31.092],[61.772,31.206],[61.778,31.302],[61.707,31.376],[60.856,31.487],[60.829,31.406],[60.658,31.286],[60.424,31.236],[60.249,31.124],[60.299,31.023],[60.166,30.932],[60.001,30.929],[59.958,30.897],[59.934,30.753],[59.785,30.663],[59.464,30.517],[59.425,30.253],[59.449,29.993],[59.432,29.908],[59.464,29.374],[59.517,29.183],[59.569,29.092],[59.497,28.961],[59.539,28.87],[59.563,28.69],[59.561,28.49],[59.231,28.476],[59.074,28.424],[59.161,28.251],[59.148,28.127],[59.034,28.115],[58.934,28.03],[58.89,27.898],[58.899,27.559],[58.831,27.254],[58.86,27.071],[58.912,26.989],[58.854,26.825],[58.99,26.759],[59.016,26.663],[59,26.5],[58.844,26.483]]]},"properties":{"name":"Sistan and Baluchestan","iso3":"IRN","isoCode":"IR-13","id":"IRN-sistan-and-baluchestan"}},
{"type":"Feature","geometry":{"type":"Polygon","coordinates":[[[50.908,34.152],[51.008,34.264],[51.021,34.382],[51.147,34.439],[51.326,34.441],[51.834,34.506],[51.965,34.865],[51.733,35.002],[51.599,35.018],[51.495,35.104],[51.206,35.174],[51.012,35.138],[50.849,35.173],[50.65,35],[50.705,34.868],[50.482,34.857],[50.434,34.757],[50.251,34.815],[50.131,34.775],[50.086,34.584],[50.16,34.469],[50.27,34.453],[50.517,34.19],[50.658,34.254],[50.796,34.236],[50.908,34.152]]]},"properties":{"name":"Qom","iso3":"IRN","isoCode":"IR-26","id":"IRN-qom"}},
{"type":"Feature","geometry":{"type":"Polygon","coordinates":[[[50.848,36.294],[50.496,36.342],[50.432,36.245],[50.601,36.167],[50.533,36.014],[50.426,36.002],[50.373,35.898],[50.25,35.807],[50.23,35.541],[50.353,35.571],[50.397,35.638],[50.702,35.674],[51.028,35.742],[51.243,35.94],[51.417,35.899],[51.407,35.977],[51.459,36.14],[51.202,36.162],[50.848,36.294]]]},"properties":{"name":"Alborz","iso3":"IRN","isoCode":"IR-09","id":"IRN-alborz"}},
{"type":"Feature","geometry":{"type":"Polygon","coordinates":[[[48.333,37.243],[48.061,37.515],[48.019,37.617],[48.105,37.849],[47.885,37.892],[47.852,38.147],[47.787,38.251],[47.475,38.184],[47.287,38.302],[47.464,38.478],[47.526,38.67],[47.437,38.7],[47.469,38.791],[47.596,38.827],[47.512,38.916],[47.52,39.187],[47.505,39.295],[47.363,39.422],[46.791,39.087],[46.598,38.906],[46.526,38.885],[46.363,38.916],[46.184,38.841],[45.918,38.873],[45.759,38.93],[45.616,38.941],[45.453,38.993],[45.265,38.854],[45.276,38.732],[45.233,38.665],[45.323,38.483],[45.082,38.333],[45.204,38.2],[45.541,37.481],[45.718,37.262],[45.752,37.182],[45.983,37.162],[46.175,36.996],[46.286,36.972],[46.412,37.056],[46.529,37.02],[46.703,37.072],[46.863,37],[46.899,36.895],[46.872,36.793],[46.96,36.747],[47.096,36.831],[47.174,36.792],[47.257,36.866],[47.659,37.098],[47.773,37.081],[47.842,37.169],[48.1,37.156],[48.15,37.221],[48.333,37.243]]]},"properties":{"name":"East Azerbaijan","iso3":"IRN","isoCode":"IR-01","id":"IRN-east-azerbaijan"}},
{"type":"Feature","geometry":{"type":"Polygon","coordinates":[[[56.605,31.922],[56.597,32],[56.653,32.087],[56.544,32.232],[56.362,32.406],[56.24,32.577],[55.972,32.74],[55.808,32.787],[55.674,32.956],[55.512,33.252],[55.386,33.365],[55.183,33.299],[54.992,33.126],[54.878,33.172],[54.726,33.065],[54.564,33.09],[54.308,33.03],[54.207,32.887],[53.941,32.799],[53.804,32.68],[53.477,32.698],[53.161,32.605],[53.011,32.509],[53.059,32.332],[53.042,31.99],[53.009,31.88],[53.029,31.785],[53.198,31.613],[53.06,31.512],[52.801,31.495],[52.951,31.39],[52.978,31.323],[52.929,31.235],[52.839,31.172],[52.912,31.121],[52.969,31.015],[53.364,30.833],[53.449,30.746],[53.839,30.657],[53.926,30.57],[53.901,30.464],[53.926,30.334],[53.864,30.203],[53.94,30.062],[54.098,29.938],[54.103,29.793],[54.243,29.596],[54.463,29.639],[54.561,29.626],[54.543,29.86],[54.548,30.178],[54.337,30.381],[54.514,30.512],[54.565,30.608],[54.526,31.002],[54.712,31.066],[54.927,31.027],[55.211,31.091],[55.495,31.186],[55.607,31.246],[55.74,31.275],[55.938,31.377],[56.013,31.465],[56.042,31.573],[56.121,31.591],[56.256,31.553],[56.539,31.708],[56.579,31.711],[56.605,31.922]]]},"properties":{"name":"Yazd","iso3":"IRN","isoCode":"IR-25","id":"IRN-yazd"}},
{"type":"Feature","geometry":{"type":"MultiPolygon","coordinates":[[[[55.248,28.747],[55.448,28.56],[55.408,28.418],[55.387,27.999],[55.501,27.923],[55.576,27.821],[55.445,27.651],[55.257,27.496],[55.126,27.43],[54.781,27.448],[54.629,27.468],[54.353,27.459],[54.109,27.408],[53.973,27.354],[54.035,27.235],[53.933,27.124],[53.784,27.046],[53.542,27.158],[53.41,27.114],[53.354,27.191],[52.944,27.33],[52.738,27.274],[52.984,27.132],[53.478,26.962],[53.484,26.868],[53.609,26.771],[53.833,26.708],[54.023,26.757],[54.123,26.713],[54.283,26.727],[54.404,26.596],[54.531,26.598],[54.624,26.5],[54.846,26.518],[55.091,26.688],[55.332,26.787],[55.461,26.75],[55.548,26.799],[55.609,26.942],[55.68,26.974],[55.901,26.994],[56.089,27.111],[56.266,27.174],[56.359,27.182],[56.792,27.119],[56.778,27.078],[56.908,26.983],[57.013,26.825],[57.085,26.559],[57.062,26.358],[57.126,26.229],[57.215,26.156],[57.173,26.023],[57.245,25.98],[57.324,25.782],[57.785,25.704],[57.977,25.682],[58.038,25.593],[58.129,25.557],[58.36,25.591],[58.591,25.591],[58.803,25.573],[58.9,25.525],[58.993,25.431],[59.109,25.404],[59.214,25.517],[59.236,25.637],[59.21,25.754],[59.001,25.932],[59.075,26.051],[58.94,26.337],[58.88,26.353],[58.844,26.483],[58.596,26.589],[58.5,26.686],[58.373,26.753],[58.192,26.779],[58.004,26.91],[57.798,26.943],[57.623,27.081],[57.552,27.176],[57.4,27.256],[57.319,27.345],[57.316,27.492],[57.359,27.574],[57.228,27.593],[57.425,27.81],[57.417,27.891],[57.204,27.895],[57.008,27.974],[56.984,28.244],[56.743,28.263],[56.652,28.143],[56.445,28.131],[56.305,28.148],[56.136,28.211],[56.074,28.263],[56.036,28.376],[56.06,28.752],[56.045,28.881],[55.816,28.82],[55.537,28.697],[55.248,28.747]]],[[[56.156,26.999],[55.893,26.903],[55.788,26.946],[55.734,26.919],[55.818,26.789],[55.672,26.769],[55.565,26.714],[55.25,26.641],[55.283,26.539],[55.49,26.589],[55.702,26.688],[55.852,26.732],[55.944,26.69],[56.141,26.841],[56.156,26.999]]]]},"properties":{"name":"Hormozgan","iso3":"IRN","isoCode":"IR-23","id":"IRN-hormozgan"}},
{"type":"Feature","geometry":{"type":"Polygon","coordinates":[[[47.664,32.049],[47.866,31.784],[47.683,31.395],[47.683,30.998],[48.032,30.995],[48.026,30.482],[48.131,30.445],[48.217,30.316],[48.273,30.336],[48.418,30.177],[48.385,30.134],[48.458,29.994],[48.634,29.919],[48.696,29.96],[48.794,30.106],[48.927,30.033],[48.954,30.189],[48.869,30.317],[48.94,30.412],[49.012,30.399],[49.193,30.469],[49.252,30.27],[49.242,30.131],[49.485,30.147],[49.566,30.005],[49.881,30.184],[50.038,30.21],[50.116,30.154],[50.2,30.295],[50.417,30.182],[50.514,30.166],[50.521,30.39],[50.386,30.524],[50.498,30.527],[50.514,30.62],[50.261,30.749],[50.21,30.932],[50.07,30.83],[49.956,30.877],[49.89,30.969],[49.971,31.02],[49.989,31.128],[49.955,31.211],[50.153,31.252],[50.297,31.352],[50.248,31.418],[50.293,31.482],[50.458,31.614],[50.24,31.94],[50.118,32.016],[49.937,32.186],[49.912,32.316],[49.664,32.537],[49.516,32.725],[49.367,32.845],[49.218,32.852],[49.053,32.905],[48.9,32.885],[48.807,32.96],[48.709,32.936],[48.603,32.98],[48.383,32.966],[48.28,32.997],[48.049,32.806],[48.073,32.677],[47.969,32.658],[47.943,32.517],[48.021,32.506],[48.035,32.354],[47.985,32.264],[47.788,32.103],[47.664,32.049]]]},"properties":{"name":"Khuzestan","iso3":"IRN","isoCode":"IR-10","id":"IRN-khuzestan"}},
{"type":"Feature","geometry":{"type":"Polygon","coordinates":[[[51.459,36.14],[51.407,35.977],[51.417,35.899],[51.243,35.94],[51.028,35.742],[50.702,35.674],[50.397,35.638],[50.353,35.571],[50.626,35.547],[50.768,35.487],[50.875,35.485],[50.965,35.426],[50.849,35.173],[51.012,35.138],[51.206,35.174],[51.495,35.104],[51.599,35.018],[51.733,35.002],[51.965,34.865],[52.037,35.003],[52.035,35.091],[51.955,35.151],[51.872,35.281],[51.944,35.361],[51.912,35.414],[51.93,35.559],[52.025,35.502],[52.258,35.441],[52.369,35.341],[52.563,35.417],[52.698,35.552],[52.782,35.541],[53.156,35.796],[53.017,35.854],[52.921,35.838],[52.705,35.928],[52.541,35.941],[52.218,35.766],[52.073,35.763],[51.878,35.86],[51.77,36],[51.459,36.14]]]},"properties":{"name":"Tehran","iso3":"IRN","isoCode":"IR-07","id":"IRN-tehran"}},
{"type":"Feature","geometry":{"type":"MultiPolygon","coordinates":[[[[53.789,24.231],[53.623,24.167],[53.812,24.128],[53.971,24.176],[53.789,24.231]]],[[[54.89,24.911],[54.709,24.814],[54.606,24.517],[54.611,24.454],[54.487,24.422],[54.415,24.271],[54.323,24.242],[54.118,24.26],[53.952,24.106],[53.835,24.06],[53.609,24.042],[53.437,24.125],[53.309,24.091],[53.276,24.136],[53.161,24.108],[52.981,24.155],[52.771,24.126],[52.66,24.156],[52.456,24.09],[52.318,23.999],[52.085,23.957],[51.793,24.018],[51.753,24.286],[51.637,24.213],[51.59,24.127],[52.163,23.443],[52.581,22.939],[53.331,22.853],[54.538,22.708],[55.137,22.632],[55.213,22.706],[55.213,22.936],[55.232,23.11],[55.402,23.393],[55.572,23.63],[55.534,23.849],[55.485,23.944],[55.731,24.058],[55.833,24.015],[56.017,24.066],[55.954,24.223],[55.834,24.201],[55.777,24.235],[55.834,24.328],[55.834,24.41],[55.765,24.53],[55.837,24.671],[55.822,24.791],[55.739,24.753],[55.508,24.717],[55.465,24.638],[55.295,24.625],[55.202,24.659],[55.023,24.868],[54.89,24.911]]]]},"properties":{"name":"Abu Dhabi","iso3":"ARE","isoCode":"AE-AZ","id":"ARE-abu-dhabi"}},
{"type":"Feature","geometry":{"type":"Polygon","coordinates":[[[56.057,24.872],[56.076,24.739],[56.106,24.82],[56.057,24.872]]]},"properties":{"name":"Ajman","iso3":"ARE","isoCode":"AE-AJ","id":"ARE-ajman"}},
{"type":"Feature","geometry":{"type":"MultiPolygon","coordinates":[[[[55.739,24.753],[55.665,24.993],[55.629,25.21],[55.35,25.313],[55.317,25.316],[55.182,25.133],[55.076,25.023],[54.89,24.911],[55.023,24.868],[55.202,24.659],[55.295,24.625],[55.465,24.638],[55.508,24.717],[55.739,24.753]]],[[[56.076,24.739],[56.204,24.824],[56.106,24.82],[56.076,24.739]]]]},"properties":{"name":"Dubai","iso3":"ARE","isoCode":"AE-DU","id":"ARE-dubai"}},
{"type":"Feature","geometry":{"type":"MultiPolygon","coordinates":[[[[55.977,25.282],[55.986,25.225],[56.107,25.212],[56.131,25.32],[56.206,25.308],[56.233,25.311],[56.261,25.33],[56.365,25.42],[56.354,25.596],[56.28,25.614],[56.266,25.606],[56.157,25.661],[55.965,25.577],[55.983,25.492],[56.131,25.472],[56.089,25.34],[56.001,25.381],[55.983,25.332],[55.977,25.282]]],[[[56.352,25.303],[56.281,25.302],[56.274,25.302],[56.256,25.287],[56.245,25.285],[56.21,25.248],[56.213,25.239],[56.166,25.188],[56.164,25.053],[56.239,24.985],[56.283,25.079],[56.361,25.068],[56.376,25.315],[56.352,25.303]]],[[[56.347,24.929],[56.253,24.895],[56.267,24.866],[56.347,24.929]]]]},"properties":{"name":"Fujairah","iso3":"ARE","isoCode":"AE-FU","id":"ARE-fujairah"}},
{"type":"Feature","geometry":{"type":"MultiPolygon","coordinates":[[[[56.106,24.82],[56.204,24.824],[56.267,24.866],[56.253,24.895],[56.164,25.053],[56.166,25.188],[56.213,25.239],[56.21,25.248],[56.208,25.256],[56.206,25.308],[56.131,25.32],[56.107,25.212],[55.986,25.225],[55.946,25.079],[55.972,25.003],[56.059,24.949],[56.057,24.872],[56.106,24.82]]],[[[56.157,25.661],[56.14,25.821],[56.196,25.979],[56.153,26.07],[56.086,26.049],[56.033,25.882],[55.895,25.745],[55.799,25.722],[55.734,25.646],[55.829,25.562],[55.869,25.397],[55.928,25.347],[56.001,25.381],[56.089,25.34],[56.131,25.472],[55.983,25.492],[55.965,25.577],[56.157,25.661]]]]},"properties":{"name":"Ras al-Khaimah","iso3":"ARE","isoCode":"AE-RK","id":"ARE-ras-al-khaimah"}},
{"type":"Feature","geometry":{"type":"MultiPolygon","coordinates":[[[[55.822,24.791],[55.812,24.911],[55.851,24.966],[55.972,25.003],[55.946,25.079],[55.986,25.225],[55.977,25.282],[55.983,25.332],[56.001,25.381],[55.928,25.347],[55.798,25.289],[55.708,25.417],[55.521,25.519],[55.472,25.451],[55.423,25.399],[55.35,25.313],[55.629,25.21],[55.665,24.993],[55.739,24.753],[55.822,24.791]]],[[[56.206,25.308],[56.208,25.256],[56.21,25.248],[56.245,25.285],[56.256,25.287],[56.274,25.302],[56.281,25.302],[56.352,25.303],[56.376,25.315],[56.365,25.42],[56.261,25.33],[56.233,25.311],[56.206,25.308]]],[[[56.164,25.053],[56.253,24.895],[56.347,24.929],[56.361,25.068],[56.283,25.079],[56.239,24.985],[56.164,25.053]]]]},"properties":{"name":"Sharjah","iso3":"ARE","isoCode":"AE-SH","id":"ARE-sharjah"}},
{"type":"Feature","geometry":{"type":"Polygon","coordinates":[[[55.734,25.646],[55.657,25.546],[55.521,25.519],[55.708,25.417],[55.798,25.289],[55.928,25.347],[55.869,25.397],[55.829,25.562],[55.734,25.646]]]},"properties":{"name":"Umm al-Quwain","iso3":"ARE","isoCode":"AE-UQ","id":"ARE-umm-al-quwain"}},
{"type":"Feature","geometry":{"type":"MultiPolygon","coordinates":[[[[115.486,-8.763],[115.588,-8.82],[115.621,-8.748],[115.561,-8.672],[115.486,-8.763]]],[[[114.843,-8.437],[114.934,-8.476],[115.201,-8.719],[115.361,-8.578],[115.58,-8.515],[115.711,-8.4],[115.56,-8.233],[115.339,-8.112],[115.159,-8.064],[114.983,-8.181],[114.876,-8.195],[114.494,-8.096],[114.448,-8.219],[114.597,-8.403],[114.735,-8.396],[114.843,-8.437]]]]},"properties":{"name":"Bali","iso3":"IDN","isoCode":"ID-BA","id":"IDN-bali"}},
{"type":"Feature","geometry":{"type":"MultiPolygon","coordinates":[[[[116.016,-8.75],[115.914,-8.775],[115.972,-8.879],[116.155,-8.864],[116.396,-8.944],[116.561,-8.896],[116.495,-8.811],[116.667,-8.559],[116.718,-8.348],[116.652,-8.289],[116.351,-8.211],[116.269,-8.245],[116.032,-8.447],[116.074,-8.621],[116.016,-8.75]]],[[[117.057,-8.437],[116.999,-8.507],[116.84,-8.539],[116.764,-8.654],[116.813,-8.794],[116.735,-8.866],[116.74,-8.997],[117.014,-9.109],[117.136,-9.083],[117.208,-9.019],[117.33,-9.055],[117.517,-9.013],[117.668,-8.937],[117.826,-8.907],[117.896,-8.922],[118.08,-8.84],[118.185,-8.854],[118.358,-8.683],[118.429,-8.717],[118.379,-8.827],[118.45,-8.885],[118.519,-8.878],[118.663,-8.807],[118.756,-8.797],[118.922,-8.843],[118.911,-8.768],[118.7,-8.756],[118.762,-8.692],[118.852,-8.725],[118.907,-8.68],[118.971,-8.749],[119.128,-8.751],[119.182,-8.627],[119.079,-8.651],[119.016,-8.576],[119.045,-8.455],[119.001,-8.31],[118.814,-8.281],[118.732,-8.34],[118.647,-8.291],[118.464,-8.246],[118.388,-8.329],[118.291,-8.368],[118.23,-8.33],[118.081,-8.1],[117.924,-8.08],[117.723,-8.153],[117.694,-8.242],[117.816,-8.35],[117.986,-8.466],[118.102,-8.491],[118.232,-8.552],[118.288,-8.62],[118.205,-8.672],[118.06,-8.662],[117.974,-8.739],[117.871,-8.696],[117.775,-8.713],[117.761,-8.598],[117.627,-8.534],[117.627,-8.45],[117.549,-8.404],[117.435,-8.413],[117.395,-8.472],[117.154,-8.364],[117.057,-8.437]]],[[[119.021,-8.15],[118.999,-8.227],[119.114,-8.225],[119.089,-8.133],[119.021,-8.15]]],[[[117.524,-8.388],[117.667,-8.152],[117.559,-8.144],[117.489,-8.18],[117.524,-8.388]]]]},"properties":{"name":"West Nusa Tenggara","iso3":"IDN","isoCode":"ID-NB","id":"IDN-west-nusa-tenggara"}},
{"type":"Feature","geometry":{"type":"Polygon","coordinates":[[[106.726,-6.089],[106.641,-6.003],[106.481,-6.047],[106.255,-5.957],[106.18,-6.028],[106.114,-5.93],[106.031,-5.884],[105.996,-5.975],[105.883,-6.072],[105.833,-6.209],[105.827,-6.408],[105.772,-6.516],[105.65,-6.481],[105.618,-6.618],[105.435,-6.775],[105.375,-6.654],[105.263,-6.761],[105.538,-6.874],[105.605,-6.845],[105.774,-6.851],[105.993,-6.814],[106.239,-6.932],[106.265,-6.973],[106.396,-6.98],[106.467,-6.751],[106.429,-6.682],[106.403,-6.517],[106.454,-6.419],[106.427,-6.354],[106.549,-6.333],[106.594,-6.363],[106.77,-6.361],[106.78,-6.316],[106.724,-6.185],[106.726,-6.089]]]},"properties":{"name":"Banten","iso3":"IDN","isoCode":"ID-BT","id":"IDN-banten"}},
{"type":"Feature","geometry":{"type":"Polygon","coordinates":[[[108.885,-6.809],[108.811,-6.966],[108.855,-7.048],[108.821,-7.157],[108.621,-7.212],[108.64,-7.392],[108.708,-7.386],[108.776,-7.475],[108.81,-7.603],[108.784,-7.706],[109.013,-7.779],[109.105,-7.686],[109.287,-7.702],[109.469,-7.761],[109.659,-7.792],[110.003,-7.888],[110.13,-7.748],[110.151,-7.646],[110.304,-7.655],[110.455,-7.554],[110.492,-7.742],[110.531,-7.798],[110.723,-7.793],[110.784,-7.872],[110.756,-8.025],[110.786,-8.151],[110.835,-8.203],[110.897,-8.212],[110.949,-8.081],[111.033,-8.085],[111.136,-8.024],[111.184,-7.922],[111.251,-7.95],[111.313,-7.847],[111.284,-7.754],[111.182,-7.713],[111.194,-7.628],[111.144,-7.554],[111.118,-7.419],[111.151,-7.263],[111.215,-7.258],[111.45,-7.392],[111.457,-7.259],[111.522,-7.238],[111.622,-7.135],[111.579,-7.076],[111.604,-6.863],[111.677,-6.742],[111.563,-6.639],[111.494,-6.62],[111.38,-6.702],[111.245,-6.693],[111.129,-6.639],[111.047,-6.426],[110.901,-6.404],[110.735,-6.443],[110.677,-6.496],[110.635,-6.678],[110.563,-6.77],[110.473,-6.944],[110.352,-6.954],[110.176,-6.847],[109.995,-6.923],[109.866,-6.915],[109.575,-6.837],[109.521,-6.772],[109.442,-6.84],[109.291,-6.873],[109.119,-6.847],[109.04,-6.804],[108.885,-6.809]]]},"properties":{"name":"Central Java","iso3":"IDN","isoCode":"ID-JT","id":"IDN-central-java"}},
{"type":"Feature","geometry":{"type":"Polygon","coordinates":[[[106.396,-6.98],[106.539,-6.981],[106.545,-7.055],[106.485,-7.104],[106.371,-7.279],[106.404,-7.357],[106.524,-7.408],[106.787,-7.437],[107.087,-7.453],[107.242,-7.487],[107.393,-7.494],[107.602,-7.57],[107.69,-7.668],[107.781,-7.679],[107.848,-7.737],[107.939,-7.733],[108.343,-7.817],[108.497,-7.794],[108.517,-7.699],[108.701,-7.676],[108.784,-7.706],[108.81,-7.603],[108.776,-7.475],[108.708,-7.386],[108.64,-7.392],[108.621,-7.212],[108.821,-7.157],[108.855,-7.048],[108.811,-6.966],[108.885,-6.809],[108.834,-6.748],[108.758,-6.813],[108.611,-6.768],[108.562,-6.691],[108.538,-6.483],[108.462,-6.442],[108.369,-6.279],[108.215,-6.238],[108.124,-6.329],[108.034,-6.308],[107.815,-6.187],[107.664,-6.251],[107.621,-6.189],[107.467,-6.149],[107.386,-6.014],[107.273,-5.96],[107.159,-5.987],[107.024,-5.915],[107.015,-6.026],[106.969,-6.092],[106.974,-6.19],[106.906,-6.26],[106.918,-6.35],[106.795,-6.365],[106.78,-6.316],[106.77,-6.361],[106.594,-6.363],[106.549,-6.333],[106.427,-6.354],[106.454,-6.419],[106.403,-6.517],[106.429,-6.682],[106.467,-6.751],[106.396,-6.98]]]},"properties":{"name":"West Java","iso3":"IDN","isoCode":"ID-JB","id":"IDN-west-java"}},
{"type":"Feature","geometry":{"type":"Polygon","coordinates":[[[110.731,-2.997],[110.801,-2.977],[110.971,-3.067],[111.177,-2.998],[111.343,-2.909],[111.468,-2.932],[111.546,-3.011],[111.762,-2.907],[111.823,-3.03],[111.799,-3.202],[111.813,-3.417],[111.775,-3.507],[111.884,-3.544],[112.181,-3.343],[112.337,-3.316],[112.54,-3.443],[112.918,-3.242],[112.967,-3.202],[112.945,-3.103],[113.019,-3.018],[113.19,-3.086],[113.308,-3.237],[113.366,-3.249],[113.438,-3.173],[113.578,-3.151],[113.631,-3.262],[113.628,-3.465],[113.789,-3.46],[113.961,-3.366],[114.045,-3.347],[114.252,-3.397],[114.353,-3.447],[114.398,-3.257],[114.478,-3.127],[114.498,-3.001],[114.591,-2.821],[114.761,-2.722],[114.792,-2.61],[114.914,-2.452],[115.228,-2.224],[115.289,-2.227],[115.322,-2.074],[115.28,-2.006],[115.351,-1.93],[115.312,-1.828],[115.401,-1.435],[115.524,-1.43],[115.7,-1.359],[115.756,-1.303],[115.78,-1.218],[115.847,-1.155],[115.674,-1.054],[115.657,-0.999],[115.486,-0.84],[115.369,-0.768],[115.347,-0.574],[115.248,-0.449],[115.228,-0.297],[115.301,-0.032],[115.195,-0.073],[115.042,-0.19],[114.949,-0.189],[114.879,0.057],[114.788,0.097],[114.835,0.229],[114.942,0.334],[115.051,0.317],[115.137,0.424],[115.008,0.618],[114.981,0.744],[114.911,0.795],[114.828,0.75],[114.658,0.707],[114.519,0.566],[114.412,0.496],[114.316,0.545],[114.223,0.532],[114.148,0.588],[114.102,0.702],[113.999,0.655],[113.84,0.668],[113.66,0.446],[113.586,0.405],[113.437,0.266],[113.315,0.273],[113.273,0.234],[113.419,0.125],[113.409,-0.162],[113.284,-0.242],[113.223,-0.348],[113.263,-0.437],[113.131,-0.451],[112.887,-0.535],[112.845,-0.572],[112.585,-0.691],[112.444,-0.675],[112.302,-0.733],[112.197,-0.616],[112.129,-0.729],[111.902,-0.832],[111.832,-0.914],[111.752,-0.923],[111.614,-1.003],[111.554,-1.111],[111.56,-1.211],[111.405,-1.245],[111.274,-1.427],[111.108,-1.504],[111.074,-1.56],[110.984,-1.538],[110.856,-1.636],[110.914,-1.718],[111.016,-1.743],[110.982,-1.829],[110.978,-1.973],[111.076,-1.987],[111.038,-2.079],[111.08,-2.159],[111.032,-2.244],[111.071,-2.302],[111.135,-2.596],[111.147,-2.742],[111.007,-2.801],[110.969,-2.856],[110.801,-2.911],[110.731,-2.997]]]},"properties":{"name":"Central Kalimantan","iso3":"IDN","isoCode":"ID-KT","id":"IDN-central-kalimantan"}},
{"type":"Feature","geometry":{"type":"MultiPolygon","coordinates":[[[[114.353,-3.447],[114.485,-3.5],[114.559,-3.56],[114.62,-3.669],[114.604,-3.803],[114.635,-4.008],[114.629,-4.152],[114.708,-4.171],[115.005,-4.014],[115.661,-3.742],[115.716,-3.732],[115.859,-3.623],[115.971,-3.607],[116.007,-3.433],[116.085,-3.282],[116.185,-3.242],[116.207,-3.129],[116.177,-2.998],[116.266,-3.005],[116.371,-2.816],[116.359,-2.756],[116.425,-2.5],[116.512,-2.562],[116.554,-2.419],[116.358,-2.357],[116.011,-2.325],[115.976,-2.297],[115.857,-2.394],[115.783,-2.208],[115.789,-2.051],[115.701,-1.988],[115.727,-1.787],[115.677,-1.658],[115.587,-1.527],[115.591,-1.442],[115.676,-1.443],[115.756,-1.303],[115.7,-1.359],[115.524,-1.43],[115.401,-1.435],[115.312,-1.828],[115.351,-1.93],[115.28,-2.006],[115.322,-2.074],[115.289,-2.227],[115.228,-2.224],[114.914,-2.452],[114.792,-2.61],[114.761,-2.722],[114.591,-2.821],[114.498,-3.001],[114.478,-3.127],[114.398,-3.257],[114.353,-3.447]]],[[[116.062,-3.866],[116.053,-3.99],[116.098,-4.055],[116.218,-3.946],[116.31,-3.917],[116.271,-3.816],[116.306,-3.59],[116.271,-3.544],[116.305,-3.444],[116.256,-3.394],[116.257,-3.21],[116.115,-3.304],[116.038,-3.482],[116.005,-3.682],[116.082,-3.834],[116.062,-3.866]]],[[[116.368,-3.651],[116.399,-3.627],[116.435,-3.421],[116.34,-3.473],[116.368,-3.651]]]]},"properties":{"name":"South Kalimantan","iso3":"IDN","isoCode":"ID-KS","id":"IDN-south-kalimantan"}},
{"type":"Feature","geometry":{"type":"MultiPolygon","coordinates":[[[[113.84,0.668],[113.926,0.841],[113.88,0.928],[113.986,1.144],[114.117,1.154],[114.161,1.266],[114.148,1.379],[114.207,1.41],[114.143,1.465],[113.945,1.436],[113.815,1.364],[113.81,1.299],[113.626,1.218],[113.535,1.321],[113.419,1.285],[113.355,1.359],[113.088,1.428],[113.064,1.553],[112.896,1.589],[112.776,1.562],[112.487,1.577],[112.2,1.437],[112.135,1.138],[111.956,1.124],[111.812,0.996],[111.667,1.043],[111.523,0.957],[111.489,1.034],[111.405,1.009],[111.226,1.088],[110.997,1.027],[110.697,0.883],[110.597,0.858],[110.491,0.876],[110.395,0.997],[110.277,0.999],[110.192,1.183],[110.097,1.198],[110.058,1.27],[109.979,1.299],[109.959,1.402],[109.832,1.429],[109.799,1.499],[109.662,1.619],[109.686,1.782],[109.585,1.792],[109.538,1.925],[109.471,1.981],[109.346,1.945],[109.336,1.828],[109.239,1.647],[109.06,1.524],[109.033,1.324],[108.906,1.156],[108.978,1.014],[108.954,0.907],[108.841,0.815],[108.926,0.634],[108.908,0.48],[108.947,0.387],[108.919,0.323],[109.036,0.286],[109.127,0.192],[109.189,0.066],[109.155,-0.064],[109.094,-0.135],[109.056,-0.276],[109.103,-0.345],[109.115,-0.517],[109.147,-0.571],[109.351,-0.634],[109.363,-0.715],[109.242,-0.69],[109.241,-0.819],[109.307,-0.906],[109.406,-0.933],[109.455,-0.866],[109.583,-0.898],[109.648,-0.996],[109.669,-0.997],[109.685,-1.013],[109.698,-0.988],[109.769,-1.002],[109.82,-1.083],[109.945,-1.126],[109.92,-1.187],[109.964,-1.278],[110.072,-1.381],[110.036,-1.525],[110.017,-1.702],[109.908,-1.801],[109.922,-1.856],[110.065,-1.929],[110.12,-2.068],[110.085,-2.238],[110.138,-2.303],[110.2,-2.525],[110.185,-2.589],[110.259,-2.762],[110.224,-2.886],[110.307,-2.99],[110.469,-2.871],[110.572,-2.838],[110.616,-2.876],[110.658,-3.042],[110.731,-2.997],[110.801,-2.911],[110.969,-2.856],[111.007,-2.801],[111.147,-2.742],[111.135,-2.596],[111.071,-2.302],[111.032,-2.244],[111.08,-2.159],[111.038,-2.079],[111.076,-1.987],[110.978,-1.973],[110.982,-1.829],[111.016,-1.743],[110.914,-1.718],[110.856,-1.636],[110.984,-1.538],[111.074,-1.56],[111.108,-1.504],[111.274,-1.427],[111.405,-1.245],[111.56,-1.211],[111.554,-1.111],[111.614,-1.003],[111.752,-0.923],[111.832,-0.914],[111.902,-0.832],[112.129,-0.729],[112.197,-0.616],[112.302,-0.733],[112.444,-0.675],[112.585,-0.691],[112.845,-0.572],[112.887,-0.535],[113.131,-0.451],[113.263,-0.437],[113.223,-0.348],[113.284,-0.242],[113.409,-0.162],[113.419,0.125],[113.273,0.234],[113.315,0.273],[113.437,0.266],[113.586,0.405],[113.66,0.446],[113.84,0.668]]],[[[109.687,-1.217],[109.78,-1.147],[109.762,-1.004],[109.701,-0.993],[109.696,-1.008],[109.675,-1.02],[109.644,-1.01],[109.637,-0.986],[109.56,-1.002],[109.492,-0.973],[109.404,-1.277],[109.501,-1.31],[109.687,-1.217]]]]},"properties":{"name":"West Kalimantan","iso3":"IDN","isoCode":"ID-KB","id":"IDN-west-kalimantan"}},
{"type":"Feature","geometry":{"type":"MultiPolygon","coordinates":[[[[121.671,-0.527],[121.764,-0.501],[121.887,-0.541],[121.917,-0.447],[121.867,-0.41],[121.756,-0.426],[121.671,-0.527]]],[[[123.578,-1.721],[123.623,-1.624],[123.485,-1.533],[123.49,-1.713],[123.578,-1.721]]],[[[122.792,-1.406],[122.789,-1.477],[122.904,-1.601],[123.009,-1.504],[123.061,-1.385],[123.135,-1.302],[123.175,-1.511],[123.315,-1.421],[123.405,-1.526],[123.514,-1.454],[123.553,-1.277],[123.363,-1.229],[123.281,-1.323],[123.19,-1.151],[122.976,-1.204],[122.901,-1.186],[122.831,-1.278],[122.792,-1.406]]],[[[122.194,1.034],[122.063,1.063],[121.984,1.022],[121.932,1.102],[121.649,1.043],[121.511,1.087],[121.421,1.186],[121.433,1.242],[121.254,1.23],[121.101,1.315],[120.974,1.344],[120.839,1.312],[120.808,1.267],[120.786,1.03],[120.698,0.979],[120.61,0.878],[120.576,0.776],[120.402,0.79],[120.328,0.851],[120.347,0.974],[120.24,0.921],[120.244,0.819],[120.178,0.757],[120.065,0.734],[120.016,0.65],[120.045,0.514],[119.895,0.466],[119.85,0.327],[119.906,0.231],[119.777,0.191],[119.868,0.104],[119.883,-0.022],[119.78,-0.112],[119.717,-0.008],[119.604,-0.006],[119.709,-0.141],[119.794,-0.122],[119.818,-0.192],[119.776,-0.288],[119.758,-0.491],[119.883,-0.822],[119.837,-0.879],[119.761,-0.683],[119.67,-0.703],[119.678,-0.769],[119.552,-0.861],[119.552,-1.012],[119.61,-1.12],[119.571,-1.273],[119.434,-1.334],[119.526,-1.428],[119.589,-1.392],[119.697,-1.454],[119.669,-1.546],[119.776,-1.693],[119.768,-1.767],[119.866,-1.771],[119.908,-1.836],[119.813,-2.045],[119.886,-2.046],[119.99,-1.97],[120.325,-2.053],[120.405,-1.895],[120.584,-2.127],[120.695,-2.208],[120.817,-2.207],[120.971,-2.241],[121.16,-2.332],[121.377,-2.397],[121.483,-2.487],[121.681,-2.54],[121.791,-2.712],[121.893,-2.793],[121.94,-2.932],[122.09,-2.962],[122.186,-3.082],[122.274,-3.138],[122.323,-3.242],[122.409,-3.257],[122.367,-3.132],[122.25,-3.022],[122.319,-2.929],[122.133,-2.787],[122.011,-2.719],[122.032,-2.674],[121.942,-2.482],[121.824,-2.292],[121.705,-2.189],[121.551,-2.168],[121.527,-2.049],[121.453,-2],[121.339,-1.979],[121.325,-1.773],[121.457,-1.811],[121.559,-1.955],[121.712,-1.924],[121.803,-1.738],[121.874,-1.679],[121.958,-1.68],[122.036,-1.611],[122.218,-1.603],[122.391,-1.495],[122.416,-1.446],[122.632,-1.236],[122.799,-1.001],[122.802,-0.942],[123.128,-0.855],[123.159,-0.95],[123.31,-1.052],[123.376,-1.008],[123.385,-0.923],[123.452,-0.759],[123.4,-0.657],[123.259,-0.579],[123.058,-0.565],[122.99,-0.62],[122.807,-0.635],[122.802,-0.709],[122.725,-0.813],[122.515,-0.782],[122.202,-0.788],[122.099,-0.963],[122.006,-0.937],[121.91,-0.992],[121.775,-0.968],[121.585,-0.867],[121.487,-0.894],[121.443,-0.979],[121.336,-1.065],[121.221,-1.203],[121.194,-1.296],[121.113,-1.429],[120.98,-1.4],[120.869,-1.414],[120.824,-1.353],[120.677,-1.416],[120.638,-1.31],[120.573,-1.248],[120.586,-1.104],[120.506,-0.995],[120.409,-0.922],[120.311,-0.966],[120.113,-0.741],[120.063,-0.62],[120.072,-0.455],[120.011,-0.291],[120.032,-0.076],[120.091,-0.037],[120.124,0.166],[120.303,0.418],[120.53,0.516],[120.688,0.513],[120.898,0.396],[121.027,0.439],[121.078,0.398],[121.288,0.496],[121.337,0.474],[121.346,0.553],[121.161,0.677],[121.241,0.801],[121.354,0.837],[121.53,0.849],[121.87,0.977],[121.955,0.908],[122.067,0.992],[122.194,1.034]]]]},"properties":{"name":"Central Sulawesi","iso3":"IDN","isoCode":"ID-ST","id":"IDN-central-sulawesi"}},
{"type":"Feature","geometry":{"type":"Polygon","coordinates":[[[121.337,0.474],[121.444,0.469],[121.567,0.533],[121.666,0.535],[121.802,0.415],[122.129,0.493],[122.27,0.475],[122.421,0.502],[122.589,0.503],[122.693,0.472],[123.063,0.505],[123.268,0.322],[123.478,0.316],[123.549,0.525],[123.488,0.626],[123.39,0.639],[123.248,0.717],[123.271,0.801],[123.116,0.925],[122.986,0.967],[122.857,0.806],[122.649,0.949],[122.478,1.001],[122.259,1.007],[122.194,1.034],[122.067,0.992],[121.955,0.908],[121.87,0.977],[121.53,0.849],[121.354,0.837],[121.241,0.801],[121.161,0.677],[121.346,0.553],[121.337,0.474]]]},"properties":{"name":"Gorontalo","iso3":"IDN","isoCode":"ID-GO","id":"IDN-gorontalo"}},
{"type":"Feature","geometry":{"type":"MultiPolygon","coordinates":[[[[123.478,0.316],[123.68,0.303],[123.982,0.374],[124.289,0.405],[124.513,0.472],[124.493,0.543],[124.626,0.772],[124.717,0.891],[124.864,0.969],[125.012,1.125],[125.073,1.357],[125.127,1.429],[125.244,1.508],[125.106,1.664],[124.97,1.697],[124.83,1.59],[124.833,1.475],[124.687,1.408],[124.624,1.419],[124.514,1.307],[124.61,1.234],[124.562,1.187],[124.409,1.191],[124.297,1.01],[124.202,0.989],[123.877,0.839],[123.562,0.888],[123.116,0.925],[123.271,0.801],[123.248,0.717],[123.39,0.639],[123.488,0.626],[123.549,0.525],[123.478,0.316]]],[[[126.855,4.464],[126.809,4.533],[126.734,4.461],[126.68,4.334],[126.79,4.211],[126.667,4.04],[126.795,4.022],[126.796,4.147],[126.911,4.272],[126.848,4.388],[126.855,4.464]]],[[[125.503,3.553],[125.502,3.44],[125.645,3.383],[125.665,3.472],[125.508,3.722],[125.405,3.72],[125.405,3.656],[125.503,3.553]]]]},"properties":{"name":"North Sulawesi","iso3":"IDN","isoCode":"ID-SA","id":"IDN-north-sulawesi"}},
{"type":"Feature","geometry":{"type":"MultiPolygon","coordinates":[[[[119.813,-2.045],[119.63,-2.164],[119.597,-2.295],[119.717,-2.393],[119.703,-2.558],[119.764,-2.678],[119.638,-2.758],[119.56,-2.737],[119.513,-2.842],[119.537,-2.941],[119.63,-3.105],[119.547,-3.13],[119.44,-3.265],[119.474,-3.502],[119.511,-3.595],[119.45,-3.678],[119.528,-3.878],[119.586,-3.974],[119.635,-4.181],[119.636,-4.299],[119.597,-4.416],[119.595,-4.563],[119.482,-4.751],[119.525,-4.924],[119.41,-5.112],[119.359,-5.403],[119.429,-5.505],[119.551,-5.604],[119.651,-5.629],[119.703,-5.702],[119.789,-5.701],[119.926,-5.549],[120.129,-5.588],[120.343,-5.513],[120.448,-5.568],[120.449,-5.474],[120.404,-5.339],[120.343,-5.301],[120.277,-5.17],[120.306,-5.002],[120.306,-4.868],[120.383,-4.838],[120.4,-4.709],[120.382,-4.468],[120.346,-4.405],[120.381,-4.176],[120.331,-4.097],[120.361,-4.021],[120.346,-3.891],[120.441,-3.744],[120.381,-3.202],[120.255,-3.159],[120.255,-2.945],[120.453,-2.823],[120.577,-2.688],[120.817,-2.619],[121.095,-2.724],[120.988,-2.833],[121.093,-2.77],[121.138,-2.916],[121.306,-3.074],[121.358,-3.019],[121.479,-2.998],[121.654,-2.875],[121.738,-2.737],[121.791,-2.712],[121.681,-2.54],[121.483,-2.487],[121.377,-2.397],[121.16,-2.332],[120.971,-2.241],[120.817,-2.207],[120.695,-2.208],[120.584,-2.127],[120.405,-1.895],[120.325,-2.053],[119.99,-1.97],[119.886,-2.046],[119.813,-2.045]]],[[[120.476,-6.316],[120.537,-6.324],[120.529,-6.188],[120.568,-6.056],[120.533,-5.871],[120.461,-5.794],[120.445,-5.96],[120.466,-6.093],[120.433,-6.189],[120.476,-6.316]]]]},"properties":{"name":"South Sulawesi","iso3":"IDN","isoCode":"ID-SN","id":"IDN-south-sulawesi"}},
{"type":"Feature","geometry":{"type":"MultiPolygon","coordinates":[[[[121.791,-2.712],[121.738,-2.737],[121.654,-2.875],[121.479,-2.998],[121.358,-3.019],[121.306,-3.074],[121.138,-2.916],[121.093,-2.77],[120.988,-2.833],[121.089,-2.924],[121.061,-2.984],[121.056,-3.185],[120.866,-3.43],[120.907,-3.577],[121.083,-3.714],[121.168,-3.824],[121.241,-3.825],[121.344,-3.988],[121.564,-4.037],[121.617,-4.152],[121.534,-4.284],[121.525,-4.402],[121.47,-4.588],[121.47,-4.668],[121.551,-4.773],[121.71,-4.855],[121.817,-4.835],[121.996,-4.892],[122.105,-4.819],[122.042,-4.761],[122.038,-4.65],[122.09,-4.542],[122.219,-4.479],[122.484,-4.453],[122.591,-4.397],[122.673,-4.511],[122.838,-4.446],[122.901,-4.38],[122.887,-4.132],[122.835,-4.056],[122.764,-4.156],[122.654,-4.137],[122.663,-4.035],[122.599,-3.979],[122.639,-3.891],[122.524,-3.895],[122.444,-3.751],[122.359,-3.751],[122.211,-3.628],[122.301,-3.467],[122.249,-3.416],[122.323,-3.242],[122.274,-3.138],[122.186,-3.082],[122.09,-2.962],[121.94,-2.932],[121.893,-2.793],[121.791,-2.712]]],[[[123.529,-5.316],[123.582,-5.383],[123.645,-5.3],[123.576,-5.245],[123.529,-5.316]]],[[[123.024,-4.219],[123.117,-4.261],[123.248,-4.124],[123.209,-4.02],[123.096,-4.024],[123.012,-3.978],[122.94,-4.095],[123.024,-4.219]]],[[[121.795,-5.275],[121.962,-5.477],[122.046,-5.461],[122.034,-5.161],[121.974,-5.07],[121.857,-5.083],[121.795,-5.275]]],[[[123.047,-5.146],[122.974,-5.116],[122.955,-5.001],[123.008,-4.894],[122.994,-4.826],[123.175,-4.683],[123.192,-4.59],[123.141,-4.486],[122.993,-4.394],[122.867,-4.526],[122.827,-4.677],[122.86,-4.787],[122.793,-5.106],[122.813,-5.221],[122.655,-5.324],[122.628,-5.46],[122.563,-5.482],[122.624,-5.684],[122.802,-5.697],[122.893,-5.567],[122.848,-5.486],[122.971,-5.396],[123.015,-5.444],[123.126,-5.395],[123.224,-5.276],[123.141,-5.246],[123.047,-5.146]]],[[[122.344,-4.794],[122.325,-4.855],[122.395,-5.041],[122.307,-5.15],[122.315,-5.242],[122.266,-5.327],[122.279,-5.394],[122.465,-5.403],[122.52,-5.437],[122.641,-5.354],[122.639,-5.264],[122.589,-5.16],[122.767,-4.894],[122.725,-4.847],[122.74,-4.754],[122.699,-4.619],[122.457,-4.759],[122.344,-4.794]]]]},"properties":{"name":"Southeast Sulawesi","iso3":"IDN","isoCode":"ID-SG","id":"IDN-southeast-sulawesi"}},
{"type":"Feature","geometry":{"type":"Polygon","coordinates":[[[119.552,-0.861],[119.44,-1.106],[119.341,-1.168],[119.303,-1.276],[119.337,-1.35],[119.286,-1.452],[119.326,-1.582],[119.282,-1.692],[119.363,-1.857],[119.332,-1.961],[119.213,-1.996],[119.122,-2.313],[119.143,-2.472],[119.041,-2.51],[119.029,-2.584],[118.763,-2.758],[118.769,-2.867],[118.886,-2.89],[118.86,-3.032],[118.789,-3.135],[118.858,-3.297],[118.846,-3.379],[118.935,-3.569],[119.066,-3.503],[119.235,-3.483],[119.343,-3.433],[119.474,-3.502],[119.44,-3.265],[119.547,-3.13],[119.63,-3.105],[119.537,-2.941],[119.513,-2.842],[119.56,-2.737],[119.638,-2.758],[119.764,-2.678],[119.703,-2.558],[119.717,-2.393],[119.597,-2.295],[119.63,-2.164],[119.813,-2.045],[119.908,-1.836],[119.866,-1.771],[119.768,-1.767],[119.776,-1.693],[119.669,-1.546],[119.697,-1.454],[119.589,-1.392],[119.526,-1.428],[119.434,-1.334],[119.571,-1.273],[119.61,-1.12],[119.552,-1.012],[119.552,-0.861]]]},"properties":{"name":"West Sulawesi","iso3":"IDN","isoCode":"ID-SR","id":"IDN-west-sulawesi"}},
{"type":"Feature","geometry":{"type":"MultiPolygon","coordinates":[[[[95.239,5.851],[95.33,5.773],[95.372,5.845],[95.239,5.851]]],[[[97.224,2.222],[97.214,2.179],[97.314,2.057],[97.359,2.096],[97.302,2.226],[97.224,2.222]]],[[[95.717,2.812],[95.789,2.648],[95.942,2.572],[96.075,2.568],[96.229,2.442],[96.307,2.423],[96.351,2.339],[96.499,2.363],[96.454,2.476],[96.388,2.468],[96.344,2.547],[96.197,2.648],[96.118,2.636],[96.111,2.722],[95.927,2.83],[95.873,2.913],[95.771,2.907],[95.717,2.812]]],[[[98.252,4.289],[98.286,4.418],[98.009,4.605],[97.903,4.89],[97.813,4.929],[97.648,5.075],[97.654,5.116],[97.501,5.248],[97.203,5.143],[97.14,5.201],[96.985,5.262],[96.851,5.277],[96.525,5.198],[96.399,5.21],[96.258,5.264],[96.077,5.294],[95.947,5.399],[95.889,5.502],[95.615,5.627],[95.518,5.595],[95.431,5.656],[95.225,5.499],[95.253,5.381],[95.238,5.257],[95.309,5.162],[95.367,5.026],[95.396,4.875],[95.556,4.655],[95.728,4.517],[96.021,4.21],[96.167,4.127],[96.289,3.992],[96.384,3.849],[96.546,3.731],[96.782,3.734],[96.868,3.69],[96.903,3.602],[97.003,3.546],[97.144,3.311],[97.259,3.22],[97.316,3.056],[97.423,2.937],[97.595,2.879],[97.649,2.678],[97.665,2.395],[97.736,2.313],[97.858,2.257],[97.948,2.271],[98.145,2.153],[98.188,2.323],[98.112,2.424],[98.08,2.527],[98.124,2.655],[98.057,2.82],[97.955,2.902],[97.941,3.027],[97.983,3.084],[97.922,3.229],[98.027,3.331],[97.95,3.392],[97.907,3.554],[97.87,3.571],[97.799,3.726],[97.91,3.823],[97.9,3.891],[98.024,3.973],[98.059,4.191],[98.089,4.263],[98.252,4.289]]]]},"properties":{"name":"Aceh","iso3":"IDN","isoCode":"ID-AC","id":"IDN-aceh"}},
{"type":"Feature","geometry":{"type":"MultiPolygon","coordinates":[[[[102.088,-5.357],[102.229,-5.463],[102.359,-5.506],[102.386,-5.39],[102.152,-5.281],[102.088,-5.357]]],[[[101.025,-2.484],[101.144,-2.629],[101.323,-2.738],[101.403,-2.925],[101.48,-3.014],[101.521,-3.115],[101.616,-3.24],[101.898,-3.428],[101.929,-3.479],[102.099,-3.566],[102.221,-3.665],[102.307,-3.891],[102.292,-3.975],[102.796,-4.354],[102.901,-4.47],[103.12,-4.579],[103.284,-4.71],[103.405,-4.854],[103.596,-4.924],[103.603,-4.893],[103.779,-4.795],[103.696,-4.723],[103.699,-4.658],[103.573,-4.503],[103.625,-4.425],[103.6,-4.358],[103.513,-4.376],[103.296,-4.258],[103.177,-4.229],[103.184,-4.143],[103.09,-4.007],[102.956,-4.013],[102.853,-3.983],[102.65,-3.809],[102.726,-3.747],[102.806,-3.617],[102.909,-3.615],[102.993,-3.522],[102.998,-3.37],[102.901,-3.38],[102.783,-3.285],[102.637,-3.349],[102.492,-3.245],[102.485,-3.107],[102.435,-3.055],[102.323,-3.068],[102.253,-3.033],[102.218,-2.929],[102.129,-2.87],[102.063,-2.77],[101.99,-2.723],[101.861,-2.724],[101.675,-2.533],[101.546,-2.561],[101.559,-2.451],[101.293,-2.277],[101.245,-2.345],[101.025,-2.484]]]]},"properties":{"name":"Bengkulu","iso3":"IDN","isoCode":"ID-BE","id":"IDN-bengkulu"}},
{"type":"Feature","geometry":{"type":"Polygon","coordinates":[[[102.063,-2.77],[102.228,-2.692],[102.288,-2.626],[102.398,-2.685],[102.592,-2.683],[102.619,-2.628],[102.793,-2.539],[102.922,-2.333],[103.122,-2.357],[103.208,-2.317],[103.165,-2.219],[103.223,-2.137],[103.304,-2.239],[103.448,-2.344],[103.453,-2.178],[103.518,-2.102],[103.543,-1.894],[103.621,-1.835],[103.803,-1.8],[103.878,-1.743],[103.952,-1.774],[104.119,-1.781],[104.229,-1.741],[104.353,-1.735],[104.427,-1.631],[104.489,-1.661],[104.438,-1.509],[104.457,-1.337],[104.392,-1.217],[104.409,-1.16],[104.371,-1.028],[104.206,-1.07],[104.023,-0.999],[103.912,-0.982],[103.834,-1.013],[103.694,-0.95],[103.556,-0.856],[103.485,-0.77],[103.346,-0.786],[103.126,-0.746],[103.009,-0.755],[102.781,-1.024],[102.667,-1.109],[102.476,-1.077],[102.33,-0.966],[102.139,-0.899],[101.978,-0.883],[101.822,-0.977],[101.809,-1.218],[101.687,-1.278],[101.718,-1.433],[101.665,-1.508],[101.562,-1.576],[101.496,-1.674],[101.416,-1.671],[101.216,-1.714],[101.126,-1.679],[101.139,-1.905],[101.24,-2.017],[101.292,-2.133],[101.293,-2.277],[101.559,-2.451],[101.546,-2.561],[101.675,-2.533],[101.861,-2.724],[101.99,-2.723],[102.063,-2.77]]]},"properties":{"name":"Jambi","iso3":"IDN","isoCode":"ID-JA","id":"IDN-jambi"}},
{"type":"Feature","geometry":{"type":"Polygon","coordinates":[[[103.596,-4.924],[103.743,-4.988],[103.929,-5.149],[103.9,-5.218],[103.988,-5.26],[103.998,-5.324],[104.119,-5.457],[104.311,-5.589],[104.301,-5.642],[104.416,-5.708],[104.564,-5.865],[104.581,-5.943],[104.734,-5.933],[104.643,-5.691],[104.531,-5.545],[104.605,-5.496],[104.708,-5.522],[104.77,-5.6],[104.937,-5.703],[105.103,-5.763],[105.181,-5.721],[105.167,-5.606],[105.243,-5.589],[105.29,-5.445],[105.409,-5.622],[105.589,-5.733],[105.605,-5.832],[105.779,-5.836],[105.828,-5.583],[105.82,-5.329],[105.864,-5.256],[105.858,-5.061],[105.9,-4.921],[105.862,-4.824],[105.916,-4.647],[105.888,-4.439],[105.829,-4.352],[105.821,-4.158],[105.657,-4.091],[105.597,-3.923],[105.415,-3.778],[105.354,-3.793],[105.255,-3.901],[105.18,-3.906],[105.05,-4.139],[104.854,-4.241],[104.643,-4.246],[104.622,-4.217],[104.37,-4.353],[104.323,-4.456],[104.342,-4.601],[104.291,-4.687],[104.369,-4.817],[104.303,-4.884],[104.19,-4.863],[104.149,-4.917],[103.96,-4.913],[103.779,-4.795],[103.603,-4.893],[103.596,-4.924]]]},"properties":{"name":"Lampung","iso3":"IDN","isoCode":"ID-LA","id":"IDN-lampung"}},
{"type":"Feature","geometry":{"type":"MultiPolygon","coordinates":[[[[103.485,-0.77],[103.389,-0.718],[103.439,-0.519],[103.542,-0.504],[103.668,-0.364],[103.787,-0.342],[103.642,-0.228],[103.438,-0.196],[103.686,-0.022],[103.803,-0.012],[103.77,0.187],[103.713,0.305],[103.407,0.526],[103.328,0.544],[103.188,0.461],[103.097,0.493],[102.916,0.712],[102.674,0.756],[102.51,0.748],[102.406,0.813],[102.231,0.994],[102.195,1.077],[102.209,1.189],[102.152,1.269],[102.159,1.362],[102.005,1.458],[101.753,1.664],[101.528,1.647],[101.391,1.715],[101.323,1.997],[101.267,2.08],[101.078,2.211],[101.04,2.292],[100.798,2.289],[100.766,2.209],[100.783,2.075],[100.566,2.157],[100.395,2.321],[100.315,2.556],[100.276,2.317],[100.321,2.088],[100.291,1.941],[100.379,1.812],[100.434,1.667],[100.406,1.562],[100.072,1.391],[100.144,1.227],[100.213,1.18],[100.215,0.873],[100.181,0.754],[100.159,0.657],[100.259,0.455],[100.364,0.41],[100.497,0.445],[100.578,0.37],[100.755,0.255],[100.815,0.266],[100.841,0.002],[100.748,-0.053],[100.766,-0.168],[100.833,-0.32],[100.996,-0.314],[101.069,-0.501],[101.181,-0.549],[101.254,-0.625],[101.355,-0.657],[101.441,-0.762],[101.597,-0.85],[101.67,-0.935],[101.822,-0.977],[101.978,-0.883],[102.139,-0.899],[102.33,-0.966],[102.476,-1.077],[102.667,-1.109],[102.781,-1.024],[103.009,-0.755],[103.126,-0.746],[103.346,-0.786],[103.485,-0.77]]],[[[102.656,1.011],[102.726,1.038],[102.881,0.968],[103.071,0.834],[103.16,0.884],[103.003,1.072],[102.781,1.158],[102.714,1.139],[102.656,1.011]]],[[[103.15,0.637],[103.159,0.508],[103.281,0.529],[103.299,0.617],[103.231,0.698],[103.15,0.637]]],[[[102.607,1.034],[102.538,1.129],[102.459,1.066],[102.499,0.945],[102.607,1.034]]],[[[102.656,0.788],[102.918,0.776],[102.995,0.689],[103.049,0.719],[103.046,0.826],[102.879,0.952],[102.741,1.022],[102.59,1.001],[102.408,0.885],[102.467,0.808],[102.589,0.766],[102.656,0.788]]],[[[102.473,1.251],[102.296,1.409],[102.214,1.414],[102.206,1.276],[102.283,0.994],[102.383,0.914],[102.485,0.945],[102.44,1.064],[102.486,1.199],[102.473,1.251]]],[[[102.387,1.334],[102.508,1.256],[102.461,1.518],[102.367,1.546],[102.002,1.601],[102.069,1.496],[102.146,1.449],[102.295,1.429],[102.387,1.334]]],[[[101.388,1.907],[101.459,1.724],[101.616,1.688],[101.731,1.759],[101.781,1.98],[101.656,2.125],[101.522,2.036],[101.406,2.023],[101.388,1.907]]]]},"properties":{"name":"Riau","iso3":"IDN","isoCode":"ID-RI","id":"IDN-riau"}},
{"type":"Feature","geometry":{"type":"MultiPolygon","coordinates":[[[[101.293,-2.277],[101.292,-2.133],[101.24,-2.017],[101.139,-1.905],[101.126,-1.679],[101.216,-1.714],[101.416,-1.671],[101.496,-1.674],[101.562,-1.576],[101.665,-1.508],[101.718,-1.433],[101.687,-1.278],[101.809,-1.218],[101.822,-0.977],[101.67,-0.935],[101.597,-0.85],[101.441,-0.762],[101.355,-0.657],[101.254,-0.625],[101.181,-0.549],[101.069,-0.501],[100.996,-0.314],[100.833,-0.32],[100.766,-0.168],[100.748,-0.053],[100.841,0.002],[100.815,0.266],[100.755,0.255],[100.578,0.37],[100.497,0.445],[100.364,0.41],[100.259,0.455],[100.159,0.657],[100.181,0.754],[99.858,0.865],[99.791,0.78],[99.915,0.569],[99.91,0.5],[99.717,0.454],[99.646,0.542],[99.503,0.54],[99.407,0.493],[99.331,0.363],[99.236,0.328],[99.166,0.236],[99.221,0.211],[99.338,0.235],[99.398,0.15],[99.606,0.072],[99.763,-0.068],[99.748,-0.145],[99.818,-0.3],[100.082,-0.55],[100.116,-0.628],[100.331,-0.861],[100.387,-1.026],[100.361,-1.127],[100.489,-1.299],[100.568,-1.337],[100.644,-1.622],[100.857,-1.911],[100.88,-2.049],[100.822,-2.172],[100.892,-2.327],[101.025,-2.484],[101.245,-2.345],[101.293,-2.277]]],[[[100.018,-2.812],[100.096,-2.833],[100.218,-2.776],[100.169,-2.645],[99.971,-2.513],[100.018,-2.812]]],[[[100.177,-2.812],[100.189,-2.991],[100.39,-3.2],[100.458,-3.109],[100.47,-3.028],[100.236,-2.784],[100.177,-2.812]]],[[[98.847,-0.937],[98.663,-0.98],[98.65,-1.106],[98.603,-1.226],[98.804,-1.519],[98.876,-1.677],[99.095,-1.804],[99.228,-1.785],[99.3,-1.722],[99.098,-1.362],[99.002,-1.118],[98.94,-1.069],[98.91,-0.91],[98.847,-0.937]]],[[[99.844,-2.348],[99.785,-2.288],[99.692,-2.075],[99.631,-2.035],[99.547,-2.071],[99.528,-2.154],[99.6,-2.283],[99.745,-2.348],[99.844,-2.348]]]]},"properties":{"name":"West Sumatra","iso3":"IDN","isoCode":"ID-SB","id":"IDN-west-sumatra"}},
{"type":"Feature","geometry":{"type":"Polygon","coordinates":[[[103.779,-4.795],[103.96,-4.913],[104.149,-4.917],[104.19,-4.863],[104.303,-4.884],[104.369,-4.817],[104.291,-4.687],[104.342,-4.601],[104.323,-4.456],[104.37,-4.353],[104.622,-4.217],[104.643,-4.246],[104.854,-4.241],[105.05,-4.139],[105.18,-3.906],[105.255,-3.901],[105.354,-3.793],[105.415,-3.778],[105.597,-3.923],[105.657,-4.091],[105.821,-4.158],[105.865,-4.03],[105.954,-3.862],[105.926,-3.775],[105.821,-3.67],[105.851,-3.516],[105.912,-3.391],[106.089,-3.253],[106.05,-3.127],[106.049,-2.998],[105.885,-2.966],[105.814,-2.918],[105.781,-2.837],[105.779,-2.682],[105.635,-2.644],[105.604,-2.534],[105.633,-2.434],[105.556,-2.4],[105.297,-2.372],[105.201,-2.329],[105.115,-2.378],[104.917,-2.285],[104.879,-2.053],[104.83,-2.005],[104.687,-1.993],[104.598,-1.877],[104.489,-1.661],[104.427,-1.631],[104.353,-1.735],[104.229,-1.741],[104.119,-1.781],[103.952,-1.774],[103.878,-1.743],[103.803,-1.8],[103.621,-1.835],[103.543,-1.894],[103.518,-2.102],[103.453,-2.178],[103.448,-2.344],[103.304,-2.239],[103.223,-2.137],[103.165,-2.219],[103.208,-2.317],[103.122,-2.357],[102.922,-2.333],[102.793,-2.539],[102.619,-2.628],[102.592,-2.683],[102.398,-2.685],[102.288,-2.626],[102.228,-2.692],[102.063,-2.77],[102.129,-2.87],[102.218,-2.929],[102.253,-3.033],[102.323,-3.068],[102.435,-3.055],[102.485,-3.107],[102.492,-3.245],[102.637,-3.349],[102.783,-3.285],[102.901,-3.38],[102.998,-3.37],[102.993,-3.522],[102.909,-3.615],[102.806,-3.617],[102.726,-3.747],[102.65,-3.809],[102.853,-3.983],[102.956,-4.013],[103.09,-4.007],[103.184,-4.143],[103.177,-4.229],[103.296,-4.258],[103.513,-4.376],[103.6,-4.358],[103.625,-4.425],[103.573,-4.503],[103.699,-4.658],[103.696,-4.723],[103.779,-4.795]]]},"properties":{"name":"South Sumatra","iso3":"IDN","isoCode":"ID-SS","id":"IDN-south-sumatra"}},
{"type":"Feature","geometry":{"type":"MultiPolygon","coordinates":[[[[98.145,2.153],[98.288,2.044],[98.34,2.046],[98.481,1.973],[98.674,1.743],[98.842,1.637],[98.762,1.527],[98.784,1.424],[98.928,1.041],[99.054,0.744],[99.11,0.555],[99.166,0.236],[99.236,0.328],[99.331,0.363],[99.407,0.493],[99.503,0.54],[99.646,0.542],[99.717,0.454],[99.91,0.5],[99.915,0.569],[99.791,0.78],[99.858,0.865],[100.181,0.754],[100.215,0.873],[100.213,1.18],[100.144,1.227],[100.072,1.391],[100.406,1.562],[100.434,1.667],[100.379,1.812],[100.291,1.941],[100.321,2.088],[100.276,2.317],[100.315,2.556],[100.22,2.705],[100.138,2.685],[100.012,2.733],[99.993,2.954],[99.835,3.059],[99.759,3.168],[99.538,3.253],[99.484,3.347],[99.378,3.396],[99.295,3.472],[98.956,3.676],[98.781,3.725],[98.707,3.796],[98.671,3.909],[98.562,3.941],[98.543,4.008],[98.388,4.077],[98.311,4.072],[98.245,4.187],[98.252,4.289],[98.089,4.263],[98.059,4.191],[98.024,3.973],[97.9,3.891],[97.91,3.823],[97.799,3.726],[97.87,3.571],[97.907,3.554],[97.95,3.392],[98.027,3.331],[97.922,3.229],[97.983,3.084],[97.941,3.027],[97.955,2.902],[98.057,2.82],[98.124,2.655],[98.08,2.527],[98.112,2.424],[98.188,2.323],[98.145,2.153]]],[[[98.438,-0.247],[98.384,-0.343],[98.393,-0.562],[98.506,-0.493],[98.514,-0.368],[98.438,-0.247]]],[[[98.338,0],[98.384,-0.123],[98.527,-0.331],[98.574,-0.283],[98.493,-0.21],[98.471,-0.094],[98.392,0.004],[98.338,0]]],[[[98.853,0.108],[98.82,0.152],[98.616,0.18],[98.55,0.094],[98.736,0.07],[98.853,0.108]]],[[[97.78,0.561],[97.899,0.624],[97.887,0.747],[97.904,0.895],[97.947,0.954],[97.897,1.055],[97.816,1.133],[97.7,1.173],[97.488,1.473],[97.369,1.531],[97.277,1.419],[97.114,1.418],[97.196,1.295],[97.266,1.242],[97.369,1.081],[97.424,0.949],[97.486,0.94],[97.633,0.8],[97.702,0.564],[97.78,0.561]]]]},"properties":{"name":"North Sumatra","iso3":"IDN","isoCode":"ID-SU","id":"IDN-north-sumatra"}},
{"type":"Feature","geometry":{"type":"MultiPolygon","coordinates":[[[[121.846,-10.463],[121.684,-10.578],[121.749,-10.615],[121.875,-10.618],[121.997,-10.523],[121.999,-10.443],[121.904,-10.419],[121.846,-10.463]]],[[[123.047,-10.726],[122.866,-10.756],[122.825,-10.924],[122.925,-10.916],[122.99,-10.86],[123.151,-10.814],[123.228,-10.819],[123.253,-10.734],[123.424,-10.656],[123.37,-10.479],[123.264,-10.521],[123.162,-10.65],[123.047,-10.726]]],[[[119.616,-8.789],[119.72,-8.787],[119.709,-8.671],[119.618,-8.708],[119.616,-8.789]]],[[[123.427,-10.126],[123.396,-10.135],[123.305,-10.312],[123.379,-10.311],[123.469,-10.162],[123.427,-10.126]]],[[[119.685,-9.844],[119.787,-9.922],[119.955,-9.984],[120.036,-10.121],[120.213,-10.253],[120.347,-10.249],[120.453,-10.314],[120.535,-10.24],[120.685,-10.225],[120.805,-10.132],[120.848,-10.039],[120.817,-9.977],[120.677,-9.898],[120.597,-9.731],[120.504,-9.686],[120.466,-9.615],[120.253,-9.645],[120.211,-9.491],[120.092,-9.474],[119.928,-9.279],[119.807,-9.394],[119.632,-9.346],[119.534,-9.378],[119.3,-9.357],[119.191,-9.374],[118.99,-9.456],[118.927,-9.555],[119.059,-9.699],[119.194,-9.748],[119.303,-9.745],[119.384,-9.796],[119.469,-9.741],[119.673,-9.782],[119.685,-9.844]]],[[[124.95,-8.958],[124.816,-9.003],[124.615,-9.154],[124.478,-9.176],[124.462,-9.301],[124.354,-9.424],[124.284,-9.445],[124.217,-9.366],[124.154,-9.423],[123.995,-9.342],[123.935,-9.421],[123.673,-9.629],[123.668,-9.853],[123.579,-9.942],[123.649,-10.01],[123.753,-10.028],[123.749,-10.102],[123.533,-10.176],[123.457,-10.348],[123.569,-10.334],[123.613,-10.368],[123.789,-10.356],[124.019,-10.273],[124.105,-10.167],[124.404,-10.167],[124.477,-10.122],[124.555,-10.006],[124.756,-9.875],[124.846,-9.74],[124.984,-9.638],[124.959,-9.536],[125.088,-9.462],[125.079,-9.389],[124.994,-9.29],[124.983,-9.191],[125.175,-9.175],[125.187,-9.029],[125.114,-8.966],[125.003,-9.064],[124.95,-8.958]]],[[[119.453,-8.437],[119.423,-8.551],[119.437,-8.669],[119.55,-8.532],[119.453,-8.437]]],[[[120.938,-8.935],[121.037,-8.956],[121.138,-8.899],[121.369,-8.879],[121.388,-8.789],[121.546,-8.81],[121.77,-8.883],[121.885,-8.828],[122.03,-8.795],[122.115,-8.73],[122.28,-8.755],[122.465,-8.734],[122.557,-8.666],[122.832,-8.589],[122.81,-8.432],[122.929,-8.328],[123.02,-8.317],[122.969,-8.129],[122.867,-8.063],[122.783,-8.108],[122.731,-8.217],[122.9,-8.178],[122.872,-8.294],[122.766,-8.363],[122.604,-8.392],[122.475,-8.608],[122.206,-8.61],[122.159,-8.555],[121.932,-8.488],[121.693,-8.511],[121.607,-8.479],[121.541,-8.6],[121.344,-8.547],[121.306,-8.481],[120.99,-8.395],[120.984,-8.35],[120.735,-8.349],[120.623,-8.265],[120.589,-8.298],[120.408,-8.281],[120.203,-8.305],[120.117,-8.442],[120.022,-8.382],[119.879,-8.477],[119.805,-8.571],[119.802,-8.764],[119.887,-8.815],[120.016,-8.819],[120.163,-8.786],[120.23,-8.843],[120.37,-8.818],[120.602,-8.818],[120.754,-8.893],[120.838,-8.83],[120.938,-8.935]]],[[[124.354,-8.438],[124.542,-8.442],[124.658,-8.39],[124.788,-8.401],[124.881,-8.366],[125.124,-8.337],[125.143,-8.25],[125.098,-8.15],[124.828,-8.167],[124.594,-8.124],[124.468,-8.135],[124.4,-8.22],[124.405,-8.319],[124.354,-8.438]]],[[[123.31,-8.437],[123.314,-8.527],[123.389,-8.583],[123.625,-8.403],[123.67,-8.43],[123.766,-8.288],[123.902,-8.218],[123.769,-8.173],[123.569,-8.365],[123.481,-8.247],[123.43,-8.369],[123.31,-8.437]]],[[[123.914,-8.438],[124.034,-8.42],[124.064,-8.551],[124.147,-8.535],[124.209,-8.416],[124.302,-8.33],[124.325,-8.188],[124.282,-8.174],[124.093,-8.376],[124.059,-8.293],[123.965,-8.348],[123.914,-8.438]]],[[[123.065,-8.412],[123.294,-8.388],[123.305,-8.296],[123.243,-8.226],[123.149,-8.232],[123.028,-8.312],[123.065,-8.412]]]]},"properties":{"name":"East Nusa Tenggara","iso3":"IDN","isoCode":"ID-NT","id":"IDN-east-nusa-tenggara"}},
{"type":"Feature","geometry":{"type":"MultiPolygon","coordinates":[[[[130.781,-8.337],[131.143,-8.158],[131.033,-8.077],[130.914,-8.15],[130.781,-8.337]]],[[[127.858,-8.212],[128.045,-8.26],[128.078,-8.137],[127.954,-8.147],[127.786,-8.103],[127.795,-8.186],[127.858,-8.212]]],[[[126.563,-7.815],[126.72,-7.745],[126.721,-7.667],[126.62,-7.557],[126.473,-7.588],[126.324,-7.695],[126.185,-7.728],[125.946,-7.662],[125.816,-7.858],[125.817,-7.994],[125.953,-7.914],[126.065,-7.888],[126.173,-7.925],[126.331,-7.915],[126.461,-7.973],[126.563,-7.815]]],[[[129.856,-7.843],[129.677,-7.786],[129.621,-7.802],[129.581,-7.894],[129.674,-8.012],[129.793,-8.043],[129.862,-7.926],[129.856,-7.843]]],[[[127.367,-7.655],[127.471,-7.59],[127.486,-7.521],[127.355,-7.529],[127.367,-7.655]]],[[[131.198,-7.573],[131.106,-7.705],[131.145,-7.803],[131.103,-7.996],[131.303,-8.021],[131.364,-7.87],[131.461,-7.81],[131.49,-7.728],[131.62,-7.649],[131.679,-7.449],[131.633,-7.253],[131.742,-7.222],[131.707,-7.144],[131.585,-7.125],[131.52,-7.161],[131.435,-7.313],[131.241,-7.472],[131.198,-7.573]]],[[[130.97,-7.49],[131.067,-7.51],[131.161,-7.406],[130.99,-7.43],[130.97,-7.49]]],[[[128.529,-7.127],[128.625,-7.214],[128.699,-7.106],[128.609,-7.062],[128.529,-7.127]]],[[[134.692,-6.442],[134.639,-6.491],[134.682,-6.564],[134.761,-6.535],[134.692,-6.442]]],[[[134.842,-6.328],[134.802,-6.375],[134.845,-6.477],[134.909,-6.321],[134.842,-6.328]]],[[[134.297,-6.872],[134.392,-6.741],[134.497,-6.654],[134.481,-6.491],[134.461,-6.433],[134.436,-6.443],[134.408,-6.4],[134.34,-6.399],[134.303,-6.291],[134.22,-6.221],[134.13,-6.27],[134.091,-6.635],[134.052,-6.77],[134.07,-6.826],[134.216,-6.907],[134.297,-6.872]]],[[[134.596,-5.572],[134.706,-5.516],[134.645,-5.438],[134.509,-5.418],[134.506,-5.548],[134.596,-5.572]]],[[[127.969,-3.779],[128.1,-3.714],[128.228,-3.748],[128.299,-3.695],[128.277,-3.617],[128.339,-3.502],[128.257,-3.495],[128.142,-3.591],[128.026,-3.592],[127.921,-3.681],[127.969,-3.779]]],[[[126.562,-3.793],[126.697,-3.862],[126.812,-3.804],[126.954,-3.771],[127.051,-3.689],[127.22,-3.663],[127.251,-3.593],[127.258,-3.373],[127.141,-3.351],[127.077,-3.373],[127.036,-3.265],[127.111,-3.234],[126.986,-3.139],[126.934,-3.144],[126.791,-3.059],[126.601,-3.063],[126.299,-3.094],[126.222,-3.184],[126.108,-3.118],[126.017,-3.174],[126.007,-3.359],[126.072,-3.476],[126.161,-3.541],[126.197,-3.624],[126.338,-3.681],[126.501,-3.783],[126.562,-3.793]]],[[[127.969,-3.437],[128.055,-3.341],[128.084,-3.145],[128.163,-3.064],[128.205,-3.123],[128.161,-3.198],[128.292,-3.226],[128.333,-3.329],[128.46,-3.458],[128.595,-3.426],[128.785,-3.262],[128.884,-3.204],[128.967,-3.227],[128.963,-3.362],[129.084,-3.341],[129.288,-3.414],[129.411,-3.419],[129.538,-3.47],[129.559,-3.396],[129.519,-3.3],[129.93,-3.339],[130.018,-3.484],[130.417,-3.633],[130.486,-3.708],[130.571,-3.724],[130.62,-3.793],[130.766,-3.828],[130.817,-3.871],[130.833,-3.658],[130.882,-3.582],[130.806,-3.489],[130.806,-3.407],[130.667,-3.403],[130.604,-3.152],[130.496,-3.103],[130.383,-2.987],[130.035,-3.004],[129.897,-2.964],[129.671,-2.825],[129.471,-2.784],[129.376,-2.79],[129.348,-2.858],[129.131,-2.97],[129.064,-2.906],[129.034,-2.796],[128.838,-2.866],[128.509,-2.834],[128.403,-2.87],[128.187,-2.867],[128.129,-2.905],[128.117,-3.065],[127.986,-3.081],[127.874,-3.194],[127.969,-3.437]]],[[[134.297,-6.037],[134.125,-6.039],[134.114,-6.102],[134.167,-6.19],[134.325,-6.278],[134.369,-6.397],[134.407,-6.397],[134.443,-6.438],[134.454,-6.428],[134.493,-6.46],[134.551,-6.534],[134.597,-6.386],[134.73,-6.311],[134.784,-6.091],[134.663,-5.975],[134.536,-5.919],[134.434,-6.019],[134.348,-6.041],[134.297,-6.037]]],[[[132.629,-5.625],[132.68,-5.739],[132.663,-5.906],[132.78,-5.943],[132.813,-5.853],[132.774,-5.719],[132.629,-5.625]]],[[[134.422,-5.625],[134.347,-5.726],[134.24,-5.67],[134.215,-5.722],[134.362,-5.824],[134.299,-5.929],[134.313,-6.003],[134.358,-6.032],[134.433,-6.017],[134.535,-5.917],[134.669,-5.934],[134.772,-5.889],[134.714,-5.817],[134.732,-5.685],[134.694,-5.588],[134.487,-5.557],[134.422,-5.625]]],[[[133.008,-5.625],[132.872,-5.879],[132.952,-5.876],[132.964,-5.743],[133.102,-5.6],[133.181,-5.299],[133.114,-5.292],[133.008,-5.625]]]]},"properties":{"name":"Maluku","iso3":"IDN","isoCode":"ID-MA","id":"IDN-maluku"}},
{"type":"Feature","geometry":{"type":"MultiPolygon","coordinates":[[[[125.993,-2.028],[125.899,-1.984],[125.858,-2.059],[125.887,-2.224],[125.959,-2.326],[125.995,-2.444],[126.073,-2.422],[125.963,-2.183],[125.993,-2.028]]],[[[125.457,-1.779],[125.33,-1.828],[125.431,-1.884],[125.447,-1.947],[125.759,-1.929],[125.843,-1.895],[125.919,-1.94],[126.098,-1.879],[126.247,-1.879],[126.195,-1.805],[125.884,-1.796],[125.677,-1.827],[125.457,-1.779]]],[[[124.692,-1.652],[124.606,-1.638],[124.4,-1.66],[124.366,-1.699],[124.344,-1.907],[124.392,-2.019],[124.524,-2.018],[124.68,-1.977],[124.774,-1.916],[125.009,-1.943],[125.127,-1.877],[125.318,-1.892],[125.298,-1.74],[125.108,-1.691],[125.046,-1.772],[124.957,-1.696],[124.692,-1.652]]],[[[127.538,-1.406],[127.444,-1.435],[127.403,-1.538],[127.408,-1.662],[127.499,-1.725],[127.651,-1.731],[127.705,-1.69],[127.89,-1.683],[128.024,-1.726],[128.157,-1.681],[128.166,-1.617],[127.996,-1.522],[127.79,-1.372],[127.642,-1.331],[127.538,-1.406]]],[[[128.426,2.059],[128.522,2.067],[128.621,2.211],[128.651,2.37],[128.693,2.459],[128.569,2.645],[128.462,2.596],[128.293,2.428],[128.203,2.29],[128.249,2.247],[128.253,2.094],[128.296,2.033],[128.426,2.059]]],[[[127.176,-0.703],[127.181,-0.767],[127.301,-0.799],[127.302,-0.681],[127.215,-0.641],[127.176,-0.703]]],[[[127.699,-0.703],[127.648,-0.683],[127.601,-0.575],[127.692,-0.456],[127.521,-0.301],[127.479,-0.387],[127.365,-0.318],[127.305,-0.509],[127.478,-0.661],[127.442,-0.74],[127.474,-0.824],[127.654,-0.752],[127.682,-0.838],[127.765,-0.864],[127.871,-0.827],[127.903,-0.771],[127.8,-0.679],[127.699,-0.703]]],[[[127.266,-0.466],[127.239,-0.248],[127.117,-0.288],[127.115,-0.4],[127.163,-0.531],[127.266,-0.466]]],[[[127.969,-0.58],[128.065,-0.718],[128.239,-0.78],[128.296,-0.88],[128.386,-0.858],[128.213,-0.698],[128.05,-0.418],[127.987,-0.276],[127.947,-0.114],[127.888,0.01],[127.922,0.274],[127.873,0.302],[127.966,0.479],[128.141,0.464],[128.282,0.397],[128.479,0.395],[128.517,0.343],[128.829,0.258],[128.797,0.314],[128.678,0.337],[128.679,0.55],[128.572,0.562],[128.435,0.632],[128.316,0.658],[128.199,0.79],[128.334,0.912],[128.54,0.977],[128.683,1.068],[128.691,1.199],[128.74,1.31],[128.733,1.399],[128.68,1.496],[128.673,1.59],[128.466,1.55],[128.345,1.46],[128.168,1.367],[128.092,1.244],[128.178,1.244],[128.173,1.129],[127.982,1.088],[127.883,0.828],[127.754,0.808],[127.657,0.896],[127.656,1.027],[127.759,1.069],[127.826,1.148],[127.903,1.15],[127.975,1.282],[128.036,1.531],[127.991,1.661],[128.022,1.705],[127.925,1.808],[127.846,1.821],[127.852,1.926],[127.952,1.991],[127.971,2.064],[128.066,2.174],[127.977,2.209],[127.707,1.945],[127.559,1.715],[127.534,1.476],[127.407,1.234],[127.512,0.954],[127.491,0.893],[127.629,0.861],[127.638,0.815],[127.548,0.73],[127.527,0.553],[127.583,0.413],[127.734,0.311],[127.692,0.143],[127.719,0.053],[127.661,-0.209],[127.687,-0.27],[127.864,-0.365],[127.969,-0.58]]]]},"properties":{"name":"North Maluku","iso3":"IDN","isoCode":"ID-MU","id":"IDN-north-maluku"}},
{"type":"Feature","geometry":{"type":"MultiPolygon","coordinates":[[[[110.897,-8.212],[111.191,-8.279],[111.257,-8.249],[111.449,-8.269],[111.512,-8.333],[111.628,-8.325],[111.841,-8.264],[111.906,-8.303],[112.144,-8.316],[112.266,-8.349],[112.335,-8.333],[112.443,-8.398],[112.555,-8.402],[112.672,-8.445],[112.709,-8.418],[112.912,-8.4],[112.977,-8.328],[113.076,-8.288],[113.213,-8.281],[113.33,-8.32],[113.388,-8.399],[113.641,-8.456],[114.033,-8.633],[114.095,-8.615],[114.221,-8.645],[114.246,-8.6],[114.369,-8.67],[114.369,-8.751],[114.532,-8.781],[114.606,-8.717],[114.561,-8.656],[114.447,-8.638],[114.339,-8.427],[114.4,-8.117],[114.434,-8.032],[114.424,-7.916],[114.452,-7.804],[114.374,-7.756],[114.104,-7.705],[114.041,-7.605],[113.944,-7.675],[113.762,-7.738],[113.49,-7.697],[113.339,-7.777],[113.108,-7.72],[113.054,-7.659],[112.908,-7.629],[112.837,-7.512],[112.847,-7.289],[112.764,-7.196],[112.622,-7.122],[112.65,-7.019],[112.593,-6.892],[112.52,-6.906],[112.415,-6.864],[112.051,-6.885],[111.965,-6.762],[111.865,-6.799],[111.677,-6.742],[111.604,-6.863],[111.579,-7.076],[111.622,-7.135],[111.522,-7.238],[111.457,-7.259],[111.45,-7.392],[111.215,-7.258],[111.151,-7.263],[111.118,-7.419],[111.144,-7.554],[111.194,-7.628],[111.182,-7.713],[111.284,-7.754],[111.313,-7.847],[111.251,-7.95],[111.184,-7.922],[111.136,-8.024],[111.033,-8.085],[110.949,-8.081],[110.897,-8.212]]],[[[112.728,-5.762],[112.674,-5.723],[112.59,-5.776],[112.592,-5.855],[112.734,-5.831],[112.728,-5.762]]],[[[113.906,-7.049],[114.091,-6.981],[114.101,-6.934],[113.91,-6.863],[113.682,-6.882],[113.116,-6.895],[112.863,-6.892],[112.723,-7.038],[112.692,-7.147],[112.798,-7.157],[113.1,-7.229],[113.277,-7.215],[113.55,-7.231],[113.606,-7.126],[113.675,-7.109],[113.889,-7.134],[113.906,-7.049]]],[[[115.312,-6.949],[115.46,-6.908],[115.393,-6.835],[115.246,-6.827],[115.213,-6.939],[115.312,-6.949]]]]},"properties":{"name":"East Java","iso3":"IDN","isoCode":"ID-JI","id":"IDN-east-java"}},
{"type":"Feature","geometry":{"type":"MultiPolygon","coordinates":[[[[108.886,-1.555],[108.827,-1.59],[108.858,-1.678],[108.983,-1.602],[108.886,-1.555]]],[[[107.339,-2.882],[107.411,-2.947],[107.47,-2.908],[107.468,-2.823],[107.339,-2.882]]],[[[106.875,-3.031],[106.893,-2.929],[106.808,-2.887],[106.731,-2.978],[106.875,-3.031]]],[[[107.598,-2.812],[107.615,-2.914],[107.562,-3.003],[107.627,-3.152],[107.616,-3.238],[107.829,-3.168],[107.889,-3.081],[107.971,-3.18],[107.967,-3.247],[108.08,-3.247],[108.082,-3.169],[108.167,-3.164],[108.208,-3.017],[108.298,-2.848],[108.27,-2.751],[108.083,-2.604],[107.881,-2.567],[107.83,-2.53],[107.658,-2.559],[107.598,-2.812]]],[[[105.951,-2.813],[106.105,-2.84],[106.289,-2.907],[106.337,-2.966],[106.428,-2.972],[106.515,-3.112],[106.6,-3.076],[106.707,-3.092],[106.738,-3.003],[106.609,-2.961],[106.601,-2.866],[106.663,-2.717],[106.764,-2.597],[106.447,-2.471],[106.355,-2.463],[106.227,-2.3],[106.151,-1.993],[106.171,-1.872],[106.038,-1.695],[106.049,-1.599],[105.869,-1.521],[105.581,-1.533],[105.471,-1.559],[105.35,-1.706],[105.4,-1.769],[105.36,-1.834],[105.127,-1.958],[105.155,-2.07],[105.251,-2.077],[105.294,-2.15],[105.446,-2.127],[105.505,-2.085],[105.592,-2.121],[105.727,-2.126],[105.788,-2.169],[105.835,-2.411],[105.939,-2.494],[105.887,-2.643],[105.951,-2.813]]]]},"properties":{"name":"Bangka-Belitung Islands","iso3":"IDN","isoCode":"ID-BB","id":"IDN-bangka-belitung-islands"}},
{"type":"Feature","geometry":{"type":"MultiPolygon","coordinates":[[[[104.447,-0.344],[104.383,-0.414],[104.278,-0.396],[104.253,-0.494],[104.478,-0.639],[104.591,-0.494],[104.538,-0.371],[104.447,-0.344]]],[[[104.495,0],[104.506,-0.13],[104.425,-0.192],[104.527,-0.273],[104.703,-0.202],[104.848,-0.322],[104.937,-0.265],[104.829,-0.135],[104.742,-0.177],[104.638,-0.035],[104.562,0.018],[104.495,0]]],[[[103.359,1.131],[103.311,1.087],[103.355,1.004],[103.446,0.996],[103.359,1.131]]],[[[103.909,1.055],[104.034,0.982],[104.139,1.054],[104.15,1.134],[104.099,1.198],[104.018,1.189],[103.909,1.055]]],[[[105.851,2.987],[105.741,2.972],[105.692,2.882],[105.77,2.84],[105.851,2.987]]],[[[108.387,3.793],[108.395,3.968],[108.234,4.129],[108.145,4.136],[108.023,4.056],[107.99,3.943],[108.164,3.636],[108.307,3.671],[108.387,3.793]]],[[[103.359,0.845],[103.351,0.742],[103.459,0.638],[103.514,0.751],[103.471,0.817],[103.359,0.845]]],[[[104.126,0.945],[104.181,0.783],[104.245,0.821],[104.126,0.945]]],[[[104.414,0.975],[104.497,0.84],[104.593,0.809],[104.655,0.907],[104.657,1.034],[104.578,1.155],[104.402,1.202],[104.241,1.12],[104.226,1.02],[104.414,0.975]]]]},"properties":{"name":"Riau Islands","iso3":"IDN","isoCode":"ID-KR","id":"IDN-riau-islands"}},
{"type":"Feature","geometry":{"type":"MultiPolygon","coordinates":[[[[138.637,-6.73],[138.678,-6.836],[138.751,-6.774],[138.637,-6.73]]],[[[138.671,-6.697],[138.79,-6.78],[138.818,-6.702],[138.699,-6.627],[138.671,-6.697]]],[[[138.815,-8.138],[138.679,-8.171],[138.662,-8.237],[138.567,-8.355],[138.738,-8.387],[138.891,-8.388],[138.916,-8.301],[138.844,-8.259],[138.815,-8.138]]],[[[138.499,-8.317],[138.615,-8.25],[138.687,-8.147],[138.797,-8.139],[138.889,-8.035],[138.891,-7.915],[138.995,-7.849],[138.991,-7.76],[139.08,-7.568],[138.936,-7.545],[138.826,-7.402],[138.627,-7.37],[138.321,-7.428],[138.119,-7.535],[137.915,-7.777],[137.706,-8.168],[137.64,-8.421],[137.863,-8.383],[138.303,-8.391],[138.499,-8.317]]],[[[134.854,-1.132],[134.961,-1.125],[134.988,-1.064],[134.956,-0.973],[134.883,-0.935],[134.805,-0.958],[134.792,-1.036],[134.854,-1.132]]],[[[135.473,-0.652],[135.396,-0.728],[135.529,-0.784],[135.643,-0.887],[135.721,-0.784],[135.825,-1.032],[135.823,-1.132],[135.906,-1.178],[136.036,-1.147],[136.134,-1.2],[136.314,-1.141],[136.331,-1.076],[136.256,-1.017],[136.159,-1.007],[136.03,-0.838],[135.925,-0.79],[135.811,-0.685],[135.764,-0.738],[135.634,-0.664],[135.473,-0.652]]],[[[134.86,-4.252],[134.958,-4.325],[135.206,-4.467],[135.464,-4.438],[135.72,-4.497],[135.918,-4.49],[136.039,-4.584],[136.21,-4.661],[136.354,-4.677],[136.538,-4.789],[136.827,-4.911],[136.928,-4.908],[137.091,-4.977],[137.213,-4.988],[137.425,-5.127],[137.644,-5.215],[137.739,-5.287],[137.807,-5.381],[137.876,-5.363],[138.01,-5.502],[138.081,-5.525],[138.044,-5.618],[138.067,-5.728],[138.14,-5.72],[138.168,-5.814],[138.279,-5.843],[138.28,-5.944],[138.394,-6.168],[138.433,-6.365],[138.678,-6.605],[138.806,-6.676],[138.83,-6.707],[138.828,-6.777],[138.792,-6.853],[138.694,-6.903],[138.627,-6.877],[138.562,-6.935],[138.6,-7],[138.898,-7.199],[138.686,-7.231],[138.855,-7.311],[138.974,-7.523],[139.106,-7.548],[139.02,-7.749],[139.012,-7.861],[138.919,-7.911],[138.907,-8.088],[138.855,-8.183],[138.936,-8.274],[139.082,-8.138],[139.224,-8.095],[139.344,-8.206],[139.508,-8.179],[139.713,-8.1],[139.952,-8.102],[139.996,-8.202],[140.23,-8.375],[140.505,-8.621],[140.601,-8.796],[140.727,-8.907],[140.894,-9.087],[141.019,-9.127],[141.019,-9.026],[141.019,-6.892],[140.914,-6.872],[140.85,-6.723],[140.856,-6.644],[140.93,-6.541],[140.926,-6.418],[141,-6.323],[141,-5.293],[141,-4.534],[141,-3.931],[141,-2.604],[140.81,-2.606],[140.742,-2.522],[140.609,-2.44],[140.497,-2.444],[140.385,-2.399],[140.347,-2.463],[140.207,-2.407],[140.116,-2.336],[139.994,-2.373],[139.81,-2.378],[139.582,-2.272],[139.455,-2.194],[139.277,-2.122],[138.991,-1.972],[138.806,-1.934],[138.65,-1.786],[138.345,-1.711],[138.174,-1.63],[137.953,-1.626],[137.935,-1.463],[137.686,-1.503],[137.485,-1.594],[137.392,-1.659],[137.155,-1.769],[137.166,-1.934],[137.232,-2.049],[137.11,-2.111],[136.952,-2.127],[136.755,-2.239],[136.601,-2.254],[136.572,-2.205],[136.425,-2.204],[136.344,-2.26],[136.338,-2.366],[136.224,-2.612],[136.059,-2.669],[135.931,-2.857],[135.924,-2.961],[135.731,-3.067],[135.7,-3.152],[135.595,-3.195],[135.505,-3.355],[135.348,-3.39],[135.152,-3.371],[134.992,-3.331],[134.876,-3.249],[134.812,-3.107],[134.813,-3.023],[134.697,-2.974],[134.669,-2.802],[134.581,-2.893],[134.418,-3.003],[134.414,-3.112],[134.274,-3.235],[134.211,-3.385],[134.327,-3.413],[134.965,-3.645],[135.253,-3.742],[135.109,-3.922],[134.978,-4.121],[134.86,-4.252]]],[[[135.723,-1.696],[135.914,-1.778],[136.226,-1.884],[136.635,-1.872],[136.789,-1.739],[136.583,-1.728],[136.453,-1.699],[136.369,-1.717],[136.182,-1.656],[135.642,-1.626],[135.472,-1.597],[135.475,-1.681],[135.723,-1.696]]]]},"properties":{"name":"Papua","iso3":"IDN","isoCode":"ID-PA","id":"IDN-papua"}},
{"type":"Feature","geometry":{"type":"MultiPolygon","coordinates":[[[[134.669,-2.802],[134.662,-2.612],[134.629,-2.494],[134.516,-2.483],[134.46,-2.58],[134.524,-2.792],[134.474,-2.864],[134.267,-2.449],[134.176,-2.355],[134.103,-2.052],[134.142,-2],[134.073,-1.651],[134.2,-1.551],[134.198,-1.456],[134.246,-1.313],[134.188,-1.2],[134.102,-1.126],[134.019,-0.975],[134.045,-0.805],[133.973,-0.72],[133.813,-0.748],[133.603,-0.735],[133.396,-0.741],[133.235,-0.605],[133.08,-0.517],[133.034,-0.521],[132.786,-0.402],[132.599,-0.358],[132.422,-0.343],[132.262,-0.381],[132.097,-0.478],[132.06,-0.547],[131.974,-0.581],[131.847,-0.706],[131.554,-0.767],[131.543,-0.729],[131.247,-0.82],[131.276,-0.977],[131.172,-1.225],[131.058,-1.252],[131.001,-1.377],[130.996,-1.456],[131.094,-1.451],[131.261,-1.524],[131.382,-1.457],[131.502,-1.472],[131.715,-1.424],[131.745,-1.452],[131.733,-1.585],[131.882,-1.648],[131.921,-1.815],[132.039,-2.075],[132.238,-2.196],[132.308,-2.28],[132.531,-2.194],[132.629,-2.273],[132.711,-2.299],[132.806,-2.244],[132.959,-2.293],[133.025,-2.243],[133.194,-2.195],[133.622,-2.233],[133.707,-2.171],[133.837,-2.131],[133.897,-2.187],[133.769,-2.234],[133.826,-2.294],[133.896,-2.261],[133.979,-2.394],[133.869,-2.387],[133.733,-2.425],[133.81,-2.556],[133.701,-2.582],[133.632,-2.531],[133.511,-2.575],[133.475,-2.503],[133.402,-2.535],[133.301,-2.44],[133.229,-2.414],[133.133,-2.437],[133.036,-2.51],[132.908,-2.669],[132.739,-2.803],[132.586,-2.693],[132.328,-2.659],[132.138,-2.668],[131.968,-2.779],[131.975,-2.898],[132.156,-2.932],[132.334,-2.941],[132.562,-3.111],[132.646,-3.193],[132.596,-3.231],[132.664,-3.317],[132.786,-3.277],[132.822,-3.436],[132.901,-3.521],[132.897,-3.639],[132.733,-3.629],[132.732,-3.685],[132.842,-3.925],[132.838,-3.986],[132.918,-4.084],[133.019,-4.096],[133.079,-4.054],[133.246,-4.075],[133.459,-3.857],[133.395,-3.734],[133.598,-3.528],[133.55,-3.431],[133.653,-3.392],[133.666,-3.301],[133.653,-3.225],[133.671,-3.21],[133.648,-3.123],[133.73,-3.031],[133.831,-3.08],[133.764,-3.178],[133.713,-3.179],[133.665,-3.24],[133.7,-3.407],[133.635,-3.448],[133.709,-3.614],[133.847,-3.644],[133.909,-3.705],[133.946,-3.847],[134.042,-3.784],[134.118,-3.792],[134.191,-3.955],[134.335,-4.028],[134.364,-3.901],[134.43,-3.92],[134.533,-4.04],[134.661,-3.984],[134.722,-4.197],[134.86,-4.252],[134.978,-4.121],[135.109,-3.922],[135.253,-3.742],[134.965,-3.645],[134.327,-3.413],[134.211,-3.385],[134.274,-3.235],[134.414,-3.112],[134.418,-3.003],[134.581,-2.893],[134.669,-2.802]]],[[[133.594,-4.276],[133.542,-4.211],[133.371,-4.136],[133.346,-4.178],[133.461,-4.249],[133.594,-4.276]]],[[[131.742,-1.458],[131.592,-1.466],[131.639,-1.546],[131.742,-1.458]]],[[[130.078,-1.728],[129.755,-1.846],[129.733,-1.902],[129.873,-1.98],[130.096,-2.025],[130.134,-2.059],[130.275,-2.043],[130.338,-1.983],[130.461,-2.006],[130.406,-1.898],[130.447,-1.83],[130.335,-1.684],[130.078,-1.728]]],[[[130.781,-0.928],[130.636,-0.983],[130.701,-1.049],[130.746,-1.234],[130.857,-1.344],[130.955,-1.365],[131.057,-1.208],[131.082,-1.032],[131.031,-0.912],[130.935,-0.94],[130.897,-0.89],[130.781,-0.928]]],[[[130.781,-0.808],[130.449,-0.828],[130.449,-0.898],[130.535,-0.919],[130.85,-0.86],[130.781,-0.808]]],[[[130.548,-0.352],[130.672,-0.302],[130.727,-0.439],[130.793,-0.442],[130.934,-0.38],[130.92,-0.306],[130.76,-0.29],[130.611,-0.091],[130.681,-0.084],[130.869,-0.235],[130.959,-0.351],[131.077,-0.319],[131.242,-0.38],[131.309,-0.298],[131.316,-0.197],[131.134,-0.071],[130.979,-0.059],[130.884,-0.016],[130.774,-0.009],[130.65,-0.055],[130.592,-0.043],[130.415,-0.113],[130.283,-0.11],[130.338,-0.197],[130.331,-0.266],[130.533,-0.253],[130.548,-0.352]]]]},"properties":{"name":"West Papua","iso3":"IDN","isoCode":"ID-PB","id":"IDN-west-papua"}},
{"type":"Feature","geometry":{"type":"Polygon","coordinates":[[[115.756,-1.303],[115.676,-1.443],[115.591,-1.442],[115.587,-1.527],[115.677,-1.658],[115.727,-1.787],[115.701,-1.988],[115.789,-2.051],[115.783,-2.208],[115.857,-2.394],[115.976,-2.297],[116.011,-2.325],[116.358,-2.357],[116.554,-2.419],[116.596,-2.196],[116.546,-2.199],[116.455,-2.065],[116.457,-1.917],[116.421,-1.864],[116.451,-1.769],[116.25,-1.781],[116.326,-1.701],[116.559,-1.601],[116.533,-1.505],[116.59,-1.426],[116.764,-1.351],[116.759,-1.288],[116.884,-1.277],[116.999,-1.202],[117.023,-1.141],[117.168,-0.955],[117.295,-0.871],[117.346,-0.909],[117.488,-0.84],[117.55,-0.727],[117.581,-0.485],[117.526,-0.351],[117.469,-0.334],[117.417,-0.223],[117.519,0.025],[117.473,0.065],[117.567,0.392],[117.613,0.437],[117.673,0.617],[117.754,0.755],[117.922,0.807],[118.026,0.778],[118.063,0.904],[118.307,0.852],[118.386,0.802],[118.45,0.837],[118.549,0.81],[118.69,0.852],[118.795,0.809],[118.965,0.943],[118.986,1.024],[118.799,1.115],[118.769,1.197],[118.566,1.362],[118.49,1.369],[118.411,1.487],[118.252,1.557],[118.134,1.635],[118.066,1.763],[117.936,1.802],[117.891,1.855],[117.839,2.008],[117.912,2.046],[117.937,2.179],[118.021,2.197],[118.102,2.285],[118.001,2.435],[117.876,2.392],[117.827,2.327],[117.738,2.347],[117.622,2.525],[117.519,2.524],[117.415,2.609],[117.262,2.58],[117.095,2.598],[117.037,2.524],[116.862,2.464],[116.803,2.381],[116.756,2.517],[116.628,2.419],[116.5,2.442],[116.509,2.341],[116.35,2.292],[116.3,2.233],[116.355,2.157],[116.204,1.989],[116.195,1.851],[116.135,1.661],[116.051,1.562],[115.861,1.433],[115.713,1.268],[115.649,1.286],[115.491,1.252],[115.411,1.187],[115.364,1.062],[115.193,1.07],[115.13,1.13],[115.046,1.115],[114.994,1.186],[114.894,1.215],[114.854,1.169],[114.722,1.268],[114.702,1.353],[114.615,1.364],[114.564,1.426],[114.416,1.51],[114.207,1.41],[114.148,1.379],[114.161,1.266],[114.117,1.154],[113.986,1.144],[113.88,0.928],[113.926,0.841],[113.84,0.668],[113.999,0.655],[114.102,0.702],[114.148,0.588],[114.223,0.532],[114.316,0.545],[114.412,0.496],[114.519,0.566],[114.658,0.707],[114.828,0.75],[114.911,0.795],[114.981,0.744],[115.008,0.618],[115.137,0.424],[115.051,0.317],[114.942,0.334],[114.835,0.229],[114.788,0.097],[114.879,0.057],[114.949,-0.189],[115.042,-0.19],[115.195,-0.073],[115.301,-0.032],[115.228,-0.297],[115.248,-0.449],[115.347,-0.574],[115.369,-0.768],[115.486,-0.84],[115.657,-0.999],[115.674,-1.054],[115.847,-1.155],[115.78,-1.218],[115.756,-1.303]]]},"properties":{"name":"East Kalimantan","iso3":"IDN","isoCode":"ID-KI","id":"IDN-east-kalimantan"}},
{"type":"Feature","geometry":{"type":"MultiPolygon","coordinates":[[[[118.001,2.435],[117.948,2.461],[117.79,2.644],[117.782,2.752],[117.618,2.797],[117.714,2.897],[117.666,2.99],[117.478,3.096],[117.424,3.173],[117.442,3.504],[117.282,3.619],[117.382,3.641],[117.493,3.598],[117.521,3.674],[117.664,3.615],[117.826,3.704],[117.835,3.794],[117.757,3.869],[117.598,3.934],[117.548,4.016],[117.529,4.161],[117.468,4.174],[117.371,4.286],[117.197,4.336],[116.974,4.345],[116.899,4.367],[116.702,4.333],[116.575,4.397],[116.514,4.323],[116.434,4.323],[116.349,4.391],[116.165,4.375],[116.079,4.276],[116.007,4.348],[115.872,4.382],[115.83,4.241],[115.705,4.198],[115.65,3.989],[115.569,3.92],[115.619,3.84],[115.579,3.747],[115.576,3.611],[115.635,3.455],[115.573,3.419],[115.525,3.32],[115.539,3.144],[115.52,3.058],[115.397,2.979],[115.249,2.967],[115.15,2.909],[115.114,2.833],[115.141,2.744],[115.115,2.651],[115.237,2.528],[115.046,2.408],[114.943,2.285],[114.8,2.251],[114.78,2.145],[114.809,2.023],[114.879,1.915],[114.714,1.785],[114.711,1.671],[114.614,1.574],[114.564,1.426],[114.615,1.364],[114.702,1.353],[114.722,1.268],[114.854,1.169],[114.894,1.215],[114.994,1.186],[115.046,1.115],[115.13,1.13],[115.193,1.07],[115.364,1.062],[115.411,1.187],[115.491,1.252],[115.649,1.286],[115.713,1.268],[115.861,1.433],[116.051,1.562],[116.135,1.661],[116.195,1.851],[116.204,1.989],[116.355,2.157],[116.3,2.233],[116.35,2.292],[116.509,2.341],[116.5,2.442],[116.628,2.419],[116.756,2.517],[116.803,2.381],[116.862,2.464],[117.037,2.524],[117.095,2.598],[117.262,2.58],[117.415,2.609],[117.519,2.524],[117.622,2.525],[117.738,2.347],[117.827,2.327],[117.876,2.392],[118.001,2.435]]],[[[117.616,3.263],[117.662,3.42],[117.544,3.439],[117.519,3.366],[117.616,3.263]]],[[[117.639,4.139],[117.601,4.013],[117.667,3.966],[117.753,4.06],[117.639,4.139]]],[[[117.684,4.166],[117.861,4.03],[117.914,4.046],[117.9,4.166],[117.684,4.166]]]]},"properties":{"name":"North Kalimantan","iso3":"IDN","isoCode":"ID-KU","id":"IDN-north-kalimantan"}},
{"type":"Feature","geometry":{"type":"Polygon","coordinates":[[[110.003,-7.888],[110.345,-8.033],[110.434,-8.099],[110.715,-8.198],[110.835,-8.203],[110.786,-8.151],[110.756,-8.025],[110.784,-7.872],[110.723,-7.793],[110.531,-7.798],[110.492,-7.742],[110.455,-7.554],[110.304,-7.655],[110.151,-7.646],[110.13,-7.748],[110.003,-7.888]]]},"properties":{"name":"Special Region of Yogyakarta","iso3":"IDN","isoCode":"ID-YO","id":"IDN-special-region-of-yogyakarta"}},
{"type":"Feature","geometry":{"type":"Polygon","coordinates":[[[106.78,-6.316],[106.795,-6.365],[106.918,-6.35],[106.906,-6.26],[106.974,-6.19],[106.969,-6.092],[106.83,-6.121],[106.726,-6.089],[106.724,-6.185],[106.78,-6.316]]]},"properties":{"name":"Jakarta Special Capital Region","iso3":"IDN","isoCode":"ID-JK","id":"IDN-jakarta-special-capital-region"}}
]}